2026-06-04 12:00:33,294 [INFO] scheduler.runner: [commsec_sync] disabled，跳过
2026-06-04 12:00:33,295 [INFO] apscheduler.scheduler: Adding job tentatively -- it will be properly scheduled when the scheduler starts
2026-06-04 12:00:33,295 [INFO] scheduler.runner: [daily_report] 已注册: 0 10 * * * @ Asia/Shanghai
2026-06-04 12:00:33,295 [INFO] scheduler.runner: [dreaming] disabled，跳过
2026-06-04 12:00:33,295 [INFO] apscheduler.scheduler: Adding job tentatively -- it will be properly scheduled when the scheduler starts
2026-06-04 12:00:33,295 [INFO] scheduler.runner: [event_watch] 已注册: */30 0-7 * * 1-5 @ Asia/Shanghai
2026-06-04 12:00:33,295 [INFO] scheduler.runner: [payday_check] disabled，跳过
2026-06-04 12:00:33,296 [INFO] apscheduler.scheduler: Adding job tentatively -- it will be properly scheduled when the scheduler starts
2026-06-04 12:00:33,296 [INFO] scheduler.runner: [pnl_snapshot] 已注册: 0 9-23/2 * * 1-5 @ Asia/Shanghai
2026-06-04 12:00:33,296 [INFO] scheduler.runner: [weekly_review] disabled，跳过
2026-06-04 12:00:33,298 [INFO] apscheduler.scheduler: Added job "daily_report" to job store "default"
2026-06-04 12:00:33,298 [INFO] apscheduler.scheduler: Added job "event_watch" to job store "default"
2026-06-04 12:00:33,299 [INFO] apscheduler.scheduler: Added job "pnl_snapshot" to job store "default"
2026-06-04 12:00:33,299 [INFO] apscheduler.scheduler: Scheduler started
2026-06-04 12:00:33,299 [INFO] scheduler.runner: 调度器已启动。Ctrl+C 退出。
2026-06-04 13:00:00,001 [INFO] apscheduler.executors.default: Running job "pnl_snapshot (trigger: cron[month='*', day='*', day_of_week='1-5', hour='9-23/2', minute='0'], next run at: 2026-06-04 15:00:00 CST)" (scheduled at 2026-06-04 13:00:00+08:00)
2026-06-04 13:00:00,001 [INFO] scheduler.runner: [pnl_snapshot] 启动 (started=2026-06-04T13:00:00+08:00)
2026-06-04 13:00:00,701 [INFO] yfinance: Failed to create TzCache, reason: Cannot read and write in TzCache folder: '/home/ubuntu/.cache/py-yfinance'. TzCache will not be used. Tip: You can direct cache to use a different location with 'set_tz_cache_location(mylocation)'
2026-06-04 13:00:00,701 [INFO] yfinance: Failed to create CookieCache, reason: Cannot read and write in CookieCache folder: '/home/ubuntu/.cache/py-yfinance'. CookieCache will not be used. Tip: You can direct cache to use a different location with 'set_tz_cache_location(mylocation)'
2026-06-04 13:00:01,893 [WARNING] jobs.pnl_snapshot: benchmark series 拉失败，跳过 outperform 事件: get_all_series() missing 1 required positional argument: 'start_date'
2026-06-04 13:00:04,932 [INFO] scheduler.runner: [pnl_snapshot] 成功
2026-06-04 13:00:04,939 [INFO] apscheduler.executors.default: Job "pnl_snapshot (trigger: cron[month='*', day='*', day_of_week='1-5', hour='9-23/2', minute='0'], next run at: 2026-06-04 15:00:00 CST)" executed successfully
2026-06-04 15:00:00,000 [INFO] apscheduler.executors.default: Running job "pnl_snapshot (trigger: cron[month='*', day='*', day_of_week='1-5', hour='9-23/2', minute='0'], next run at: 2026-06-04 17:00:00 CST)" (scheduled at 2026-06-04 15:00:00+08:00)
2026-06-04 15:00:00,000 [INFO] scheduler.runner: [pnl_snapshot] 启动 (started=2026-06-04T15:00:00+08:00)
2026-06-04 15:00:00,772 [WARNING] jobs.pnl_snapshot: benchmark series 拉失败，跳过 outperform 事件: get_all_series() missing 1 required positional argument: 'start_date'
2026-06-04 15:00:03,668 [INFO] scheduler.runner: [pnl_snapshot] 成功
2026-06-04 15:00:03,680 [INFO] apscheduler.executors.default: Job "pnl_snapshot (trigger: cron[month='*', day='*', day_of_week='1-5', hour='9-23/2', minute='0'], next run at: 2026-06-04 17:00:00 CST)" executed successfully
2026-06-04 17:00:00,000 [INFO] apscheduler.executors.default: Running job "pnl_snapshot (trigger: cron[month='*', day='*', day_of_week='1-5', hour='9-23/2', minute='0'], next run at: 2026-06-04 19:00:00 CST)" (scheduled at 2026-06-04 17:00:00+08:00)
2026-06-04 17:00:00,000 [INFO] scheduler.runner: [pnl_snapshot] 启动 (started=2026-06-04T17:00:00+08:00)
2026-06-04 17:00:00,186 [WARNING] jobs.pnl_snapshot: benchmark series 拉失败，跳过 outperform 事件: get_all_series() missing 1 required positional argument: 'start_date'
2026-06-04 17:00:03,234 [INFO] scheduler.runner: [pnl_snapshot] 成功
2026-06-04 17:00:03,240 [INFO] apscheduler.executors.default: Job "pnl_snapshot (trigger: cron[month='*', day='*', day_of_week='1-5', hour='9-23/2', minute='0'], next run at: 2026-06-04 19:00:00 CST)" executed successfully
2026-06-04 19:00:00,000 [INFO] apscheduler.executors.default: Running job "pnl_snapshot (trigger: cron[month='*', day='*', day_of_week='1-5', hour='9-23/2', minute='0'], next run at: 2026-06-04 21:00:00 CST)" (scheduled at 2026-06-04 19:00:00+08:00)
2026-06-04 19:00:00,000 [INFO] scheduler.runner: [pnl_snapshot] 启动 (started=2026-06-04T19:00:00+08:00)
2026-06-04 19:00:00,137 [WARNING] jobs.pnl_snapshot: benchmark series 拉失败，跳过 outperform 事件: get_all_series() missing 1 required positional argument: 'start_date'
2026-06-04 19:00:03,069 [INFO] scheduler.runner: [pnl_snapshot] 成功
2026-06-04 19:00:03,076 [INFO] apscheduler.executors.default: Job "pnl_snapshot (trigger: cron[month='*', day='*', day_of_week='1-5', hour='9-23/2', minute='0'], next run at: 2026-06-04 21:00:00 CST)" executed successfully
2026-06-04 21:00:00,000 [INFO] apscheduler.executors.default: Running job "pnl_snapshot (trigger: cron[month='*', day='*', day_of_week='1-5', hour='9-23/2', minute='0'], next run at: 2026-06-04 23:00:00 CST)" (scheduled at 2026-06-04 21:00:00+08:00)
2026-06-04 21:00:00,000 [INFO] scheduler.runner: [pnl_snapshot] 启动 (started=2026-06-04T21:00:00+08:00)
2026-06-04 21:00:00,183 [WARNING] jobs.pnl_snapshot: benchmark series 拉失败，跳过 outperform 事件: get_all_series() missing 1 required positional argument: 'start_date'
2026-06-04 21:00:03,434 [INFO] scheduler.runner: [pnl_snapshot] 成功
2026-06-04 21:00:03,441 [INFO] apscheduler.executors.default: Job "pnl_snapshot (trigger: cron[month='*', day='*', day_of_week='1-5', hour='9-23/2', minute='0'], next run at: 2026-06-04 23:00:00 CST)" executed successfully
2026-06-04 23:00:00,000 [INFO] apscheduler.executors.default: Running job "pnl_snapshot (trigger: cron[month='*', day='*', day_of_week='1-5', hour='9-23/2', minute='0'], next run at: 2026-06-05 09:00:00 CST)" (scheduled at 2026-06-04 23:00:00+08:00)
2026-06-04 23:00:00,000 [INFO] scheduler.runner: [pnl_snapshot] 启动 (started=2026-06-04T23:00:00+08:00)
2026-06-04 23:00:00,128 [WARNING] jobs.pnl_snapshot: benchmark series 拉失败，跳过 outperform 事件: get_all_series() missing 1 required positional argument: 'start_date'
2026-06-04 23:00:03,459 [INFO] scheduler.runner: [pnl_snapshot] 成功
2026-06-04 23:00:03,467 [INFO] apscheduler.executors.default: Job "pnl_snapshot (trigger: cron[month='*', day='*', day_of_week='1-5', hour='9-23/2', minute='0'], next run at: 2026-06-05 09:00:00 CST)" executed successfully
2026-06-05 00:00:00,000 [INFO] apscheduler.executors.default: Running job "event_watch (trigger: cron[month='*', day='*', day_of_week='1-5', hour='0-7', minute='*/30'], next run at: 2026-06-05 00:30:00 CST)" (scheduled at 2026-06-05 00:00:00+08:00)
2026-06-05 00:00:00,000 [INFO] scheduler.runner: [event_watch] 启动 (started=2026-06-05T00:00:00+08:00)
2026-06-05 00:00:00,125 [INFO] jobs.event_watch: [event_watch] watched=['GC=F', 'ASIA.AX', '0700.HK', 'NDQ.AX'], queries=5
2026-06-05 00:00:00,280 [INFO] services.news_sources: [news_sources] yfinance:ASIA.AX → 0 items
2026-06-05 00:00:00,296 [INFO] services.news_sources: [news_sources] yfinance:GC=F → 10 items
2026-06-05 00:00:00,316 [INFO] services.news_sources: [news_sources] yfinance:0700.HK → 10 items
2026-06-05 00:00:00,365 [INFO] services.news_sources: [news_sources] yfinance:NDQ.AX → 0 items
2026-06-05 00:00:00,519 [INFO] primp: response: https://duckduckgo.com/?q=GC%3DF+news 200
2026-06-05 00:00:00,523 [INFO] primp: response: https://duckduckgo.com/?q=NDQ.AX+news 200
2026-06-05 00:00:00,549 [INFO] primp: response: https://duckduckgo.com/news.js?l=wt-wt&o=json&noamp=1&q=GC%3DF+news&vqd=4-303880480227370730147074798022107785745&p=-2 403
2026-06-05 00:00:00,696 [INFO] services.news_sources: [news_sources] rss:bbc_business → 15 items
2026-06-05 00:00:00,723 [INFO] primp: response: https://www.bing.com/news/infinitescrollajax?q=Fed+rate+decision&InfiniteScroll=1&first=11&SFX=1&cc=wt&setlang=wt 200
2026-06-05 00:00:00,730 [INFO] primp: response: https://duckduckgo.com/news.js?l=wt-wt&o=json&noamp=1&q=NDQ.AX+news&vqd=4-202413562998311160120844308039086923653&p=-2 200
2026-06-05 00:00:00,736 [INFO] services.news_sources: [news_sources] rss:yahoo_finance_headline → 15 items
2026-06-05 00:00:00,739 [INFO] primp: response: https://news.search.yahoo.com/search?p=Fed+rate+decision 200
2026-06-05 00:00:00,743 [INFO] primp: response: https://news.search.yahoo.com/search?p=GC%3DF+news 200
2026-06-05 00:00:00,745 [INFO] primp: response: https://news.search.yahoo.com/search?p=0700.HK+news 200
2026-06-05 00:00:00,770 [INFO] primp: response: https://www.bing.com/news/infinitescrollajax?q=0700.HK+news&InfiniteScroll=1&first=11&SFX=1&cc=wt&setlang=wt 200
2026-06-05 00:00:00,788 [INFO] primp: response: https://www.bing.com/news/infinitescrollajax?q=ASIA.AX+news&InfiniteScroll=1&first=11&SFX=1&cc=wt&setlang=wt 200
2026-06-05 00:00:00,789 [INFO] primp: response: https://news.search.yahoo.com/search?p=ASIA.AX+news 200
2026-06-05 00:00:00,904 [INFO] primp: response: https://www.bing.com/news/infinitescrollajax?q=NDQ.AX+news&InfiniteScroll=1&first=11&SFX=1&cc=wt&setlang=wt 200
2026-06-05 00:00:00,950 [INFO] primp: response: https://news.search.yahoo.com/search?p=NDQ.AX+news 200
2026-06-05 00:00:01,195 [INFO] services.news_sources: [news_sources] rss:seeking_alpha_market → 7 items
2026-06-05 00:00:01,202 [INFO] services.news_sources: [news_sources] ddgs:ASIA.AX news → 5 items
2026-06-05 00:00:01,223 [INFO] services.news_sources: [news_sources] rss:reuters_business → 0 items
2026-06-05 00:00:01,229 [INFO] services.news_sources: [news_sources] ddgs:0700.HK news → 15 items
2026-06-05 00:00:01,230 [INFO] services.news_sources: [news_sources] ddgs:Fed rate decision → 15 items
2026-06-05 00:00:01,361 [WARNING] services.news_sources.ddgs_news: DDGS query 'NDQ.AX news' 失败: No results found.
2026-06-05 00:00:01,362 [INFO] services.news_sources: [news_sources] ddgs:NDQ.AX news → 0 items
2026-06-05 00:00:01,595 [INFO] primp: response: https://www.bing.com/news/infinitescrollajax?q=GC%3DF+news&InfiniteScroll=1&first=11&SFX=1&cc=wt&setlang=wt 200
2026-06-05 00:00:01,596 [INFO] services.news_sources: [news_sources] rss:ft_markets → 15 items
2026-06-05 00:00:01,601 [INFO] services.news_sources: [news_sources] ddgs:GC=F news → 11 items
2026-06-05 00:00:01,826 [INFO] services.news_sources: [news_sources] rss:caixin_global → 0 items
2026-06-05 00:00:01,831 [INFO] services.news_sources: [news_sources] 总计 118 条 → 去重后 118 条
2026-06-05 00:00:01,831 [INFO] jobs.event_watch: [event_watch] fetched 118 raw items
2026-06-05 00:00:01,913 [INFO] jobs.event_watch: [event_watch] unseen=56 / total=118
2026-06-05 00:01:00,324 [INFO] httpx: HTTP Request: POST https://token-plan-cn.xiaomimimo.com/v1/chat/completions "HTTP/1.1 200 OK"
2026-06-05 00:02:12,009 [INFO] httpx: HTTP Request: POST https://token-plan-cn.xiaomimimo.com/v1/chat/completions "HTTP/1.1 200 OK"
2026-06-05 00:02:31,892 [INFO] httpx: HTTP Request: POST https://token-plan-cn.xiaomimimo.com/v1/chat/completions "HTTP/1.1 200 OK"
2026-06-05 00:02:31,895 [INFO] jobs.event_watch: [event_watch] normalized 56 events
2026-06-05 00:02:32,002 [INFO] jobs.event_watch: [event_watch] triggerable=1
2026-06-05 00:02:35,380 [INFO] scheduler.runner: [event_watch] 成功
2026-06-05 00:02:35,388 [INFO] apscheduler.executors.default: Job "event_watch (trigger: cron[month='*', day='*', day_of_week='1-5', hour='0-7', minute='*/30'], next run at: 2026-06-05 00:30:00 CST)" executed successfully
2026-06-05 00:30:00,000 [INFO] apscheduler.executors.default: Running job "event_watch (trigger: cron[month='*', day='*', day_of_week='1-5', hour='0-7', minute='*/30'], next run at: 2026-06-05 01:00:00 CST)" (scheduled at 2026-06-05 00:30:00+08:00)
2026-06-05 00:30:00,000 [INFO] scheduler.runner: [event_watch] 启动 (started=2026-06-05T00:30:00+08:00)
2026-06-05 00:30:00,002 [INFO] jobs.event_watch: [event_watch] watched=['GC=F', 'ASIA.AX', '0700.HK', 'NDQ.AX'], queries=5
2026-06-05 00:30:00,109 [INFO] primp: response: https://duckduckgo.com/?q=GC%3DF+news 200
2026-06-05 00:30:00,109 [INFO] primp: response: https://duckduckgo.com/?q=Fed+rate+decision 200
2026-06-05 00:30:00,131 [INFO] primp: response: https://duckduckgo.com/news.js?l=wt-wt&o=json&noamp=1&q=GC%3DF+news&vqd=4-303880480227370730147074798022107785745&p=-2 403
2026-06-05 00:30:00,136 [INFO] primp: response: https://duckduckgo.com/news.js?l=wt-wt&o=json&noamp=1&q=Fed+rate+decision&vqd=4-203752358759214538567178733606631294614&p=-2 403
2026-06-05 00:30:00,229 [INFO] services.news_sources: [news_sources] yfinance:ASIA.AX → 0 items
2026-06-05 00:30:00,243 [INFO] primp: response: https://duckduckgo.com/?q=NDQ.AX+news 200
2026-06-05 00:30:00,245 [INFO] primp: response: https://www.bing.com/news/infinitescrollajax?q=NDQ.AX+news&InfiniteScroll=1&first=11&SFX=1&cc=wt&setlang=wt 200
2026-06-05 00:30:00,258 [INFO] services.news_sources: [news_sources] yfinance:GC=F → 10 items
2026-06-05 00:30:00,268 [INFO] primp: response: https://duckduckgo.com/?q=0700.HK+news 200
2026-06-05 00:30:00,284 [INFO] services.news_sources: [news_sources] yfinance:0700.HK → 10 items
2026-06-05 00:30:00,288 [INFO] services.news_sources: [news_sources] yfinance:NDQ.AX → 0 items
2026-06-05 00:30:00,292 [INFO] primp: response: https://duckduckgo.com/news.js?l=wt-wt&o=json&noamp=1&q=0700.HK+news&vqd=4-336199000306346398588575330099713565869&p=-2 403
2026-06-05 00:30:00,308 [INFO] primp: response: https://www.bing.com/news/infinitescrollajax?q=ASIA.AX+news&InfiniteScroll=1&first=11&SFX=1&cc=wt&setlang=wt 200
2026-06-05 00:30:00,329 [INFO] primp: response: https://news.search.yahoo.com/search?p=GC%3DF+news 200
2026-06-05 00:30:00,331 [INFO] primp: response: https://news.search.yahoo.com/search?p=ASIA.AX+news 200
2026-06-05 00:30:00,332 [INFO] primp: response: https://news.search.yahoo.com/search?p=Fed+rate+decision 200
2026-06-05 00:30:00,430 [INFO] services.news_sources: [news_sources] rss:bbc_business → 15 items
2026-06-05 00:30:00,455 [INFO] primp: response: https://duckduckgo.com/news.js?l=wt-wt&o=json&noamp=1&q=NDQ.AX+news&vqd=4-202413562998311160120844308039086923653&p=-2 200
2026-06-05 00:30:00,462 [INFO] services.news_sources: [news_sources] rss:yahoo_finance_headline → 15 items
2026-06-05 00:30:00,513 [INFO] primp: response: https://news.search.yahoo.com/search?p=NDQ.AX+news 200
2026-06-05 00:30:00,631 [INFO] primp: response: https://www.bing.com/news/infinitescrollajax?q=0700.HK+news&InfiniteScroll=1&first=11&SFX=1&cc=wt&setlang=wt 200
2026-06-05 00:30:00,660 [INFO] services.news_sources: [news_sources] rss:seeking_alpha_market → 7 items
2026-06-05 00:30:00,682 [INFO] primp: response: https://news.search.yahoo.com/search?p=0700.HK+news 200
2026-06-05 00:30:00,780 [INFO] services.news_sources: [news_sources] rss:ft_markets → 15 items
2026-06-05 00:30:00,847 [INFO] services.news_sources: [news_sources] ddgs:ASIA.AX news → 5 items
2026-06-05 00:30:00,908 [WARNING] services.news_sources.ddgs_news: DDGS query 'NDQ.AX news' 失败: No results found.
2026-06-05 00:30:00,908 [INFO] services.news_sources: [news_sources] rss:reuters_business → 0 items
2026-06-05 00:30:00,909 [INFO] services.news_sources: [news_sources] ddgs:NDQ.AX news → 0 items
2026-06-05 00:30:01,082 [INFO] services.news_sources: [news_sources] ddgs:0700.HK news → 15 items
2026-06-05 00:30:01,200 [INFO] primp: response: https://www.bing.com/news/infinitescrollajax?q=Fed+rate+decision&InfiniteScroll=1&first=11&SFX=1&cc=wt&setlang=wt 200
2026-06-05 00:30:01,204 [INFO] services.news_sources: [news_sources] ddgs:Fed rate decision → 15 items
2026-06-05 00:30:01,220 [INFO] primp: response: https://www.bing.com/news/infinitescrollajax?q=GC%3DF+news&InfiniteScroll=1&first=11&SFX=1&cc=wt&setlang=wt 200
2026-06-05 00:30:01,222 [INFO] services.news_sources: [news_sources] ddgs:GC=F news → 11 items
2026-06-05 00:30:01,371 [INFO] services.news_sources: [news_sources] rss:caixin_global → 0 items
2026-06-05 00:30:01,378 [INFO] services.news_sources: [news_sources] 总计 118 条 → 去重后 118 条
2026-06-05 00:30:01,378 [INFO] jobs.event_watch: [event_watch] fetched 118 raw items
2026-06-05 00:30:01,394 [INFO] jobs.event_watch: [event_watch] unseen=20 / total=118
2026-06-05 00:30:39,295 [INFO] httpx: HTTP Request: POST https://token-plan-cn.xiaomimimo.com/v1/chat/completions "HTTP/1.1 200 OK"
2026-06-05 00:30:39,302 [INFO] jobs.event_watch: [event_watch] normalized 20 events
2026-06-05 00:30:39,341 [INFO] jobs.event_watch: [event_watch] triggerable=0
2026-06-05 00:30:39,342 [INFO] scheduler.runner: [event_watch] 成功
2026-06-05 00:30:39,348 [INFO] apscheduler.executors.default: Job "event_watch (trigger: cron[month='*', day='*', day_of_week='1-5', hour='0-7', minute='*/30'], next run at: 2026-06-05 01:00:00 CST)" executed successfully
2026-06-05 01:00:00,000 [INFO] apscheduler.executors.default: Running job "event_watch (trigger: cron[month='*', day='*', day_of_week='1-5', hour='0-7', minute='*/30'], next run at: 2026-06-05 01:30:00 CST)" (scheduled at 2026-06-05 01:00:00+08:00)
2026-06-05 01:00:00,000 [INFO] scheduler.runner: [event_watch] 启动 (started=2026-06-05T01:00:00+08:00)
2026-06-05 01:00:00,002 [INFO] jobs.event_watch: [event_watch] watched=['GC=F', 'ASIA.AX', '0700.HK', 'NDQ.AX'], queries=5
2026-06-05 01:00:00,087 [INFO] primp: response: https://duckduckgo.com/?q=GC%3DF+news 200
2026-06-05 01:00:00,089 [INFO] primp: response: https://duckduckgo.com/?q=ASIA.AX+news 200
2026-06-05 01:00:00,096 [INFO] primp: response: https://duckduckgo.com/?q=0700.HK+news 200
2026-06-05 01:00:00,100 [INFO] primp: response: https://duckduckgo.com/?q=NDQ.AX+news 200
2026-06-05 01:00:00,109 [INFO] primp: response: https://duckduckgo.com/news.js?l=wt-wt&o=json&noamp=1&q=GC%3DF+news&vqd=4-303880765448755733979877385580080718849&p=-2 403
2026-06-05 01:00:00,117 [INFO] primp: response: https://duckduckgo.com/news.js?l=wt-wt&o=json&noamp=1&q=0700.HK+news&vqd=4-336199201862791844616931045522516765373&p=-2 403
2026-06-05 01:00:00,136 [INFO] services.news_sources: [news_sources] yfinance:ASIA.AX → 0 items
2026-06-05 01:00:00,149 [INFO] services.news_sources: [news_sources] yfinance:GC=F → 10 items
2026-06-05 01:00:00,203 [INFO] primp: response: https://duckduckgo.com/?q=Fed+rate+decision 200
2026-06-05 01:00:00,225 [INFO] services.news_sources: [news_sources] yfinance:NDQ.AX → 0 items
2026-06-05 01:00:00,266 [INFO] primp: response: https://www.bing.com/news/infinitescrollajax?q=NDQ.AX+news&InfiniteScroll=1&first=11&SFX=1&cc=wt&setlang=wt 200
2026-06-05 01:00:00,266 [INFO] services.news_sources: [news_sources] rss:bbc_business → 15 items
2026-06-05 01:00:00,277 [INFO] services.news_sources: [news_sources] yfinance:0700.HK → 10 items
2026-06-05 01:00:00,287 [INFO] primp: response: https://www.bing.com/news/infinitescrollajax?q=ASIA.AX+news&InfiniteScroll=1&first=11&SFX=1&cc=wt&setlang=wt 200
2026-06-05 01:00:00,309 [INFO] primp: response: https://duckduckgo.com/news.js?l=wt-wt&o=json&noamp=1&q=NDQ.AX+news&vqd=4-202413280312227375633966446157008228757&p=-2 200
2026-06-05 01:00:00,309 [INFO] services.news_sources: [news_sources] rss:yahoo_finance_headline → 15 items
2026-06-05 01:00:00,324 [INFO] primp: response: https://www.bing.com/news/infinitescrollajax?q=Fed+rate+decision&InfiniteScroll=1&first=11&SFX=1&cc=wt&setlang=wt 200
2026-06-05 01:00:00,369 [INFO] primp: response: https://duckduckgo.com/news.js?l=wt-wt&o=json&noamp=1&q=ASIA.AX+news&vqd=4-124674432026106831653566559561632601823&p=-2 200
2026-06-05 01:00:00,503 [INFO] primp: response: https://duckduckgo.com/news.js?l=wt-wt&o=json&noamp=1&q=Fed+rate+decision&vqd=4-203752400591684374137799959711912216710&p=-2 200
2026-06-05 01:00:00,506 [INFO] services.news_sources: [news_sources] ddgs:Fed rate decision → 15 items
2026-06-05 01:00:00,594 [INFO] services.news_sources: [news_sources] rss:seeking_alpha_market → 7 items
2026-06-05 01:00:00,638 [INFO] primp: response: https://news.search.yahoo.com/search?p=0700.HK+news 200
2026-06-05 01:00:00,645 [INFO] primp: response: https://news.search.yahoo.com/search?p=GC%3DF+news 200
2026-06-05 01:00:00,645 [INFO] primp: response: https://news.search.yahoo.com/search?p=ASIA.AX+news 200
2026-06-05 01:00:00,674 [INFO] primp: response: https://news.search.yahoo.com/search?p=NDQ.AX+news 200
2026-06-05 01:00:00,684 [INFO] services.news_sources: [news_sources] rss:reuters_business → 0 items
2026-06-05 01:00:00,888 [INFO] services.news_sources: [news_sources] rss:caixin_global → 0 items
2026-06-05 01:00:01,007 [INFO] services.news_sources: [news_sources] ddgs:ASIA.AX news → 5 items
2026-06-05 01:00:01,053 [WARNING] services.news_sources.ddgs_news: DDGS query 'NDQ.AX news' 失败: No results found.
2026-06-05 01:00:01,053 [INFO] services.news_sources: [news_sources] ddgs:NDQ.AX news → 0 items
2026-06-05 01:00:01,236 [INFO] services.news_sources: [news_sources] rss:ft_markets → 15 items
2026-06-05 01:00:01,372 [INFO] primp: response: https://www.bing.com/news/infinitescrollajax?q=0700.HK+news&InfiniteScroll=1&first=11&SFX=1&cc=wt&setlang=wt 200
2026-06-05 01:00:01,384 [INFO] services.news_sources: [news_sources] ddgs:0700.HK news → 15 items
2026-06-05 01:00:01,410 [INFO] primp: response: https://www.bing.com/news/infinitescrollajax?q=GC%3DF+news&InfiniteScroll=1&first=11&SFX=1&cc=wt&setlang=wt 200
2026-06-05 01:00:01,419 [INFO] services.news_sources: [news_sources] ddgs:GC=F news → 11 items
2026-06-05 01:00:01,423 [INFO] services.news_sources: [news_sources] 总计 118 条 → 去重后 118 条
2026-06-05 01:00:01,423 [INFO] jobs.event_watch: [event_watch] fetched 118 raw items
2026-06-05 01:00:01,439 [INFO] jobs.event_watch: [event_watch] unseen=20 / total=118
2026-06-05 01:00:46,133 [INFO] httpx: HTTP Request: POST https://token-plan-cn.xiaomimimo.com/v1/chat/completions "HTTP/1.1 200 OK"
2026-06-05 01:00:46,140 [INFO] jobs.event_watch: [event_watch] normalized 20 events
2026-06-05 01:00:46,163 [INFO] jobs.event_watch: [event_watch] triggerable=0
2026-06-05 01:00:46,164 [INFO] scheduler.runner: [event_watch] 成功
2026-06-05 01:00:46,171 [INFO] apscheduler.executors.default: Job "event_watch (trigger: cron[month='*', day='*', day_of_week='1-5', hour='0-7', minute='*/30'], next run at: 2026-06-05 01:30:00 CST)" executed successfully
2026-06-05 01:30:00,001 [INFO] apscheduler.executors.default: Running job "event_watch (trigger: cron[month='*', day='*', day_of_week='1-5', hour='0-7', minute='*/30'], next run at: 2026-06-05 02:00:00 CST)" (scheduled at 2026-06-05 01:30:00+08:00)
2026-06-05 01:30:00,001 [INFO] scheduler.runner: [event_watch] 启动 (started=2026-06-05T01:30:00+08:00)
2026-06-05 01:30:00,002 [INFO] jobs.event_watch: [event_watch] watched=['GC=F', 'ASIA.AX', '0700.HK', 'NDQ.AX'], queries=5
2026-06-05 01:30:00,091 [INFO] primp: response: https://duckduckgo.com/?q=ASIA.AX+news 200
2026-06-05 01:30:00,092 [INFO] primp: response: https://duckduckgo.com/?q=GC%3DF+news 200
2026-06-05 01:30:00,094 [INFO] primp: response: https://duckduckgo.com/?q=0700.HK+news 200
2026-06-05 01:30:00,095 [INFO] primp: response: https://duckduckgo.com/?q=Fed+rate+decision 200
2026-06-05 01:30:00,095 [INFO] primp: response: https://duckduckgo.com/?q=NDQ.AX+news 200
2026-06-05 01:30:00,116 [INFO] primp: response: https://duckduckgo.com/news.js?l=wt-wt&o=json&noamp=1&q=0700.HK+news&vqd=4-336199201862791844616931045522516765373&p=-2 403
2026-06-05 01:30:00,116 [INFO] primp: response: https://duckduckgo.com/news.js?l=wt-wt&o=json&noamp=1&q=GC%3DF+news&vqd=4-303880765448755733979877385580080718849&p=-2 403
2026-06-05 01:30:00,116 [INFO] primp: response: https://duckduckgo.com/news.js?l=wt-wt&o=json&noamp=1&q=Fed+rate+decision&vqd=4-203752400591684374137799959711912216710&p=-2 403
2026-06-05 01:30:00,118 [INFO] primp: response: https://duckduckgo.com/news.js?l=wt-wt&o=json&noamp=1&q=ASIA.AX+news&vqd=4-124674432026106831653566559561632601823&p=-2 403
2026-06-05 01:30:00,119 [INFO] primp: response: https://duckduckgo.com/news.js?l=wt-wt&o=json&noamp=1&q=NDQ.AX+news&vqd=4-202413280312227375633966446157008228757&p=-2 403
2026-06-05 01:30:00,160 [INFO] services.news_sources: [news_sources] yfinance:ASIA.AX → 0 items
2026-06-05 01:30:00,161 [INFO] services.news_sources: [news_sources] yfinance:GC=F → 10 items
2026-06-05 01:30:00,207 [INFO] services.news_sources: [news_sources] yfinance:0700.HK → 10 items
2026-06-05 01:30:00,220 [INFO] services.news_sources: [news_sources] yfinance:NDQ.AX → 0 items
2026-06-05 01:30:00,329 [INFO] primp: response: https://www.bing.com/news/infinitescrollajax?q=NDQ.AX+news&InfiniteScroll=1&first=11&SFX=1&cc=wt&setlang=wt 200
2026-06-05 01:30:00,455 [INFO] services.news_sources: [news_sources] rss:bbc_business → 15 items
2026-06-05 01:30:00,485 [INFO] services.news_sources: [news_sources] rss:yahoo_finance_headline → 15 items
2026-06-05 01:30:00,502 [INFO] primp: response: https://news.search.yahoo.com/search?p=Fed+rate+decision 200
2026-06-05 01:30:00,502 [INFO] primp: response: https://news.search.yahoo.com/search?p=ASIA.AX+news 200
2026-06-05 01:30:00,506 [INFO] primp: response: https://news.search.yahoo.com/search?p=GC%3DF+news 200
2026-06-05 01:30:00,521 [INFO] primp: response: https://news.search.yahoo.com/search?p=NDQ.AX+news 200
2026-06-05 01:30:00,521 [INFO] primp: response: https://news.search.yahoo.com/search?p=0700.HK+news 200
2026-06-05 01:30:00,747 [INFO] services.news_sources: [news_sources] rss:seeking_alpha_market → 7 items
2026-06-05 01:30:00,932 [WARNING] services.news_sources.ddgs_news: DDGS query 'NDQ.AX news' 失败: No results found.
2026-06-05 01:30:00,933 [INFO] services.news_sources: [news_sources] ddgs:NDQ.AX news → 0 items
2026-06-05 01:30:00,971 [INFO] services.news_sources: [news_sources] rss:ft_markets → 15 items
2026-06-05 01:30:01,166 [INFO] primp: response: https://www.bing.com/news/infinitescrollajax?q=ASIA.AX+news&InfiniteScroll=1&first=11&SFX=1&cc=wt&setlang=wt 200
2026-06-05 01:30:01,202 [INFO] primp: response: https://www.bing.com/news/infinitescrollajax?q=GC%3DF+news&InfiniteScroll=1&first=11&SFX=1&cc=wt&setlang=wt 200
2026-06-05 01:30:01,204 [INFO] services.news_sources: [news_sources] rss:reuters_business → 0 items
2026-06-05 01:30:01,206 [INFO] services.news_sources: [news_sources] ddgs:ASIA.AX news → 5 items
2026-06-05 01:30:01,207 [INFO] primp: response: https://www.bing.com/news/infinitescrollajax?q=0700.HK+news&InfiniteScroll=1&first=11&SFX=1&cc=wt&setlang=wt 200
2026-06-05 01:30:01,212 [INFO] services.news_sources: [news_sources] ddgs:0700.HK news → 15 items
2026-06-05 01:30:01,219 [INFO] services.news_sources: [news_sources] ddgs:GC=F news → 11 items
2026-06-05 01:30:01,247 [INFO] primp: response: https://www.bing.com/news/infinitescrollajax?q=Fed+rate+decision&InfiniteScroll=1&first=11&SFX=1&cc=wt&setlang=wt 200
2026-06-05 01:30:01,250 [INFO] services.news_sources: [news_sources] ddgs:Fed rate decision → 15 items
2026-06-05 01:30:01,252 [INFO] services.news_sources: [news_sources] rss:caixin_global → 0 items
2026-06-05 01:30:01,259 [INFO] services.news_sources: [news_sources] 总计 118 条 → 去重后 118 条
2026-06-05 01:30:01,259 [INFO] jobs.event_watch: [event_watch] fetched 118 raw items
2026-06-05 01:30:01,275 [INFO] jobs.event_watch: [event_watch] unseen=18 / total=118
2026-06-05 01:30:37,104 [INFO] httpx: HTTP Request: POST https://token-plan-cn.xiaomimimo.com/v1/chat/completions "HTTP/1.1 200 OK"
2026-06-05 01:30:37,111 [INFO] jobs.event_watch: [event_watch] normalized 18 events
2026-06-05 01:30:37,136 [INFO] jobs.event_watch: [event_watch] triggerable=0
2026-06-05 01:30:37,137 [INFO] scheduler.runner: [event_watch] 成功
2026-06-05 01:30:37,143 [INFO] apscheduler.executors.default: Job "event_watch (trigger: cron[month='*', day='*', day_of_week='1-5', hour='0-7', minute='*/30'], next run at: 2026-06-05 02:00:00 CST)" executed successfully
2026-06-05 02:00:00,000 [INFO] apscheduler.executors.default: Running job "event_watch (trigger: cron[month='*', day='*', day_of_week='1-5', hour='0-7', minute='*/30'], next run at: 2026-06-05 02:30:00 CST)" (scheduled at 2026-06-05 02:00:00+08:00)
2026-06-05 02:00:00,000 [INFO] scheduler.runner: [event_watch] 启动 (started=2026-06-05T02:00:00+08:00)
2026-06-05 02:00:00,002 [INFO] jobs.event_watch: [event_watch] watched=['GC=F', 'ASIA.AX', '0700.HK', 'NDQ.AX'], queries=5
2026-06-05 02:00:00,098 [INFO] primp: response: https://duckduckgo.com/?q=ASIA.AX+news 200
2026-06-05 02:00:00,099 [INFO] primp: response: https://duckduckgo.com/?q=GC%3DF+news 200
2026-06-05 02:00:00,121 [INFO] primp: response: https://duckduckgo.com/news.js?l=wt-wt&o=json&noamp=1&q=GC%3DF+news&vqd=4-303881045599538299120830504194079127089&p=-2 403
2026-06-05 02:00:00,302 [INFO] primp: response: https://duckduckgo.com/news.js?l=wt-wt&o=json&noamp=1&q=ASIA.AX+news&vqd=4-124674798377130230613289136118257304815&p=-2 200
2026-06-05 02:00:00,428 [INFO] services.news_sources: [news_sources] yfinance:ASIA.AX → 0 items
2026-06-05 02:00:00,430 [INFO] primp: response: https://www.bing.com/news/infinitescrollajax?q=GC%3DF+news&InfiniteScroll=1&first=11&SFX=1&cc=wt&setlang=wt 200
2026-06-05 02:00:00,453 [INFO] primp: response: https://www.bing.com/news/infinitescrollajax?q=NDQ.AX+news&InfiniteScroll=1&first=11&SFX=1&cc=wt&setlang=wt 200
2026-06-05 02:00:00,464 [INFO] services.news_sources: [news_sources] yfinance:0700.HK → 10 items
2026-06-05 02:00:00,467 [INFO] services.news_sources: [news_sources] yfinance:GC=F → 10 items
2026-06-05 02:00:00,467 [INFO] primp: response: https://news.search.yahoo.com/search?p=Fed+rate+decision 200
2026-06-05 02:00:00,469 [INFO] primp: response: https://news.search.yahoo.com/search?p=NDQ.AX+news 200
2026-06-05 02:00:00,473 [INFO] primp: response: https://news.search.yahoo.com/search?p=0700.HK+news 200
2026-06-05 02:00:00,479 [INFO] primp: response: https://news.search.yahoo.com/search?p=ASIA.AX+news 200
2026-06-05 02:00:00,479 [INFO] primp: response: https://news.search.yahoo.com/search?p=GC%3DF+news 200
2026-06-05 02:00:00,486 [INFO] primp: response: https://www.bing.com/news/infinitescrollajax?q=0700.HK+news&InfiniteScroll=1&first=11&SFX=1&cc=wt&setlang=wt 200
2026-06-05 02:00:00,486 [INFO] services.news_sources: [news_sources] yfinance:NDQ.AX → 0 items
2026-06-05 02:00:00,503 [INFO] primp: response: https://www.bing.com/news/infinitescrollajax?q=Fed+rate+decision&InfiniteScroll=1&first=11&SFX=1&cc=wt&setlang=wt 200
2026-06-05 02:00:00,722 [INFO] services.news_sources: [news_sources] rss:bbc_business → 15 items
2026-06-05 02:00:00,749 [INFO] services.news_sources: [news_sources] rss:yahoo_finance_headline → 15 items
2026-06-05 02:00:00,863 [INFO] services.news_sources: [news_sources] ddgs:0700.HK news → 14 items
2026-06-05 02:00:00,868 [INFO] services.news_sources: [news_sources] ddgs:GC=F news → 11 items
2026-06-05 02:00:00,872 [INFO] services.news_sources: [news_sources] ddgs:Fed rate decision → 15 items
2026-06-05 02:00:00,950 [INFO] primp: response: https://duckduckgo.com/?q=NDQ.AX+news 200
2026-06-05 02:00:00,971 [INFO] primp: response: https://duckduckgo.com/news.js?l=wt-wt&o=json&noamp=1&q=NDQ.AX+news&vqd=4-202413641592648505907032932678839583653&p=-2 403
2026-06-05 02:00:00,972 [WARNING] services.news_sources.ddgs_news: DDGS query 'NDQ.AX news' 失败: No results found.
2026-06-05 02:00:00,972 [INFO] services.news_sources: [news_sources] ddgs:NDQ.AX news → 0 items
2026-06-05 02:00:01,066 [INFO] services.news_sources: [news_sources] rss:seeking_alpha_market → 7 items
2026-06-05 02:00:01,130 [INFO] primp: response: https://www.bing.com/news/infinitescrollajax?q=ASIA.AX+news&InfiniteScroll=1&first=11&SFX=1&cc=wt&setlang=wt 200
2026-06-05 02:00:01,132 [INFO] services.news_sources: [news_sources] ddgs:ASIA.AX news → 5 items
2026-06-05 02:00:01,275 [INFO] services.news_sources: [news_sources] rss:ft_markets → 15 items
2026-06-05 02:00:01,477 [INFO] services.news_sources: [news_sources] rss:reuters_business → 0 items
2026-06-05 02:00:01,532 [INFO] services.news_sources: [news_sources] rss:caixin_global → 0 items
2026-06-05 02:00:01,537 [INFO] services.news_sources: [news_sources] 总计 117 条 → 去重后 117 条
2026-06-05 02:00:01,537 [INFO] jobs.event_watch: [event_watch] fetched 117 raw items
2026-06-05 02:00:01,552 [INFO] jobs.event_watch: [event_watch] unseen=14 / total=117
2026-06-05 02:00:29,662 [INFO] httpx: HTTP Request: POST https://token-plan-cn.xiaomimimo.com/v1/chat/completions "HTTP/1.1 200 OK"
2026-06-05 02:00:29,667 [INFO] jobs.event_watch: [event_watch] normalized 14 events
2026-06-05 02:00:29,696 [INFO] jobs.event_watch: [event_watch] triggerable=1
2026-06-05 02:00:32,424 [INFO] scheduler.runner: [event_watch] 成功
2026-06-05 02:00:32,431 [INFO] apscheduler.executors.default: Job "event_watch (trigger: cron[month='*', day='*', day_of_week='1-5', hour='0-7', minute='*/30'], next run at: 2026-06-05 02:30:00 CST)" executed successfully
2026-06-05 02:30:00,000 [INFO] apscheduler.executors.default: Running job "event_watch (trigger: cron[month='*', day='*', day_of_week='1-5', hour='0-7', minute='*/30'], next run at: 2026-06-05 03:00:00 CST)" (scheduled at 2026-06-05 02:30:00+08:00)
2026-06-05 02:30:00,000 [INFO] scheduler.runner: [event_watch] 启动 (started=2026-06-05T02:30:00+08:00)
2026-06-05 02:30:00,002 [INFO] jobs.event_watch: [event_watch] watched=['GC=F', 'ASIA.AX', '0700.HK', 'NDQ.AX'], queries=5
2026-06-05 02:30:00,088 [INFO] primp: response: https://duckduckgo.com/?q=Fed+rate+decision 200
2026-06-05 02:30:00,093 [INFO] primp: response: https://duckduckgo.com/?q=ASIA.AX+news 200
2026-06-05 02:30:00,097 [INFO] primp: response: https://duckduckgo.com/?q=0700.HK+news 200
2026-06-05 02:30:00,101 [INFO] primp: response: https://duckduckgo.com/?q=GC%3DF+news 200
2026-06-05 02:30:00,108 [INFO] primp: response: https://duckduckgo.com/news.js?l=wt-wt&o=json&noamp=1&q=Fed+rate+decision&vqd=4-203752761872105353885434773840037862070&p=-2 403
2026-06-05 02:30:00,113 [INFO] primp: response: https://duckduckgo.com/news.js?l=wt-wt&o=json&noamp=1&q=ASIA.AX+news&vqd=4-124674798377130230613289136118257304815&p=-2 403
2026-06-05 02:30:00,123 [INFO] primp: response: https://duckduckgo.com/news.js?l=wt-wt&o=json&noamp=1&q=GC%3DF+news&vqd=4-303881045599538299120830504194079127089&p=-2 403
2026-06-05 02:30:00,235 [INFO] primp: response: https://www.bing.com/news/infinitescrollajax?q=GC%3DF+news&InfiniteScroll=1&first=11&SFX=1&cc=wt&setlang=wt 200
2026-06-05 02:30:00,257 [INFO] primp: response: https://www.bing.com/news/infinitescrollajax?q=Fed+rate+decision&InfiniteScroll=1&first=11&SFX=1&cc=wt&setlang=wt 200
2026-06-05 02:30:00,287 [INFO] primp: response: https://news.search.yahoo.com/search?p=0700.HK+news 200
2026-06-05 02:30:00,288 [INFO] primp: response: https://news.search.yahoo.com/search?p=ASIA.AX+news 200
2026-06-05 02:30:00,288 [INFO] primp: response: https://news.search.yahoo.com/search?p=NDQ.AX+news 200
2026-06-05 02:30:00,292 [INFO] primp: response: https://news.search.yahoo.com/search?p=GC%3DF+news 200
2026-06-05 02:30:00,304 [INFO] primp: response: https://duckduckgo.com/news.js?l=wt-wt&o=json&noamp=1&q=0700.HK+news&vqd=4-336198916641406877382468665019922151565&p=-2 200
2026-06-05 02:30:00,307 [INFO] primp: response: https://news.search.yahoo.com/search?p=Fed+rate+decision 200
2026-06-05 02:30:00,335 [INFO] primp: response: https://www.bing.com/news/infinitescrollajax?q=NDQ.AX+news&InfiniteScroll=1&first=11&SFX=1&cc=wt&setlang=wt 200
2026-06-05 02:30:00,359 [INFO] services.news_sources: [news_sources] yfinance:ASIA.AX → 0 items
2026-06-05 02:30:00,381 [INFO] services.news_sources: [news_sources] yfinance:GC=F → 10 items
2026-06-05 02:30:00,386 [INFO] services.news_sources: [news_sources] yfinance:0700.HK → 10 items
2026-06-05 02:30:00,415 [INFO] services.news_sources: [news_sources] yfinance:NDQ.AX → 0 items
2026-06-05 02:30:00,629 [INFO] services.news_sources: [news_sources] rss:bbc_business → 15 items
2026-06-05 02:30:00,654 [INFO] services.news_sources: [news_sources] rss:yahoo_finance_headline → 15 items
2026-06-05 02:30:00,673 [INFO] services.news_sources: [news_sources] ddgs:GC=F news → 11 items
2026-06-05 02:30:00,721 [INFO] services.news_sources: [news_sources] ddgs:Fed rate decision → 15 items
2026-06-05 02:30:00,741 [INFO] primp: response: https://duckduckgo.com/?q=NDQ.AX+news 200
2026-06-05 02:30:00,896 [INFO] primp: response: https://www.bing.com/news/infinitescrollajax?q=ASIA.AX+news&InfiniteScroll=1&first=11&SFX=1&cc=wt&setlang=wt 200
2026-06-05 02:30:00,901 [INFO] primp: response: https://www.bing.com/news/infinitescrollajax?q=0700.HK+news&InfiniteScroll=1&first=11&SFX=1&cc=wt&setlang=wt 200
2026-06-05 02:30:00,901 [INFO] services.news_sources: [news_sources] ddgs:ASIA.AX news → 5 items
2026-06-05 02:30:00,904 [INFO] services.news_sources: [news_sources] ddgs:0700.HK news → 15 items
2026-06-05 02:30:00,927 [INFO] services.news_sources: [news_sources] rss:seeking_alpha_market → 7 items
2026-06-05 02:30:00,945 [INFO] primp: response: https://duckduckgo.com/news.js?l=wt-wt&o=json&noamp=1&q=NDQ.AX+news&vqd=4-202413641592648505907032932678839583653&p=-2 200
2026-06-05 02:30:00,945 [WARNING] services.news_sources.ddgs_news: DDGS query 'NDQ.AX news' 失败: No results found.
2026-06-05 02:30:00,948 [INFO] services.news_sources: [news_sources] ddgs:NDQ.AX news → 0 items
2026-06-05 02:30:01,014 [INFO] services.news_sources: [news_sources] rss:ft_markets → 15 items
2026-06-05 02:30:01,224 [INFO] services.news_sources: [news_sources] rss:reuters_business → 0 items
2026-06-05 02:30:01,711 [INFO] services.news_sources: [news_sources] rss:caixin_global → 0 items
2026-06-05 02:30:01,717 [INFO] services.news_sources: [news_sources] 总计 118 条 → 去重后 118 条
2026-06-05 02:30:01,717 [INFO] jobs.event_watch: [event_watch] fetched 118 raw items
2026-06-05 02:30:01,734 [INFO] jobs.event_watch: [event_watch] unseen=21 / total=118
2026-06-05 02:30:39,246 [INFO] httpx: HTTP Request: POST https://token-plan-cn.xiaomimimo.com/v1/chat/completions "HTTP/1.1 200 OK"
2026-06-05 02:30:39,254 [INFO] jobs.event_watch: [event_watch] normalized 21 events
2026-06-05 02:30:39,278 [INFO] jobs.event_watch: [event_watch] triggerable=1
2026-06-05 02:30:41,967 [INFO] scheduler.runner: [event_watch] 成功
2026-06-05 02:30:41,975 [INFO] apscheduler.executors.default: Job "event_watch (trigger: cron[month='*', day='*', day_of_week='1-5', hour='0-7', minute='*/30'], next run at: 2026-06-05 03:00:00 CST)" executed successfully
2026-06-05 03:00:00,000 [INFO] apscheduler.executors.default: Running job "event_watch (trigger: cron[month='*', day='*', day_of_week='1-5', hour='0-7', minute='*/30'], next run at: 2026-06-05 03:30:00 CST)" (scheduled at 2026-06-05 03:00:00+08:00)
2026-06-05 03:00:00,000 [INFO] scheduler.runner: [event_watch] 启动 (started=2026-06-05T03:00:00+08:00)
2026-06-05 03:00:00,002 [INFO] jobs.event_watch: [event_watch] watched=['GC=F', 'ASIA.AX', '0700.HK', 'NDQ.AX'], queries=5
2026-06-05 03:00:00,233 [INFO] primp: response: https://www.bing.com/news/infinitescrollajax?q=0700.HK+news&InfiniteScroll=1&first=11&SFX=1&cc=wt&setlang=wt 200
2026-06-05 03:00:00,234 [INFO] services.news_sources: [news_sources] yfinance:ASIA.AX → 0 items
2026-06-05 03:00:00,236 [INFO] primp: response: https://www.bing.com/news/infinitescrollajax?q=ASIA.AX+news&InfiniteScroll=1&first=11&SFX=1&cc=wt&setlang=wt 200
2026-06-05 03:00:00,244 [INFO] services.news_sources: [news_sources] yfinance:0700.HK → 10 items
2026-06-05 03:00:00,250 [INFO] primp: response: https://www.bing.com/news/infinitescrollajax?q=GC%3DF+news&InfiniteScroll=1&first=11&SFX=1&cc=wt&setlang=wt 200
2026-06-05 03:00:00,276 [INFO] services.news_sources: [news_sources] yfinance:GC=F → 10 items
2026-06-05 03:00:00,278 [INFO] primp: response: https://www.bing.com/news/infinitescrollajax?q=Fed+rate+decision&InfiniteScroll=1&first=11&SFX=1&cc=wt&setlang=wt 200
2026-06-05 03:00:00,315 [INFO] primp: response: https://duckduckgo.com/?q=NDQ.AX+news 200
2026-06-05 03:00:00,323 [INFO] services.news_sources: [news_sources] rss:bbc_business → 15 items
2026-06-05 03:00:00,325 [INFO] services.news_sources: [news_sources] yfinance:NDQ.AX → 0 items
2026-06-05 03:00:00,344 [INFO] primp: response: https://duckduckgo.com/news.js?l=wt-wt&o=json&noamp=1&q=NDQ.AX+news&vqd=4-202411411795242166396884441400747767221&p=-2 403
2026-06-05 03:00:00,355 [INFO] services.news_sources: [news_sources] rss:yahoo_finance_headline → 15 items
2026-06-05 03:00:00,608 [INFO] primp: response: https://news.search.yahoo.com/search?p=NDQ.AX+news 500
2026-06-05 03:00:00,618 [INFO] primp: response: https://news.search.yahoo.com/search?p=ASIA.AX+news 200
2026-06-05 03:00:00,626 [INFO] primp: response: https://news.search.yahoo.com/search?p=0700.HK+news 200
2026-06-05 03:00:00,626 [INFO] primp: response: https://news.search.yahoo.com/search?p=GC%3DF+news 200
2026-06-05 03:00:00,626 [INFO] primp: response: https://news.search.yahoo.com/search?p=Fed+rate+decision 200
2026-06-05 03:00:00,626 [INFO] services.news_sources: [news_sources] rss:seeking_alpha_market → 7 items
2026-06-05 03:00:00,696 [INFO] services.news_sources: [news_sources] rss:ft_markets → 15 items
2026-06-05 03:00:00,797 [INFO] primp: response: https://www.bing.com/news/infinitescrollajax?q=NDQ.AX+news&InfiniteScroll=1&first=11&SFX=1&cc=wt&setlang=wt 200
2026-06-05 03:00:00,799 [WARNING] services.news_sources.ddgs_news: DDGS query 'NDQ.AX news' 失败: No results found.
2026-06-05 03:00:00,799 [INFO] services.news_sources: [news_sources] ddgs:NDQ.AX news → 0 items
2026-06-05 03:00:01,022 [INFO] services.news_sources: [news_sources] ddgs:ASIA.AX news → 5 items
2026-06-05 03:00:01,074 [INFO] services.news_sources: [news_sources] rss:reuters_business → 0 items
2026-06-05 03:00:01,081 [INFO] services.news_sources: [news_sources] ddgs:0700.HK news → 15 items
2026-06-05 03:00:01,081 [INFO] services.news_sources: [news_sources] ddgs:Fed rate decision → 15 items
2026-06-05 03:00:01,082 [INFO] services.news_sources: [news_sources] ddgs:GC=F news → 11 items
2026-06-05 03:00:01,308 [INFO] services.news_sources: [news_sources] rss:caixin_global → 0 items
2026-06-05 03:00:01,315 [INFO] services.news_sources: [news_sources] 总计 118 条 → 去重后 118 条
2026-06-05 03:00:01,315 [INFO] jobs.event_watch: [event_watch] fetched 118 raw items
2026-06-05 03:00:01,330 [INFO] jobs.event_watch: [event_watch] unseen=14 / total=118
2026-06-05 03:00:26,440 [INFO] httpx: HTTP Request: POST https://token-plan-cn.xiaomimimo.com/v1/chat/completions "HTTP/1.1 200 OK"
2026-06-05 03:00:26,446 [INFO] jobs.event_watch: [event_watch] normalized 14 events
2026-06-05 03:00:26,497 [INFO] jobs.event_watch: [event_watch] triggerable=0
2026-06-05 03:00:26,498 [INFO] scheduler.runner: [event_watch] 成功
2026-06-05 03:00:26,504 [INFO] apscheduler.executors.default: Job "event_watch (trigger: cron[month='*', day='*', day_of_week='1-5', hour='0-7', minute='*/30'], next run at: 2026-06-05 03:30:00 CST)" executed successfully
2026-06-05 03:30:00,000 [INFO] apscheduler.executors.default: Running job "event_watch (trigger: cron[month='*', day='*', day_of_week='1-5', hour='0-7', minute='*/30'], next run at: 2026-06-05 04:00:00 CST)" (scheduled at 2026-06-05 03:30:00+08:00)
2026-06-05 03:30:00,000 [INFO] scheduler.runner: [event_watch] 启动 (started=2026-06-05T03:30:00+08:00)
2026-06-05 03:30:00,002 [INFO] jobs.event_watch: [event_watch] watched=['GC=F', 'ASIA.AX', '0700.HK', 'NDQ.AX'], queries=5
2026-06-05 03:30:00,079 [INFO] primp: response: https://duckduckgo.com/?q=ASIA.AX+news 200
2026-06-05 03:30:00,086 [INFO] primp: response: https://duckduckgo.com/?q=0700.HK+news 200
2026-06-05 03:30:00,100 [INFO] primp: response: https://duckduckgo.com/?q=GC%3DF+news 200
2026-06-05 03:30:00,122 [INFO] primp: response: https://duckduckgo.com/news.js?l=wt-wt&o=json&noamp=1&q=GC%3DF+news&vqd=4-303880032746708971478180862785263403041&p=-2 403
2026-06-05 03:30:00,177 [INFO] services.news_sources: [news_sources] yfinance:ASIA.AX → 0 items
2026-06-05 03:30:00,197 [INFO] services.news_sources: [news_sources] yfinance:GC=F → 10 items
2026-06-05 03:30:00,206 [INFO] primp: response: https://www.bing.com/news/infinitescrollajax?q=GC%3DF+news&InfiniteScroll=1&first=11&SFX=1&cc=wt&setlang=wt 200
2026-06-05 03:30:00,234 [INFO] services.news_sources: [news_sources] yfinance:NDQ.AX → 0 items
2026-06-05 03:30:00,276 [INFO] primp: response: https://duckduckgo.com/news.js?l=wt-wt&o=json&noamp=1&q=ASIA.AX+news&vqd=4-124672406320447496347493883977700881151&p=-2 200
2026-06-05 03:30:00,281 [INFO] primp: response: https://www.bing.com/news/infinitescrollajax?q=Fed+rate+decision&InfiniteScroll=1&first=11&SFX=1&cc=wt&setlang=wt 200
2026-06-05 03:30:00,282 [INFO] primp: response: https://duckduckgo.com/?q=NDQ.AX+news 200
2026-06-05 03:30:00,304 [INFO] primp: response: https://duckduckgo.com/news.js?l=wt-wt&o=json&noamp=1&q=0700.HK+news&vqd=4-336201065309174349529048928438474509981&p=-2 200
2026-06-05 03:30:00,305 [INFO] primp: response: https://duckduckgo.com/news.js?l=wt-wt&o=json&noamp=1&q=NDQ.AX+news&vqd=4-202411411795242166396884441400747767221&p=-2 403
2026-06-05 03:30:00,474 [INFO] services.news_sources: [news_sources] rss:bbc_business → 15 items
2026-06-05 03:30:00,542 [INFO] services.news_sources: [news_sources] yfinance:0700.HK → 10 items
2026-06-05 03:30:00,568 [INFO] primp: response: https://news.search.yahoo.com/search?p=0700.HK+news 200
2026-06-05 03:30:00,572 [INFO] primp: response: https://news.search.yahoo.com/search?p=GC%3DF+news 200
2026-06-05 03:30:00,572 [INFO] primp: response: https://news.search.yahoo.com/search?p=ASIA.AX+news 200
2026-06-05 03:30:00,572 [INFO] primp: response: https://news.search.yahoo.com/search?p=Fed+rate+decision 200
2026-06-05 03:30:00,572 [INFO] primp: response: https://news.search.yahoo.com/search?p=NDQ.AX+news 200
2026-06-05 03:30:00,572 [INFO] services.news_sources: [news_sources] rss:yahoo_finance_headline → 15 items
2026-06-05 03:30:00,918 [INFO] services.news_sources: [news_sources] rss:reuters_business → 0 items
2026-06-05 03:30:00,940 [INFO] services.news_sources: [news_sources] rss:seeking_alpha_market → 7 items
2026-06-05 03:30:00,959 [INFO] services.news_sources: [news_sources] ddgs:GC=F news → 11 items
2026-06-05 03:30:00,966 [INFO] services.news_sources: [news_sources] ddgs:Fed rate decision → 15 items
2026-06-05 03:30:01,000 [INFO] services.news_sources: [news_sources] rss:ft_markets → 15 items
2026-06-05 03:30:01,160 [INFO] primp: response: https://www.bing.com/news/infinitescrollajax?q=NDQ.AX+news&InfiniteScroll=1&first=11&SFX=1&cc=wt&setlang=wt 200
2026-06-05 03:30:01,161 [WARNING] services.news_sources.ddgs_news: DDGS query 'NDQ.AX news' 失败: No results found.
2026-06-05 03:30:01,161 [INFO] services.news_sources: [news_sources] ddgs:NDQ.AX news → 0 items
2026-06-05 03:30:01,193 [INFO] primp: response: https://www.bing.com/news/infinitescrollajax?q=ASIA.AX+news&InfiniteScroll=1&first=11&SFX=1&cc=wt&setlang=wt 200
2026-06-05 03:30:01,195 [INFO] services.news_sources: [news_sources] ddgs:ASIA.AX news → 5 items
2026-06-05 03:30:01,204 [INFO] primp: response: https://www.bing.com/news/infinitescrollajax?q=0700.HK+news&InfiniteScroll=1&first=11&SFX=1&cc=wt&setlang=wt 200
2026-06-05 03:30:01,206 [INFO] services.news_sources: [news_sources] ddgs:0700.HK news → 14 items
2026-06-05 03:30:01,435 [INFO] services.news_sources: [news_sources] rss:caixin_global → 0 items
2026-06-05 03:30:01,443 [INFO] services.news_sources: [news_sources] 总计 117 条 → 去重后 117 条
2026-06-05 03:30:01,443 [INFO] jobs.event_watch: [event_watch] fetched 117 raw items
2026-06-05 03:30:01,461 [INFO] jobs.event_watch: [event_watch] unseen=19 / total=117
2026-06-05 03:30:36,282 [INFO] httpx: HTTP Request: POST https://token-plan-cn.xiaomimimo.com/v1/chat/completions "HTTP/1.1 200 OK"
2026-06-05 03:30:36,289 [INFO] jobs.event_watch: [event_watch] normalized 19 events
2026-06-05 03:30:36,294 [INFO] jobs.event_watch: [event_watch] triggerable=0
2026-06-05 03:30:36,295 [INFO] scheduler.runner: [event_watch] 成功
2026-06-05 03:30:36,302 [INFO] apscheduler.executors.default: Job "event_watch (trigger: cron[month='*', day='*', day_of_week='1-5', hour='0-7', minute='*/30'], next run at: 2026-06-05 04:00:00 CST)" executed successfully
2026-06-05 04:00:00,000 [INFO] apscheduler.executors.default: Running job "event_watch (trigger: cron[month='*', day='*', day_of_week='1-5', hour='0-7', minute='*/30'], next run at: 2026-06-05 04:30:00 CST)" (scheduled at 2026-06-05 04:00:00+08:00)
2026-06-05 04:00:00,000 [INFO] scheduler.runner: [event_watch] 启动 (started=2026-06-05T04:00:00+08:00)
2026-06-05 04:00:00,002 [INFO] jobs.event_watch: [event_watch] watched=['GC=F', 'ASIA.AX', '0700.HK', 'NDQ.AX'], queries=5
2026-06-05 04:00:00,080 [INFO] primp: response: https://duckduckgo.com/?q=GC%3DF+news 200
2026-06-05 04:00:00,085 [INFO] primp: response: https://duckduckgo.com/?q=0700.HK+news 200
2026-06-05 04:00:00,103 [INFO] primp: response: https://duckduckgo.com/news.js?l=wt-wt&o=json&noamp=1&q=GC%3DF+news&vqd=4-303880312897491538980317222284328604241&p=-2 403
2026-06-05 04:00:00,108 [INFO] primp: response: https://duckduckgo.com/news.js?l=wt-wt&o=json&noamp=1&q=0700.HK+news&vqd=4-336200780087789384655769789920458317037&p=-2 403
2026-06-05 04:00:00,176 [INFO] primp: response: https://duckduckgo.com/?q=Fed+rate+decision 200
2026-06-05 04:00:00,179 [INFO] primp: response: https://duckduckgo.com/?q=NDQ.AX+news 200
2026-06-05 04:00:00,200 [INFO] primp: response: https://duckduckgo.com/news.js?l=wt-wt&o=json&noamp=1&q=NDQ.AX+news&vqd=4-202411783216868098495786140445960579013&p=-2 403
2026-06-05 04:00:00,218 [INFO] primp: response: https://www.bing.com/news/infinitescrollajax?q=NDQ.AX+news&InfiniteScroll=1&first=11&SFX=1&cc=wt&setlang=wt 200
2026-06-05 04:00:00,223 [INFO] services.news_sources: [news_sources] yfinance:ASIA.AX → 0 items
2026-06-05 04:00:00,240 [INFO] services.news_sources: [news_sources] yfinance:GC=F → 10 items
2026-06-05 04:00:00,245 [INFO] services.news_sources: [news_sources] yfinance:0700.HK → 10 items
2026-06-05 04:00:00,246 [INFO] primp: response: https://www.bing.com/news/infinitescrollajax?q=GC%3DF+news&InfiniteScroll=1&first=11&SFX=1&cc=wt&setlang=wt 200
2026-06-05 04:00:00,280 [INFO] services.news_sources: [news_sources] yfinance:NDQ.AX → 0 items
2026-06-05 04:00:00,287 [INFO] primp: response: https://www.bing.com/news/infinitescrollajax?q=ASIA.AX+news&InfiniteScroll=1&first=11&SFX=1&cc=wt&setlang=wt 200
2026-06-05 04:00:00,317 [INFO] services.news_sources: [news_sources] rss:bbc_business → 15 items
2026-06-05 04:00:00,349 [INFO] services.news_sources: [news_sources] rss:yahoo_finance_headline → 15 items
2026-06-05 04:00:00,475 [INFO] primp: response: https://duckduckgo.com/news.js?l=wt-wt&o=json&noamp=1&q=Fed+rate+decision&vqd=4-203752191429335118365646879428547624662&p=-2 200
2026-06-05 04:00:00,698 [INFO] primp: response: https://news.search.yahoo.com/search?p=0700.HK+news 200
2026-06-05 04:00:00,700 [INFO] primp: response: https://news.search.yahoo.com/search?p=NDQ.AX+news 200
2026-06-05 04:00:00,700 [INFO] primp: response: https://news.search.yahoo.com/search?p=ASIA.AX+news 200
2026-06-05 04:00:00,701 [INFO] primp: response: https://news.search.yahoo.com/search?p=Fed+rate+decision 200
2026-06-05 04:00:00,701 [INFO] primp: response: https://news.search.yahoo.com/search?p=GC%3DF+news 200
2026-06-05 04:00:00,724 [INFO] services.news_sources: [news_sources] rss:seeking_alpha_market → 7 items
2026-06-05 04:00:00,881 [INFO] services.news_sources: [news_sources] rss:reuters_business → 0 items
2026-06-05 04:00:01,134 [WARNING] services.news_sources.ddgs_news: DDGS query 'NDQ.AX news' 失败: No results found.
2026-06-05 04:00:01,136 [INFO] services.news_sources: [news_sources] ddgs:NDQ.AX news → 0 items
2026-06-05 04:00:01,136 [INFO] services.news_sources: [news_sources] ddgs:ASIA.AX news → 5 items
2026-06-05 04:00:01,156 [INFO] services.news_sources: [news_sources] ddgs:GC=F news → 11 items
2026-06-05 04:00:01,158 [INFO] services.news_sources: [news_sources] ddgs:Fed rate decision → 15 items
2026-06-05 04:00:01,209 [INFO] services.news_sources: [news_sources] rss:caixin_global → 0 items
2026-06-05 04:00:01,406 [INFO] primp: response: https://www.bing.com/news/infinitescrollajax?q=0700.HK+news&InfiniteScroll=1&first=11&SFX=1&cc=wt&setlang=wt 200
2026-06-05 04:00:01,408 [INFO] services.news_sources: [news_sources] ddgs:0700.HK news → 15 items
2026-06-05 04:00:01,641 [INFO] services.news_sources: [news_sources] rss:ft_markets → 15 items
2026-06-05 04:00:01,645 [INFO] services.news_sources: [news_sources] 总计 118 条 → 去重后 118 条
2026-06-05 04:00:01,646 [INFO] jobs.event_watch: [event_watch] fetched 118 raw items
2026-06-05 04:00:01,663 [INFO] jobs.event_watch: [event_watch] unseen=16 / total=118
2026-06-05 04:00:30,167 [INFO] httpx: HTTP Request: POST https://token-plan-cn.xiaomimimo.com/v1/chat/completions "HTTP/1.1 200 OK"
2026-06-05 04:00:30,177 [INFO] jobs.event_watch: [event_watch] normalized 16 events
2026-06-05 04:00:30,184 [INFO] jobs.event_watch: [event_watch] triggerable=0
2026-06-05 04:00:30,184 [INFO] scheduler.runner: [event_watch] 成功
2026-06-05 04:00:30,195 [INFO] apscheduler.executors.default: Job "event_watch (trigger: cron[month='*', day='*', day_of_week='1-5', hour='0-7', minute='*/30'], next run at: 2026-06-05 04:30:00 CST)" executed successfully
2026-06-05 04:30:00,000 [INFO] apscheduler.executors.default: Running job "event_watch (trigger: cron[month='*', day='*', day_of_week='1-5', hour='0-7', minute='*/30'], next run at: 2026-06-05 05:00:00 CST)" (scheduled at 2026-06-05 04:30:00+08:00)
2026-06-05 04:30:00,000 [INFO] scheduler.runner: [event_watch] 启动 (started=2026-06-05T04:30:00+08:00)
2026-06-05 04:30:00,002 [INFO] jobs.event_watch: [event_watch] watched=['GC=F', 'ASIA.AX', '0700.HK', 'NDQ.AX'], queries=5
2026-06-05 04:30:00,195 [INFO] services.news_sources: [news_sources] yfinance:ASIA.AX → 0 items
2026-06-05 04:30:00,208 [INFO] services.news_sources: [news_sources] yfinance:GC=F → 10 items
2026-06-05 04:30:00,216 [INFO] services.news_sources: [news_sources] yfinance:0700.HK → 10 items
2026-06-05 04:30:00,232 [INFO] primp: response: https://www.bing.com/news/infinitescrollajax?q=0700.HK+news&InfiniteScroll=1&first=11&SFX=1&cc=wt&setlang=wt 200
2026-06-05 04:30:00,233 [INFO] primp: response: https://www.bing.com/news/infinitescrollajax?q=NDQ.AX+news&InfiniteScroll=1&first=11&SFX=1&cc=wt&setlang=wt 200
2026-06-05 04:30:00,233 [INFO] primp: response: https://www.bing.com/news/infinitescrollajax?q=GC%3DF+news&InfiniteScroll=1&first=11&SFX=1&cc=wt&setlang=wt 200
2026-06-05 04:30:00,244 [INFO] primp: response: https://www.bing.com/news/infinitescrollajax?q=ASIA.AX+news&InfiniteScroll=1&first=11&SFX=1&cc=wt&setlang=wt 200
2026-06-05 04:30:00,271 [INFO] services.news_sources: [news_sources] rss:bbc_business → 15 items
2026-06-05 04:30:00,274 [INFO] services.news_sources: [news_sources] yfinance:NDQ.AX → 0 items
2026-06-05 04:30:00,300 [INFO] services.news_sources: [news_sources] rss:yahoo_finance_headline → 15 items
2026-06-05 04:30:00,316 [INFO] primp: response: https://duckduckgo.com/?q=ASIA.AX+news 200
2026-06-05 04:30:00,390 [INFO] services.news_sources: [news_sources] rss:seeking_alpha_market → 7 items
2026-06-05 04:30:00,464 [INFO] primp: response: https://news.search.yahoo.com/search?p=0700.HK+news 500
2026-06-05 04:30:00,465 [INFO] services.news_sources: [news_sources] ddgs:0700.HK news → 5 items
2026-06-05 04:30:00,479 [INFO] primp: response: https://news.search.yahoo.com/search?p=Fed+rate+decision 200
2026-06-05 04:30:00,497 [INFO] primp: response: https://news.search.yahoo.com/search?p=NDQ.AX+news 200
2026-06-05 04:30:00,497 [INFO] primp: response: https://news.search.yahoo.com/search?p=GC%3DF+news 200
2026-06-05 04:30:00,516 [INFO] primp: response: https://www.bing.com/news/infinitescrollajax?q=Fed+rate+decision&InfiniteScroll=1&first=11&SFX=1&cc=wt&setlang=wt 200
2026-06-05 04:30:00,535 [INFO] primp: response: https://duckduckgo.com/news.js?l=wt-wt&o=json&noamp=1&q=ASIA.AX+news&vqd=4-124672772671470897668399701969148190863&p=-2 200
2026-06-05 04:30:00,580 [INFO] primp: response: https://news.search.yahoo.com/search?p=ASIA.AX+news 200
2026-06-05 04:30:00,609 [INFO] services.news_sources: [news_sources] rss:ft_markets → 15 items
2026-06-05 04:30:01,024 [INFO] services.news_sources: [news_sources] rss:reuters_business → 0 items
2026-06-05 04:30:01,029 [INFO] services.news_sources: [news_sources] ddgs:GC=F news → 11 items
2026-06-05 04:30:01,029 [INFO] services.news_sources: [news_sources] ddgs:Fed rate decision → 15 items
2026-06-05 04:30:01,030 [INFO] primp: response: https://duckduckgo.com/?q=NDQ.AX+news 200
2026-06-05 04:30:01,053 [INFO] primp: response: https://duckduckgo.com/news.js?l=wt-wt&o=json&noamp=1&q=NDQ.AX+news&vqd=4-202411783216868098495786140445960579013&p=-2 403
2026-06-05 04:30:01,053 [WARNING] services.news_sources.ddgs_news: DDGS query 'NDQ.AX news' 失败: No results found.
2026-06-05 04:30:01,053 [INFO] services.news_sources: [news_sources] ddgs:NDQ.AX news → 0 items
2026-06-05 04:30:01,305 [INFO] services.news_sources: [news_sources] ddgs:ASIA.AX news → 5 items
2026-06-05 04:30:01,451 [INFO] services.news_sources: [news_sources] rss:caixin_global → 0 items
2026-06-05 04:30:01,456 [INFO] services.news_sources: [news_sources] 总计 108 条 → 去重后 108 条
2026-06-05 04:30:01,456 [INFO] jobs.event_watch: [event_watch] fetched 108 raw items
2026-06-05 04:30:01,473 [INFO] jobs.event_watch: [event_watch] unseen=19 / total=108
2026-06-05 04:30:33,854 [INFO] httpx: HTTP Request: POST https://token-plan-cn.xiaomimimo.com/v1/chat/completions "HTTP/1.1 200 OK"
2026-06-05 04:30:33,862 [INFO] jobs.event_watch: [event_watch] normalized 19 events
2026-06-05 04:30:33,867 [INFO] jobs.event_watch: [event_watch] triggerable=0
2026-06-05 04:30:33,868 [INFO] scheduler.runner: [event_watch] 成功
2026-06-05 04:30:33,875 [INFO] apscheduler.executors.default: Job "event_watch (trigger: cron[month='*', day='*', day_of_week='1-5', hour='0-7', minute='*/30'], next run at: 2026-06-05 05:00:00 CST)" executed successfully
2026-06-05 05:00:00,000 [INFO] apscheduler.executors.default: Running job "event_watch (trigger: cron[month='*', day='*', day_of_week='1-5', hour='0-7', minute='*/30'], next run at: 2026-06-05 05:30:00 CST)" (scheduled at 2026-06-05 05:00:00+08:00)
2026-06-05 05:00:00,000 [INFO] scheduler.runner: [event_watch] 启动 (started=2026-06-05T05:00:00+08:00)
2026-06-05 05:00:00,002 [INFO] jobs.event_watch: [event_watch] watched=['GC=F', 'ASIA.AX', '0700.HK', 'NDQ.AX'], queries=5
2026-06-05 05:00:00,095 [INFO] primp: response: https://duckduckgo.com/?q=GC%3DF+news 200
2026-06-05 05:00:00,096 [INFO] primp: response: https://duckduckgo.com/?q=ASIA.AX+news 200
2026-06-05 05:00:00,103 [INFO] primp: response: https://duckduckgo.com/?q=0700.HK+news 200
2026-06-05 05:00:00,105 [INFO] primp: response: https://duckduckgo.com/?q=NDQ.AX+news 200
2026-06-05 05:00:00,119 [INFO] primp: response: https://duckduckgo.com/news.js?l=wt-wt&o=json&noamp=1&q=ASIA.AX+news&vqd=4-124672976763217430816418556747081981599&p=-2 403
2026-06-05 05:00:00,121 [INFO] primp: response: https://duckduckgo.com/news.js?l=wt-wt&o=json&noamp=1&q=0700.HK+news&vqd=4-336200332607127513830671903846848275197&p=-2 403
2026-06-05 05:00:00,125 [INFO] primp: response: https://duckduckgo.com/news.js?l=wt-wt&o=json&noamp=1&q=NDQ.AX+news&vqd=4-202412149567891630862361844875923036629&p=-2 403
2026-06-05 05:00:00,183 [INFO] primp: response: https://duckduckgo.com/?q=Fed+rate+decision 200
2026-06-05 05:00:00,205 [INFO] primp: response: https://duckduckgo.com/news.js?l=wt-wt&o=json&noamp=1&q=Fed+rate+decision&vqd=4-203750935187590169113633521081099387078&p=-2 403
2026-06-05 05:00:00,241 [INFO] services.news_sources: [news_sources] yfinance:ASIA.AX → 0 items
2026-06-05 05:00:00,263 [INFO] services.news_sources: [news_sources] yfinance:GC=F → 10 items
2026-06-05 05:00:00,278 [INFO] primp: response: https://www.bing.com/news/infinitescrollajax?q=NDQ.AX+news&InfiniteScroll=1&first=11&SFX=1&cc=wt&setlang=wt 200
2026-06-05 05:00:00,279 [INFO] services.news_sources: [news_sources] yfinance:0700.HK → 10 items
2026-06-05 05:00:00,286 [INFO] primp: response: https://www.bing.com/news/infinitescrollajax?q=GC%3DF+news&InfiniteScroll=1&first=11&SFX=1&cc=wt&setlang=wt 200
2026-06-05 05:00:00,313 [INFO] services.news_sources: [news_sources] yfinance:NDQ.AX → 0 items
2026-06-05 05:00:00,319 [INFO] services.news_sources: [news_sources] rss:bbc_business → 15 items
2026-06-05 05:00:00,347 [INFO] services.news_sources: [news_sources] rss:yahoo_finance_headline → 15 items
2026-06-05 05:00:00,366 [INFO] primp: response: https://duckduckgo.com/news.js?l=wt-wt&o=json&noamp=1&q=GC%3DF+news&vqd=4-303879300044662211337667580875512917057&p=-2 200
2026-06-05 05:00:00,440 [INFO] primp: response: https://www.bing.com/news/infinitescrollajax?q=ASIA.AX+news&InfiniteScroll=1&first=11&SFX=1&cc=wt&setlang=wt 200
2026-06-05 05:00:00,681 [INFO] primp: response: https://news.search.yahoo.com/search?p=Fed+rate+decision 500
2026-06-05 05:00:00,695 [INFO] primp: response: https://news.search.yahoo.com/search?p=0700.HK+news 200
2026-06-05 05:00:00,695 [INFO] primp: response: https://news.search.yahoo.com/search?p=ASIA.AX+news 200
2026-06-05 05:00:00,697 [INFO] primp: response: https://news.search.yahoo.com/search?p=NDQ.AX+news 200
2026-06-05 05:00:00,699 [INFO] primp: response: https://news.search.yahoo.com/search?p=GC%3DF+news 200
2026-06-05 05:00:00,709 [INFO] services.news_sources: [news_sources] rss:ft_markets → 15 items
2026-06-05 05:00:00,714 [INFO] services.news_sources: [news_sources] rss:seeking_alpha_market → 7 items
2026-06-05 05:00:00,968 [INFO] primp: response: https://www.bing.com/news/infinitescrollajax?q=Fed+rate+decision&InfiniteScroll=1&first=11&SFX=1&cc=wt&setlang=wt 200
2026-06-05 05:00:00,971 [INFO] services.news_sources: [news_sources] ddgs:Fed rate decision → 8 items
2026-06-05 05:00:01,121 [WARNING] services.news_sources.ddgs_news: DDGS query 'NDQ.AX news' 失败: No results found.
2026-06-05 05:00:01,132 [INFO] services.news_sources: [news_sources] ddgs:ASIA.AX news → 5 items
2026-06-05 05:00:01,169 [INFO] services.news_sources: [news_sources] ddgs:NDQ.AX news → 0 items
2026-06-05 05:00:01,170 [INFO] services.news_sources: [news_sources] rss:caixin_global → 0 items
2026-06-05 05:00:01,170 [INFO] services.news_sources: [news_sources] rss:reuters_business → 0 items
2026-06-05 05:00:01,174 [INFO] services.news_sources: [news_sources] ddgs:GC=F news → 12 items
2026-06-05 05:00:01,399 [INFO] primp: response: https://www.bing.com/news/infinitescrollajax?q=0700.HK+news&InfiniteScroll=1&first=11&SFX=1&cc=wt&setlang=wt 200
2026-06-05 05:00:01,400 [INFO] services.news_sources: [news_sources] ddgs:0700.HK news → 15 items
2026-06-05 05:00:01,406 [INFO] services.news_sources: [news_sources] 总计 112 条 → 去重后 112 条
2026-06-05 05:00:01,406 [INFO] jobs.event_watch: [event_watch] fetched 112 raw items
2026-06-05 05:00:01,422 [INFO] jobs.event_watch: [event_watch] unseen=13 / total=112
2026-06-05 05:00:24,995 [INFO] httpx: HTTP Request: POST https://token-plan-cn.xiaomimimo.com/v1/chat/completions "HTTP/1.1 200 OK"
2026-06-05 05:00:25,000 [INFO] jobs.event_watch: [event_watch] normalized 13 events
2026-06-05 05:00:25,017 [INFO] jobs.event_watch: [event_watch] triggerable=0
2026-06-05 05:00:25,017 [INFO] scheduler.runner: [event_watch] 成功
2026-06-05 05:00:25,024 [INFO] apscheduler.executors.default: Job "event_watch (trigger: cron[month='*', day='*', day_of_week='1-5', hour='0-7', minute='*/30'], next run at: 2026-06-05 05:30:00 CST)" executed successfully
2026-06-05 05:30:00,000 [INFO] apscheduler.executors.default: Running job "event_watch (trigger: cron[month='*', day='*', day_of_week='1-5', hour='0-7', minute='*/30'], next run at: 2026-06-05 06:00:00 CST)" (scheduled at 2026-06-05 05:30:00+08:00)
2026-06-05 05:30:00,001 [INFO] scheduler.runner: [event_watch] 启动 (started=2026-06-05T05:30:00+08:00)
2026-06-05 05:30:00,002 [INFO] jobs.event_watch: [event_watch] watched=['GC=F', 'ASIA.AX', '0700.HK', 'NDQ.AX'], queries=5
2026-06-05 05:30:00,228 [INFO] services.news_sources: [news_sources] yfinance:ASIA.AX → 0 items
2026-06-05 05:30:00,249 [INFO] services.news_sources: [news_sources] yfinance:0700.HK → 10 items
2026-06-05 05:30:00,250 [INFO] services.news_sources: [news_sources] yfinance:GC=F → 10 items
2026-06-05 05:30:00,265 [INFO] primp: response: https://duckduckgo.com/?q=GC%3DF+news 200
2026-06-05 05:30:00,268 [INFO] primp: response: https://duckduckgo.com/?q=ASIA.AX+news 200
2026-06-05 05:30:00,284 [INFO] primp: response: https://duckduckgo.com/?q=Fed+rate+decision 200
2026-06-05 05:30:00,292 [INFO] services.news_sources: [news_sources] rss:bbc_business → 15 items
2026-06-05 05:30:00,290 [INFO] primp: response: https://www.bing.com/news/infinitescrollajax?q=ASIA.AX+news&InfiniteScroll=1&first=11&SFX=1&cc=wt&setlang=wt 200
2026-06-05 05:30:00,284 [INFO] primp: response: https://www.bing.com/news/infinitescrollajax?q=0700.HK+news&InfiniteScroll=1&first=11&SFX=1&cc=wt&setlang=wt 200
2026-06-05 05:30:00,293 [INFO] primp: response: https://duckduckgo.com/news.js?l=wt-wt&o=json&noamp=1&q=ASIA.AX+news&vqd=4-124672976763217430816418556747081981599&p=-2 403
2026-06-05 05:30:00,307 [INFO] services.news_sources: [news_sources] yfinance:NDQ.AX → 0 items
2026-06-05 05:30:00,311 [INFO] primp: response: https://duckduckgo.com/news.js?l=wt-wt&o=json&noamp=1&q=Fed+rate+decision&vqd=4-203750935187590169113633521081099387078&p=-2 403
2026-06-05 05:30:00,348 [INFO] services.news_sources: [news_sources] rss:yahoo_finance_headline → 15 items
2026-06-05 05:30:00,364 [INFO] primp: response: https://duckduckgo.com/?q=0700.HK+news 200
2026-06-05 05:30:00,384 [INFO] primp: response: https://duckduckgo.com/news.js?l=wt-wt&o=json&noamp=1&q=0700.HK+news&vqd=4-336200332607127513830671903846848275197&p=-2 403
2026-06-05 05:30:00,491 [INFO] primp: response: https://duckduckgo.com/news.js?l=wt-wt&o=json&noamp=1&q=GC%3DF+news&vqd=4-303879300044662211337667580875512917057&p=-2 200
2026-06-05 05:30:00,515 [INFO] primp: response: https://www.bing.com/news/infinitescrollajax?q=NDQ.AX+news&InfiniteScroll=1&first=11&SFX=1&cc=wt&setlang=wt 200
2026-06-05 05:30:00,585 [INFO] primp: response: https://www.bing.com/news/infinitescrollajax?q=GC%3DF+news&InfiniteScroll=1&first=11&SFX=1&cc=wt&setlang=wt 200
2026-06-05 05:30:00,603 [INFO] services.news_sources: [news_sources] rss:seeking_alpha_market → 7 items
2026-06-05 05:30:00,800 [INFO] services.news_sources: [news_sources] rss:ft_markets → 15 items
2026-06-05 05:30:00,825 [INFO] primp: response: https://news.search.yahoo.com/search?p=GC%3DF+news 200
2026-06-05 05:30:00,827 [INFO] primp: response: https://news.search.yahoo.com/search?p=NDQ.AX+news 200
2026-06-05 05:30:00,827 [INFO] primp: response: https://news.search.yahoo.com/search?p=Fed+rate+decision 200
2026-06-05 05:30:00,828 [INFO] primp: response: https://news.search.yahoo.com/search?p=ASIA.AX+news 200
2026-06-05 05:30:00,853 [INFO] primp: response: https://news.search.yahoo.com/search?p=0700.HK+news 200
2026-06-05 05:30:01,016 [INFO] services.news_sources: [news_sources] rss:reuters_business → 0 items
2026-06-05 05:30:01,199 [INFO] services.news_sources: [news_sources] ddgs:ASIA.AX news → 5 items
2026-06-05 05:30:01,233 [INFO] services.news_sources: [news_sources] ddgs:GC=F news → 13 items
2026-06-05 05:30:01,263 [INFO] services.news_sources: [news_sources] ddgs:0700.HK news → 15 items
2026-06-05 05:30:01,284 [INFO] services.news_sources: [news_sources] rss:caixin_global → 0 items
2026-06-05 05:30:01,298 [INFO] primp: response: https://duckduckgo.com/?q=NDQ.AX+news 200
2026-06-05 05:30:01,321 [INFO] primp: response: https://duckduckgo.com/news.js?l=wt-wt&o=json&noamp=1&q=NDQ.AX+news&vqd=4-202412149567891630862361844875923036629&p=-2 403
2026-06-05 05:30:01,321 [WARNING] services.news_sources.ddgs_news: DDGS query 'NDQ.AX news' 失败: No results found.
2026-06-05 05:30:01,321 [INFO] services.news_sources: [news_sources] ddgs:NDQ.AX news → 0 items
2026-06-05 05:30:01,589 [INFO] primp: response: https://www.bing.com/news/infinitescrollajax?q=Fed+rate+decision&InfiniteScroll=1&first=11&SFX=1&cc=wt&setlang=wt 200
2026-06-05 05:30:01,592 [INFO] services.news_sources: [news_sources] ddgs:Fed rate decision → 15 items
2026-06-05 05:30:01,596 [INFO] services.news_sources: [news_sources] 总计 120 条 → 去重后 120 条
2026-06-05 05:30:01,596 [INFO] jobs.event_watch: [event_watch] fetched 120 raw items
2026-06-05 05:30:01,613 [INFO] jobs.event_watch: [event_watch] unseen=18 / total=120
2026-06-05 05:30:29,349 [INFO] httpx: HTTP Request: POST https://token-plan-cn.xiaomimimo.com/v1/chat/completions "HTTP/1.1 200 OK"
2026-06-05 05:30:29,356 [INFO] jobs.event_watch: [event_watch] normalized 18 events
2026-06-05 05:30:29,361 [INFO] jobs.event_watch: [event_watch] triggerable=0
2026-06-05 05:30:29,361 [INFO] scheduler.runner: [event_watch] 成功
2026-06-05 05:30:29,368 [INFO] apscheduler.executors.default: Job "event_watch (trigger: cron[month='*', day='*', day_of_week='1-5', hour='0-7', minute='*/30'], next run at: 2026-06-05 06:00:00 CST)" executed successfully
2026-06-05 06:00:00,000 [INFO] apscheduler.executors.default: Running job "event_watch (trigger: cron[month='*', day='*', day_of_week='1-5', hour='0-7', minute='*/30'], next run at: 2026-06-05 06:30:00 CST)" (scheduled at 2026-06-05 06:00:00+08:00)
2026-06-05 06:00:00,000 [INFO] scheduler.runner: [event_watch] 启动 (started=2026-06-05T06:00:00+08:00)
2026-06-05 06:00:00,002 [INFO] jobs.event_watch: [event_watch] watched=['GC=F', 'ASIA.AX', '0700.HK', 'NDQ.AX'], queries=5
2026-06-05 06:00:00,084 [INFO] primp: response: https://duckduckgo.com/?q=Fed+rate+decision 200
2026-06-05 06:00:00,084 [INFO] primp: response: https://duckduckgo.com/?q=ASIA.AX+news 200
2026-06-05 06:00:00,085 [INFO] primp: response: https://duckduckgo.com/?q=NDQ.AX+news 200
2026-06-05 06:00:00,086 [INFO] primp: response: https://duckduckgo.com/?q=GC%3DF+news 200
2026-06-05 06:00:00,088 [INFO] primp: response: https://duckduckgo.com/?q=0700.HK+news 200
2026-06-05 06:00:00,105 [INFO] primp: response: https://duckduckgo.com/news.js?l=wt-wt&o=json&noamp=1&q=NDQ.AX+news&vqd=4-202412510848312761135428331397754391525&p=-2 403
2026-06-05 06:00:00,108 [INFO] primp: response: https://duckduckgo.com/news.js?l=wt-wt&o=json&noamp=1&q=Fed+rate+decision&vqd=4-203751296468011148861268335209225032438&p=-2 403
2026-06-05 06:00:00,109 [INFO] primp: response: https://duckduckgo.com/news.js?l=wt-wt&o=json&noamp=1&q=0700.HK+news&vqd=4-336200047385742546596209523344253661389&p=-2 403
2026-06-05 06:00:00,151 [INFO] primp: response: https://duckduckgo.com/news.js?l=wt-wt&o=json&noamp=1&q=ASIA.AX+news&vqd=4-124673343114240829776141133303706684591&p=-2 403
2026-06-05 06:00:00,218 [INFO] services.news_sources: [news_sources] yfinance:ASIA.AX → 0 items
2026-06-05 06:00:00,228 [INFO] services.news_sources: [news_sources] yfinance:0700.HK → 10 items
2026-06-05 06:00:00,267 [INFO] services.news_sources: [news_sources] yfinance:GC=F → 10 items
2026-06-05 06:00:00,268 [INFO] primp: response: https://www.bing.com/news/infinitescrollajax?q=NDQ.AX+news&InfiniteScroll=1&first=11&SFX=1&cc=wt&setlang=wt 200
2026-06-05 06:00:00,277 [INFO] services.news_sources: [news_sources] yfinance:NDQ.AX → 0 items
2026-06-05 06:00:00,306 [INFO] primp: response: https://duckduckgo.com/news.js?l=wt-wt&o=json&noamp=1&q=GC%3DF+news&vqd=4-303879580195444776478620699489511325297&p=-2 200
2026-06-05 06:00:00,367 [INFO] primp: response: https://www.bing.com/news/infinitescrollajax?q=0700.HK+news&InfiniteScroll=1&first=11&SFX=1&cc=wt&setlang=wt 200
2026-06-05 06:00:00,418 [INFO] primp: response: https://www.bing.com/news/infinitescrollajax?q=ASIA.AX+news&InfiniteScroll=1&first=11&SFX=1&cc=wt&setlang=wt 200
2026-06-05 06:00:00,515 [INFO] primp: response: https://www.bing.com/news/infinitescrollajax?q=Fed+rate+decision&InfiniteScroll=1&first=11&SFX=1&cc=wt&setlang=wt 200
2026-06-05 06:00:00,523 [INFO] services.news_sources: [news_sources] rss:bbc_business → 15 items
2026-06-05 06:00:00,670 [INFO] primp: response: https://news.search.yahoo.com/search?p=ASIA.AX+news 200
2026-06-05 06:00:00,675 [INFO] primp: response: https://news.search.yahoo.com/search?p=Fed+rate+decision 200
2026-06-05 06:00:00,690 [INFO] primp: response: https://news.search.yahoo.com/search?p=NDQ.AX+news 200
2026-06-05 06:00:00,675 [INFO] primp: response: https://news.search.yahoo.com/search?p=GC%3DF+news 200
2026-06-05 06:00:00,711 [INFO] primp: response: https://news.search.yahoo.com/search?p=0700.HK+news 200
2026-06-05 06:00:00,735 [INFO] services.news_sources: [news_sources] rss:reuters_business → 0 items
2026-06-05 06:00:01,023 [INFO] services.news_sources: [news_sources] ddgs:ASIA.AX news → 5 items
2026-06-05 06:00:01,054 [INFO] services.news_sources: [news_sources] ddgs:0700.HK news → 15 items
2026-06-05 06:00:01,058 [INFO] services.news_sources: [news_sources] ddgs:GC=F news → 12 items
2026-06-05 06:00:01,086 [INFO] services.news_sources: [news_sources] ddgs:Fed rate decision → 15 items
2026-06-05 06:00:01,099 [INFO] services.news_sources: [news_sources] rss:seeking_alpha_market → 7 items
2026-06-05 06:00:01,189 [INFO] services.news_sources: [news_sources] rss:ft_markets → 15 items
2026-06-05 06:00:01,397 [WARNING] services.news_sources.ddgs_news: DDGS query 'NDQ.AX news' 失败: No results found.
2026-06-05 06:00:01,398 [INFO] services.news_sources: [news_sources] ddgs:NDQ.AX news → 0 items
2026-06-05 06:00:01,446 [INFO] services.news_sources: [news_sources] rss:yahoo_finance_headline → 15 items
2026-06-05 06:00:01,678 [INFO] services.news_sources: [news_sources] rss:caixin_global → 0 items
2026-06-05 06:00:01,686 [INFO] services.news_sources: [news_sources] 总计 119 条 → 去重后 119 条
2026-06-05 06:00:01,686 [INFO] jobs.event_watch: [event_watch] fetched 119 raw items
2026-06-05 06:00:01,704 [INFO] jobs.event_watch: [event_watch] unseen=21 / total=119
2026-06-05 06:00:34,656 [INFO] httpx: HTTP Request: POST https://token-plan-cn.xiaomimimo.com/v1/chat/completions "HTTP/1.1 200 OK"
2026-06-05 06:00:34,664 [INFO] jobs.event_watch: [event_watch] normalized 21 events
2026-06-05 06:00:34,670 [INFO] jobs.event_watch: [event_watch] triggerable=0
2026-06-05 06:00:34,670 [INFO] scheduler.runner: [event_watch] 成功
2026-06-05 06:00:34,677 [INFO] apscheduler.executors.default: Job "event_watch (trigger: cron[month='*', day='*', day_of_week='1-5', hour='0-7', minute='*/30'], next run at: 2026-06-05 06:30:00 CST)" executed successfully
2026-06-05 06:30:00,000 [INFO] apscheduler.executors.default: Running job "event_watch (trigger: cron[month='*', day='*', day_of_week='1-5', hour='0-7', minute='*/30'], next run at: 2026-06-05 07:00:00 CST)" (scheduled at 2026-06-05 06:30:00+08:00)
2026-06-05 06:30:00,001 [INFO] scheduler.runner: [event_watch] 启动 (started=2026-06-05T06:30:00+08:00)
2026-06-05 06:30:00,002 [INFO] jobs.event_watch: [event_watch] watched=['GC=F', 'ASIA.AX', '0700.HK', 'NDQ.AX'], queries=5
2026-06-05 06:30:00,083 [INFO] primp: response: https://duckduckgo.com/?q=NDQ.AX+news 200
2026-06-05 06:30:00,085 [INFO] primp: response: https://duckduckgo.com/?q=ASIA.AX+news 200
2026-06-05 06:30:00,087 [INFO] primp: response: https://duckduckgo.com/?q=0700.HK+news 200
2026-06-05 06:30:00,099 [INFO] primp: response: https://duckduckgo.com/?q=GC%3DF+news 200
2026-06-05 06:30:00,106 [INFO] primp: response: https://duckduckgo.com/news.js?l=wt-wt&o=json&noamp=1&q=ASIA.AX+news&vqd=4-124673343114240829776141133303706684591&p=-2 403
2026-06-05 06:30:00,107 [INFO] primp: response: https://duckduckgo.com/news.js?l=wt-wt&o=json&noamp=1&q=0700.HK+news&vqd=4-336200047385742546596209523344253661389&p=-2 403
2026-06-05 06:30:00,121 [INFO] primp: response: https://duckduckgo.com/news.js?l=wt-wt&o=json&noamp=1&q=GC%3DF+news&vqd=4-303879580195444776478620699489511325297&p=-2 403
2026-06-05 06:30:00,250 [INFO] services.news_sources: [news_sources] yfinance:GC=F → 10 items
2026-06-05 06:30:00,251 [INFO] services.news_sources: [news_sources] yfinance:ASIA.AX → 0 items
2026-06-05 06:30:00,255 [INFO] services.news_sources: [news_sources] yfinance:0700.HK → 10 items
2026-06-05 06:30:00,292 [INFO] services.news_sources: [news_sources] rss:bbc_business → 15 items
2026-06-05 06:30:00,301 [INFO] primp: response: https://duckduckgo.com/news.js?l=wt-wt&o=json&noamp=1&q=NDQ.AX+news&vqd=4-202412510848312761135428331397754391525&p=-2 200
2026-06-05 06:30:00,313 [INFO] services.news_sources: [news_sources] yfinance:NDQ.AX → 0 items
2026-06-05 06:30:00,339 [INFO] services.news_sources: [news_sources] rss:yahoo_finance_headline → 15 items
2026-06-05 06:30:00,493 [INFO] primp: response: https://www.bing.com/news/infinitescrollajax?q=0700.HK+news&InfiniteScroll=1&first=11&SFX=1&cc=wt&setlang=wt 200
2026-06-05 06:30:00,533 [INFO] services.news_sources: [news_sources] rss:seeking_alpha_market → 7 items
2026-06-05 06:30:00,550 [INFO] primp: response: https://www.bing.com/news/infinitescrollajax?q=Fed+rate+decision&InfiniteScroll=1&first=11&SFX=1&cc=wt&setlang=wt 200
2026-06-05 06:30:00,613 [INFO] primp: response: https://news.search.yahoo.com/search?p=0700.HK+news 200
2026-06-05 06:30:00,614 [INFO] primp: response: https://news.search.yahoo.com/search?p=NDQ.AX+news 200
2026-06-05 06:30:00,616 [INFO] primp: response: https://news.search.yahoo.com/search?p=GC%3DF+news 200
2026-06-05 06:30:00,619 [INFO] primp: response: https://news.search.yahoo.com/search?p=ASIA.AX+news 200
2026-06-05 06:30:00,619 [INFO] primp: response: https://news.search.yahoo.com/search?p=Fed+rate+decision 200
2026-06-05 06:30:00,701 [INFO] services.news_sources: [news_sources] rss:ft_markets → 15 items
2026-06-05 06:30:01,003 [INFO] services.news_sources: [news_sources] ddgs:0700.HK news → 14 items
2026-06-05 06:30:01,005 [INFO] services.news_sources: [news_sources] ddgs:Fed rate decision → 15 items
2026-06-05 06:30:01,204 [INFO] primp: response: https://www.bing.com/news/infinitescrollajax?q=GC%3DF+news&InfiniteScroll=1&first=11&SFX=1&cc=wt&setlang=wt 200
2026-06-05 06:30:01,204 [INFO] primp: response: https://www.bing.com/news/infinitescrollajax?q=NDQ.AX+news&InfiniteScroll=1&first=11&SFX=1&cc=wt&setlang=wt 200
2026-06-05 06:30:01,223 [WARNING] services.news_sources.ddgs_news: DDGS query 'NDQ.AX news' 失败: No results found.
2026-06-05 06:30:01,239 [INFO] services.news_sources: [news_sources] ddgs:NDQ.AX news → 0 items
2026-06-05 06:30:01,271 [INFO] services.news_sources: [news_sources] ddgs:GC=F news → 11 items
2026-06-05 06:30:01,281 [INFO] services.news_sources: [news_sources] rss:reuters_business → 0 items
2026-06-05 06:30:01,357 [INFO] primp: response: https://www.bing.com/news/infinitescrollajax?q=ASIA.AX+news&InfiniteScroll=1&first=11&SFX=1&cc=wt&setlang=wt 200
2026-06-05 06:30:01,368 [INFO] services.news_sources: [news_sources] ddgs:ASIA.AX news → 5 items
2026-06-05 06:30:01,509 [INFO] services.news_sources: [news_sources] rss:caixin_global → 0 items
2026-06-05 06:30:01,515 [INFO] services.news_sources: [news_sources] 总计 117 条 → 去重后 117 条
2026-06-05 06:30:01,515 [INFO] jobs.event_watch: [event_watch] fetched 117 raw items
2026-06-05 06:30:01,533 [INFO] jobs.event_watch: [event_watch] unseen=11 / total=117
2026-06-05 06:30:21,756 [INFO] httpx: HTTP Request: POST https://token-plan-cn.xiaomimimo.com/v1/chat/completions "HTTP/1.1 200 OK"
2026-06-05 06:30:21,762 [INFO] jobs.event_watch: [event_watch] normalized 11 events
2026-06-05 06:30:21,766 [INFO] jobs.event_watch: [event_watch] triggerable=0
2026-06-05 06:30:21,766 [INFO] scheduler.runner: [event_watch] 成功
2026-06-05 06:30:21,774 [INFO] apscheduler.executors.default: Job "event_watch (trigger: cron[month='*', day='*', day_of_week='1-5', hour='0-7', minute='*/30'], next run at: 2026-06-05 07:00:00 CST)" executed successfully
2026-06-05 07:00:00,000 [INFO] apscheduler.executors.default: Running job "event_watch (trigger: cron[month='*', day='*', day_of_week='1-5', hour='0-7', minute='*/30'], next run at: 2026-06-05 07:30:00 CST)" (scheduled at 2026-06-05 07:00:00+08:00)
2026-06-05 07:00:00,000 [INFO] scheduler.runner: [event_watch] 启动 (started=2026-06-05T07:00:00+08:00)
2026-06-05 07:00:00,002 [INFO] jobs.event_watch: [event_watch] watched=['GC=F', 'ASIA.AX', '0700.HK', 'NDQ.AX'], queries=5
2026-06-05 07:00:00,092 [INFO] primp: response: https://duckduckgo.com/?q=GC%3DF+news 200
2026-06-05 07:00:00,169 [INFO] services.news_sources: [news_sources] yfinance:ASIA.AX → 0 items
2026-06-05 07:00:00,191 [INFO] services.news_sources: [news_sources] yfinance:GC=F → 10 items
2026-06-05 07:00:00,209 [INFO] services.news_sources: [news_sources] yfinance:0700.HK → 10 items
2026-06-05 07:00:00,224 [INFO] services.news_sources: [news_sources] yfinance:NDQ.AX → 0 items
2026-06-05 07:00:00,237 [INFO] primp: response: https://www.bing.com/news/infinitescrollajax?q=NDQ.AX+news&InfiniteScroll=1&first=11&SFX=1&cc=wt&setlang=wt 200
2026-06-05 07:00:00,256 [INFO] primp: response: https://www.bing.com/news/infinitescrollajax?q=ASIA.AX+news&InfiniteScroll=1&first=11&SFX=1&cc=wt&setlang=wt 200
2026-06-05 07:00:00,257 [INFO] primp: response: https://www.bing.com/news/infinitescrollajax?q=GC%3DF+news&InfiniteScroll=1&first=11&SFX=1&cc=wt&setlang=wt 200
2026-06-05 07:00:00,273 [INFO] primp: response: https://news.search.yahoo.com/search?p=NDQ.AX+news 200
2026-06-05 07:00:00,275 [INFO] primp: response: https://news.search.yahoo.com/search?p=ASIA.AX+news 200
2026-06-05 07:00:00,276 [INFO] primp: response: https://news.search.yahoo.com/search?p=0700.HK+news 200
2026-06-05 07:00:00,305 [INFO] primp: response: https://news.search.yahoo.com/search?p=Fed+rate+decision 200
2026-06-05 07:00:00,307 [INFO] primp: response: https://www.bing.com/news/infinitescrollajax?q=0700.HK+news&InfiniteScroll=1&first=11&SFX=1&cc=wt&setlang=wt 200
2026-06-05 07:00:00,319 [INFO] primp: response: https://duckduckgo.com/?q=Fed+rate+decision 200
2026-06-05 07:00:00,349 [INFO] primp: response: https://duckduckgo.com/news.js?l=wt-wt&o=json&noamp=1&q=GC%3DF+news&vqd=4-303888951936334936342867348331703388257&p=-2 200
2026-06-05 07:00:00,404 [INFO] primp: response: https://news.search.yahoo.com/search?p=GC%3DF+news 200
2026-06-05 07:00:00,451 [INFO] services.news_sources: [news_sources] rss:bbc_business → 15 items
2026-06-05 07:00:00,480 [INFO] services.news_sources: [news_sources] rss:yahoo_finance_headline → 15 items
2026-06-05 07:00:00,625 [INFO] primp: response: https://duckduckgo.com/news.js?l=wt-wt&o=json&noamp=1&q=Fed+rate+decision&vqd=4-203760749338534585397463458403918111974&p=-2 200
2026-06-05 07:00:00,635 [INFO] services.news_sources: [news_sources] ddgs:ASIA.AX news → 5 items
2026-06-05 07:00:00,655 [INFO] services.news_sources: [news_sources] ddgs:0700.HK news → 14 items
2026-06-05 07:00:00,672 [INFO] services.news_sources: [news_sources] rss:seeking_alpha_market → 7 items
2026-06-05 07:00:00,707 [INFO] services.news_sources: [news_sources] ddgs:Fed rate decision → 15 items
2026-06-05 07:00:00,763 [INFO] primp: response: https://duckduckgo.com/?q=NDQ.AX+news 200
2026-06-05 07:00:00,770 [INFO] services.news_sources: [news_sources] ddgs:GC=F news → 12 items
2026-06-05 07:00:00,796 [INFO] primp: response: https://duckduckgo.com/news.js?l=wt-wt&o=json&noamp=1&q=NDQ.AX+news&vqd=4-202399896457185725192563935239480278517&p=-2 403
2026-06-05 07:00:00,797 [WARNING] services.news_sources.ddgs_news: DDGS query 'NDQ.AX news' 失败: No results found.
2026-06-05 07:00:00,797 [INFO] services.news_sources: [news_sources] ddgs:NDQ.AX news → 0 items
2026-06-05 07:00:01,004 [INFO] services.news_sources: [news_sources] rss:reuters_business → 0 items
2026-06-05 07:00:01,091 [INFO] services.news_sources: [news_sources] rss:caixin_global → 0 items
2026-06-05 07:00:01,486 [INFO] services.news_sources: [news_sources] rss:ft_markets → 15 items
2026-06-05 07:00:01,491 [INFO] services.news_sources: [news_sources] 总计 118 条 → 去重后 118 条
2026-06-05 07:00:01,491 [INFO] jobs.event_watch: [event_watch] fetched 118 raw items
2026-06-05 07:00:01,507 [INFO] jobs.event_watch: [event_watch] unseen=10 / total=118
2026-06-05 07:00:22,024 [INFO] httpx: HTTP Request: POST https://token-plan-cn.xiaomimimo.com/v1/chat/completions "HTTP/1.1 200 OK"
2026-06-05 07:00:22,029 [INFO] jobs.event_watch: [event_watch] normalized 10 events
2026-06-05 07:00:22,033 [INFO] jobs.event_watch: [event_watch] triggerable=0
2026-06-05 07:00:22,034 [INFO] scheduler.runner: [event_watch] 成功
2026-06-05 07:00:22,043 [INFO] apscheduler.executors.default: Job "event_watch (trigger: cron[month='*', day='*', day_of_week='1-5', hour='0-7', minute='*/30'], next run at: 2026-06-05 07:30:00 CST)" executed successfully
2026-06-05 07:30:00,000 [INFO] apscheduler.executors.default: Running job "event_watch (trigger: cron[month='*', day='*', day_of_week='1-5', hour='0-7', minute='*/30'], next run at: 2026-06-06 00:00:00 CST)" (scheduled at 2026-06-05 07:30:00+08:00)
2026-06-05 07:30:00,000 [INFO] scheduler.runner: [event_watch] 启动 (started=2026-06-05T07:30:00+08:00)
2026-06-05 07:30:00,002 [INFO] jobs.event_watch: [event_watch] watched=['GC=F', 'ASIA.AX', '0700.HK', 'NDQ.AX'], queries=5
2026-06-05 07:30:00,088 [INFO] primp: response: https://duckduckgo.com/?q=0700.HK+news 200
2026-06-05 07:30:00,093 [INFO] primp: response: https://duckduckgo.com/?q=ASIA.AX+news 200
2026-06-05 07:30:00,107 [INFO] primp: response: https://duckduckgo.com/news.js?l=wt-wt&o=json&noamp=1&q=0700.HK+news&vqd=4-336202196053506391965331505825235584733&p=-2 403
2026-06-05 07:30:00,111 [INFO] primp: response: https://duckduckgo.com/news.js?l=wt-wt&o=json&noamp=1&q=ASIA.AX+news&vqd=4-124660566463837399077630820707897834175&p=-2 403
2026-06-05 07:30:00,186 [INFO] primp: response: https://duckduckgo.com/?q=Fed+rate+decision 200
2026-06-05 07:30:00,326 [INFO] services.news_sources: [news_sources] yfinance:ASIA.AX → 0 items
2026-06-05 07:30:00,353 [INFO] services.news_sources: [news_sources] yfinance:GC=F → 10 items
2026-06-05 07:30:00,371 [INFO] services.news_sources: [news_sources] yfinance:0700.HK → 10 items
2026-06-05 07:30:00,385 [INFO] primp: response: https://www.bing.com/news/infinitescrollajax?q=GC%3DF+news&InfiniteScroll=1&first=11&SFX=1&cc=wt&setlang=wt 200
2026-06-05 07:30:00,388 [INFO] services.news_sources: [news_sources] yfinance:NDQ.AX → 0 items
2026-06-05 07:30:00,408 [INFO] primp: response: https://www.bing.com/news/infinitescrollajax?q=NDQ.AX+news&InfiniteScroll=1&first=11&SFX=1&cc=wt&setlang=wt 200
2026-06-05 07:30:00,409 [INFO] services.news_sources: [news_sources] rss:bbc_business → 15 items
2026-06-05 07:30:00,436 [INFO] services.news_sources: [news_sources] rss:yahoo_finance_headline → 15 items
2026-06-05 07:30:00,449 [INFO] services.news_sources: [news_sources] rss:seeking_alpha_market → 7 items
2026-06-05 07:30:00,458 [INFO] primp: response: https://www.bing.com/news/infinitescrollajax?q=0700.HK+news&InfiniteScroll=1&first=11&SFX=1&cc=wt&setlang=wt 200
2026-06-05 07:30:00,498 [INFO] primp: response: https://duckduckgo.com/news.js?l=wt-wt&o=json&noamp=1&q=Fed+rate+decision&vqd=4-203760749338534585397463458403918111974&p=-2 200
2026-06-05 07:30:00,724 [INFO] primp: response: https://news.search.yahoo.com/search?p=GC%3DF+news 200
2026-06-05 07:30:00,745 [INFO] primp: response: https://news.search.yahoo.com/search?p=0700.HK+news 200
2026-06-05 07:30:00,745 [INFO] primp: response: https://news.search.yahoo.com/search?p=Fed+rate+decision 200
2026-06-05 07:30:00,745 [INFO] primp: response: https://news.search.yahoo.com/search?p=NDQ.AX+news 200
2026-06-05 07:30:00,745 [INFO] primp: response: https://news.search.yahoo.com/search?p=ASIA.AX+news 200
2026-06-05 07:30:00,834 [INFO] services.news_sources: [news_sources] rss:reuters_business → 0 items
2026-06-05 07:30:00,843 [INFO] services.news_sources: [news_sources] rss:ft_markets → 15 items
2026-06-05 07:30:01,090 [INFO] services.news_sources: [news_sources] rss:caixin_global → 0 items
2026-06-05 07:30:01,096 [INFO] services.news_sources: [news_sources] ddgs:GC=F news → 11 items
2026-06-05 07:30:01,109 [INFO] services.news_sources: [news_sources] ddgs:0700.HK news → 14 items
2026-06-05 07:30:01,119 [INFO] services.news_sources: [news_sources] ddgs:Fed rate decision → 15 items
2026-06-05 07:30:01,182 [INFO] primp: response: https://duckduckgo.com/?q=NDQ.AX+news 200
2026-06-05 07:30:01,204 [INFO] primp: response: https://duckduckgo.com/news.js?l=wt-wt&o=json&noamp=1&q=NDQ.AX+news&vqd=4-202399896457185725192563935239480278517&p=-2 403
2026-06-05 07:30:01,204 [WARNING] services.news_sources.ddgs_news: DDGS query 'NDQ.AX news' 失败: No results found.
2026-06-05 07:30:01,205 [INFO] services.news_sources: [news_sources] ddgs:NDQ.AX news → 0 items
2026-06-05 07:30:01,349 [INFO] primp: response: https://www.bing.com/news/infinitescrollajax?q=ASIA.AX+news&InfiniteScroll=1&first=11&SFX=1&cc=wt&setlang=wt 200
2026-06-05 07:30:01,351 [INFO] services.news_sources: [news_sources] ddgs:ASIA.AX news → 5 items
2026-06-05 07:30:01,356 [INFO] services.news_sources: [news_sources] 总计 117 条 → 去重后 117 条
2026-06-05 07:30:01,357 [INFO] jobs.event_watch: [event_watch] fetched 117 raw items
2026-06-05 07:30:01,374 [INFO] jobs.event_watch: [event_watch] unseen=13 / total=117
2026-06-05 07:30:23,247 [INFO] httpx: HTTP Request: POST https://token-plan-cn.xiaomimimo.com/v1/chat/completions "HTTP/1.1 200 OK"
2026-06-05 07:30:23,252 [INFO] jobs.event_watch: [event_watch] normalized 13 events
2026-06-05 07:30:23,275 [INFO] jobs.event_watch: [event_watch] triggerable=0
2026-06-05 07:30:23,276 [INFO] scheduler.runner: [event_watch] 成功
2026-06-05 07:30:23,283 [INFO] apscheduler.executors.default: Job "event_watch (trigger: cron[month='*', day='*', day_of_week='1-5', hour='0-7', minute='*/30'], next run at: 2026-06-06 00:00:00 CST)" executed successfully
2026-06-05 09:00:00,000 [INFO] apscheduler.executors.default: Running job "pnl_snapshot (trigger: cron[month='*', day='*', day_of_week='1-5', hour='9-23/2', minute='0'], next run at: 2026-06-05 11:00:00 CST)" (scheduled at 2026-06-05 09:00:00+08:00)
2026-06-05 09:00:00,000 [INFO] scheduler.runner: [pnl_snapshot] 启动 (started=2026-06-05T09:00:00+08:00)
2026-06-05 09:00:00,168 [WARNING] jobs.pnl_snapshot: benchmark series 拉失败，跳过 outperform 事件: get_all_series() missing 1 required positional argument: 'start_date'
2026-06-05 09:00:03,187 [INFO] scheduler.runner: [pnl_snapshot] 成功
2026-06-05 09:00:03,196 [INFO] apscheduler.executors.default: Job "pnl_snapshot (trigger: cron[month='*', day='*', day_of_week='1-5', hour='9-23/2', minute='0'], next run at: 2026-06-05 11:00:00 CST)" executed successfully
2026-06-05 10:00:00,002 [INFO] apscheduler.executors.default: Running job "daily_report (trigger: cron[month='*', day='*', day_of_week='*', hour='10', minute='0'], next run at: 2026-06-06 10:00:00 CST)" (scheduled at 2026-06-05 10:00:00+08:00)
2026-06-05 10:00:00,002 [INFO] scheduler.runner: [daily_report] 启动 (started=2026-06-05T10:00:00+08:00)
2026-06-05 10:00:00,463 [INFO] jobs.daily_report: run_committee_session 跑 4 资产...
2026-06-05 10:00:14,492 [INFO] httpx: HTTP Request: POST https://token-plan-cn.xiaomimimo.com/v1/chat/completions "HTTP/1.1 200 OK"
2026-06-05 10:00:26,741 [INFO] httpx: HTTP Request: POST https://token-plan-cn.xiaomimimo.com/v1/chat/completions "HTTP/1.1 200 OK"
2026-06-05 10:00:44,542 [INFO] httpx: HTTP Request: POST https://token-plan-cn.xiaomimimo.com/v1/chat/completions "HTTP/1.1 200 OK"
2026-06-05 10:01:02,345 [INFO] httpx: HTTP Request: POST https://token-plan-cn.xiaomimimo.com/v1/chat/completions "HTTP/1.1 200 OK"
2026-06-05 10:01:05,662 [INFO] httpx: HTTP Request: POST https://token-plan-cn.xiaomimimo.com/v1/chat/completions "HTTP/1.1 200 OK"
2026-06-05 10:01:06,320 [INFO] httpx: HTTP Request: POST https://token-plan-cn.xiaomimimo.com/v1/chat/completions "HTTP/1.1 200 OK"
2026-06-05 10:01:07,912 [INFO] httpx: HTTP Request: POST https://token-plan-cn.xiaomimimo.com/v1/chat/completions "HTTP/1.1 200 OK"
2026-06-05 10:01:10,321 [INFO] httpx: HTTP Request: POST https://token-plan-cn.xiaomimimo.com/v1/chat/completions "HTTP/1.1 200 OK"
2026-06-05 10:01:11,963 [INFO] httpx: HTTP Request: POST https://token-plan-cn.xiaomimimo.com/v1/chat/completions "HTTP/1.1 200 OK"
2026-06-05 10:01:17,939 [INFO] httpx: HTTP Request: POST https://token-plan-cn.xiaomimimo.com/v1/chat/completions "HTTP/1.1 200 OK"
2026-06-05 10:01:18,156 [INFO] httpx: HTTP Request: POST https://token-plan-cn.xiaomimimo.com/v1/chat/completions "HTTP/1.1 200 OK"
2026-06-05 10:01:26,841 [INFO] httpx: HTTP Request: POST https://token-plan-cn.xiaomimimo.com/v1/chat/completions "HTTP/1.1 200 OK"
2026-06-05 10:01:32,410 [INFO] httpx: HTTP Request: POST https://token-plan-cn.xiaomimimo.com/v1/chat/completions "HTTP/1.1 200 OK"
2026-06-05 10:01:41,823 [INFO] httpx: HTTP Request: POST https://token-plan-cn.xiaomimimo.com/v1/chat/completions "HTTP/1.1 200 OK"
2026-06-05 10:01:52,849 [INFO] httpx: HTTP Request: POST https://token-plan-cn.xiaomimimo.com/v1/chat/completions "HTTP/1.1 200 OK"
2026-06-05 10:01:56,303 [INFO] httpx: HTTP Request: POST https://token-plan-cn.xiaomimimo.com/v1/chat/completions "HTTP/1.1 200 OK"
2026-06-05 10:02:02,081 [INFO] httpx: HTTP Request: POST https://token-plan-cn.xiaomimimo.com/v1/chat/completions "HTTP/1.1 200 OK"
2026-06-05 10:02:09,388 [INFO] httpx: HTTP Request: POST https://token-plan-cn.xiaomimimo.com/v1/chat/completions "HTTP/1.1 200 OK"
2026-06-05 10:02:13,867 [INFO] httpx: HTTP Request: POST https://token-plan-cn.xiaomimimo.com/v1/chat/completions "HTTP/1.1 200 OK"
2026-06-05 10:02:14,042 [INFO] httpx: HTTP Request: POST https://token-plan-cn.xiaomimimo.com/v1/chat/completions "HTTP/1.1 200 OK"
2026-06-05 10:02:18,044 [INFO] httpx: HTTP Request: POST https://token-plan-cn.xiaomimimo.com/v1/chat/completions "HTTP/1.1 200 OK"
2026-06-05 10:02:25,652 [INFO] httpx: HTTP Request: POST https://token-plan-cn.xiaomimimo.com/v1/chat/completions "HTTP/1.1 200 OK"
2026-06-05 10:02:25,713 [INFO] httpx: HTTP Request: POST https://token-plan-cn.xiaomimimo.com/v1/chat/completions "HTTP/1.1 200 OK"
2026-06-05 10:02:33,076 [INFO] openai._base_client: Retrying request to /chat/completions in 0.485862 seconds
2026-06-05 10:02:35,880 [INFO] httpx: HTTP Request: POST https://token-plan-cn.xiaomimimo.com/v1/chat/completions "HTTP/1.1 200 OK"
2026-06-05 10:02:50,356 [INFO] httpx: HTTP Request: POST https://token-plan-cn.xiaomimimo.com/v1/chat/completions "HTTP/1.1 200 OK"
2026-06-05 10:02:56,837 [INFO] httpx: HTTP Request: POST https://token-plan-cn.xiaomimimo.com/v1/chat/completions "HTTP/1.1 200 OK"
2026-06-05 10:03:21,708 [INFO] httpx: HTTP Request: POST https://token-plan-cn.xiaomimimo.com/v1/chat/completions "HTTP/1.1 200 OK"
2026-06-05 10:03:23,189 [INFO] httpx: HTTP Request: POST https://token-plan-cn.xiaomimimo.com/v1/chat/completions "HTTP/1.1 200 OK"
2026-06-05 10:03:32,428 [INFO] httpx: HTTP Request: POST https://token-plan-cn.xiaomimimo.com/v1/chat/completions "HTTP/1.1 200 OK"
2026-06-05 10:04:08,654 [INFO] httpx: HTTP Request: POST https://token-plan-cn.xiaomimimo.com/v1/chat/completions "HTTP/1.1 200 OK"
2026-06-05 10:04:19,017 [INFO] httpx: HTTP Request: POST https://token-plan-cn.xiaomimimo.com/v1/chat/completions "HTTP/1.1 200 OK"
2026-06-05 10:04:19,240 [INFO] jobs.daily_report:   NDQ.AX: HOLD (conf 0.78, dom risk, alloc ¥0)
2026-06-05 10:04:19,240 [INFO] jobs.daily_report:   GC=F: HOLD (conf 0.72, dom macro, alloc ¥0)
2026-06-05 10:04:19,240 [INFO] jobs.daily_report:   ASIA.AX: HOLD (conf 0.60, dom risk, alloc ¥0)
2026-06-05 10:04:19,240 [INFO] jobs.daily_report:   0700.HK: ACCUMULATE (conf 0.65, dom risk, alloc ¥775)
2026-06-05 10:04:19,444 [INFO] jobs.daily_report: [Gemini CLI] 正在生成第二意见...
2026-06-05 10:04:22,848 [INFO] scheduler.runner: [daily_report] 成功
2026-06-05 10:04:22,855 [INFO] apscheduler.executors.default: Job "daily_report (trigger: cron[month='*', day='*', day_of_week='*', hour='10', minute='0'], next run at: 2026-06-06 10:00:00 CST)" executed successfully
2026-06-05 11:00:00,000 [INFO] apscheduler.executors.default: Running job "pnl_snapshot (trigger: cron[month='*', day='*', day_of_week='1-5', hour='9-23/2', minute='0'], next run at: 2026-06-05 13:00:00 CST)" (scheduled at 2026-06-05 11:00:00+08:00)
2026-06-05 11:00:00,000 [INFO] scheduler.runner: [pnl_snapshot] 启动 (started=2026-06-05T11:00:00+08:00)
2026-06-05 11:00:00,338 [WARNING] jobs.pnl_snapshot: benchmark series 拉失败，跳过 outperform 事件: get_all_series() missing 1 required positional argument: 'start_date'
2026-06-05 11:00:02,714 [INFO] scheduler.runner: [pnl_snapshot] 成功
2026-06-05 11:00:02,723 [INFO] apscheduler.executors.default: Job "pnl_snapshot (trigger: cron[month='*', day='*', day_of_week='1-5', hour='9-23/2', minute='0'], next run at: 2026-06-05 13:00:00 CST)" executed successfully
2026-06-05 13:00:00,000 [INFO] apscheduler.executors.default: Running job "pnl_snapshot (trigger: cron[month='*', day='*', day_of_week='1-5', hour='9-23/2', minute='0'], next run at: 2026-06-05 15:00:00 CST)" (scheduled at 2026-06-05 13:00:00+08:00)
2026-06-05 13:00:00,000 [INFO] scheduler.runner: [pnl_snapshot] 启动 (started=2026-06-05T13:00:00+08:00)
2026-06-05 13:00:00,311 [WARNING] jobs.pnl_snapshot: benchmark series 拉失败，跳过 outperform 事件: get_all_series() missing 1 required positional argument: 'start_date'
2026-06-05 13:00:02,551 [INFO] scheduler.runner: [pnl_snapshot] 成功
2026-06-05 13:00:02,560 [INFO] apscheduler.executors.default: Job "pnl_snapshot (trigger: cron[month='*', day='*', day_of_week='1-5', hour='9-23/2', minute='0'], next run at: 2026-06-05 15:00:00 CST)" executed successfully
2026-06-05 15:00:00,000 [INFO] apscheduler.executors.default: Running job "pnl_snapshot (trigger: cron[month='*', day='*', day_of_week='1-5', hour='9-23/2', minute='0'], next run at: 2026-06-05 17:00:00 CST)" (scheduled at 2026-06-05 15:00:00+08:00)
2026-06-05 15:00:00,000 [INFO] scheduler.runner: [pnl_snapshot] 启动 (started=2026-06-05T15:00:00+08:00)
2026-06-05 15:00:00,364 [WARNING] jobs.pnl_snapshot: benchmark series 拉失败，跳过 outperform 事件: get_all_series() missing 1 required positional argument: 'start_date'
2026-06-05 15:00:03,032 [INFO] scheduler.runner: [pnl_snapshot] 成功
2026-06-05 15:00:03,041 [INFO] apscheduler.executors.default: Job "pnl_snapshot (trigger: cron[month='*', day='*', day_of_week='1-5', hour='9-23/2', minute='0'], next run at: 2026-06-05 17:00:00 CST)" executed successfully
2026-06-05 17:00:00,001 [INFO] apscheduler.executors.default: Running job "pnl_snapshot (trigger: cron[month='*', day='*', day_of_week='1-5', hour='9-23/2', minute='0'], next run at: 2026-06-05 19:00:00 CST)" (scheduled at 2026-06-05 17:00:00+08:00)
2026-06-05 17:00:00,002 [INFO] scheduler.runner: [pnl_snapshot] 启动 (started=2026-06-05T17:00:00+08:00)
2026-06-05 17:00:00,421 [WARNING] jobs.pnl_snapshot: benchmark series 拉失败，跳过 outperform 事件: get_all_series() missing 1 required positional argument: 'start_date'
2026-06-05 17:00:02,919 [INFO] scheduler.runner: [pnl_snapshot] 成功
2026-06-05 17:00:02,927 [INFO] apscheduler.executors.default: Job "pnl_snapshot (trigger: cron[month='*', day='*', day_of_week='1-5', hour='9-23/2', minute='0'], next run at: 2026-06-05 19:00:00 CST)" executed successfully
2026-06-05 19:00:00,000 [INFO] apscheduler.executors.default: Running job "pnl_snapshot (trigger: cron[month='*', day='*', day_of_week='1-5', hour='9-23/2', minute='0'], next run at: 2026-06-05 21:00:00 CST)" (scheduled at 2026-06-05 19:00:00+08:00)
2026-06-05 19:00:00,000 [INFO] scheduler.runner: [pnl_snapshot] 启动 (started=2026-06-05T19:00:00+08:00)
2026-06-05 19:00:00,442 [WARNING] jobs.pnl_snapshot: benchmark series 拉失败，跳过 outperform 事件: get_all_series() missing 1 required positional argument: 'start_date'
2026-06-05 19:00:03,202 [INFO] scheduler.runner: [pnl_snapshot] 成功
2026-06-05 19:00:03,209 [INFO] apscheduler.executors.default: Job "pnl_snapshot (trigger: cron[month='*', day='*', day_of_week='1-5', hour='9-23/2', minute='0'], next run at: 2026-06-05 21:00:00 CST)" executed successfully
2026-06-05 21:00:00,000 [INFO] apscheduler.executors.default: Running job "pnl_snapshot (trigger: cron[month='*', day='*', day_of_week='1-5', hour='9-23/2', minute='0'], next run at: 2026-06-05 23:00:00 CST)" (scheduled at 2026-06-05 21:00:00+08:00)
2026-06-05 21:00:00,000 [INFO] scheduler.runner: [pnl_snapshot] 启动 (started=2026-06-05T21:00:00+08:00)
2026-06-05 21:00:00,173 [WARNING] jobs.pnl_snapshot: benchmark series 拉失败，跳过 outperform 事件: get_all_series() missing 1 required positional argument: 'start_date'
2026-06-05 21:00:02,732 [INFO] scheduler.runner: [pnl_snapshot] 成功
2026-06-05 21:00:02,741 [INFO] apscheduler.executors.default: Job "pnl_snapshot (trigger: cron[month='*', day='*', day_of_week='1-5', hour='9-23/2', minute='0'], next run at: 2026-06-05 23:00:00 CST)" executed successfully
2026-06-05 23:00:00,000 [INFO] apscheduler.executors.default: Running job "pnl_snapshot (trigger: cron[month='*', day='*', day_of_week='1-5', hour='9-23/2', minute='0'], next run at: 2026-06-06 09:00:00 CST)" (scheduled at 2026-06-05 23:00:00+08:00)
2026-06-05 23:00:00,000 [INFO] scheduler.runner: [pnl_snapshot] 启动 (started=2026-06-05T23:00:00+08:00)
2026-06-05 23:00:00,308 [WARNING] jobs.pnl_snapshot: benchmark series 拉失败，跳过 outperform 事件: get_all_series() missing 1 required positional argument: 'start_date'
2026-06-05 23:00:04,092 [INFO] scheduler.runner: [pnl_snapshot] 成功
2026-06-05 23:00:04,099 [INFO] apscheduler.executors.default: Job "pnl_snapshot (trigger: cron[month='*', day='*', day_of_week='1-5', hour='9-23/2', minute='0'], next run at: 2026-06-06 09:00:00 CST)" executed successfully
2026-06-06 00:00:00,000 [INFO] apscheduler.executors.default: Running job "event_watch (trigger: cron[month='*', day='*', day_of_week='1-5', hour='0-7', minute='*/30'], next run at: 2026-06-06 00:30:00 CST)" (scheduled at 2026-06-06 00:00:00+08:00)
2026-06-06 00:00:00,000 [INFO] scheduler.runner: [event_watch] 启动 (started=2026-06-06T00:00:00+08:00)
2026-06-06 00:00:00,002 [INFO] jobs.event_watch: [event_watch] watched=['GC=F', 'ASIA.AX', '0700.HK', 'NDQ.AX'], queries=5
2026-06-06 00:00:00,097 [INFO] primp: response: https://duckduckgo.com/?q=GC%3DF+news 200
2026-06-06 00:00:00,103 [INFO] primp: response: https://duckduckgo.com/?q=ASIA.AX+news 200
2026-06-06 00:00:00,104 [INFO] primp: response: https://duckduckgo.com/?q=Fed+rate+decision 200
2026-06-06 00:00:00,125 [INFO] primp: response: https://duckduckgo.com/news.js?l=wt-wt&o=json&noamp=1&q=ASIA.AX+news&vqd=4-124657667346914758872959246597773396815&p=-2 403
2026-06-06 00:00:00,130 [INFO] primp: response: https://duckduckgo.com/news.js?l=wt-wt&o=json&noamp=1&q=Fed+rate+decision&vqd=4-203756547076793690431527379291970573590&p=-2 403
2026-06-06 00:00:00,204 [INFO] services.news_sources: [news_sources] yfinance:ASIA.AX → 0 items
2026-06-06 00:00:00,227 [INFO] services.news_sources: [news_sources] yfinance:GC=F → 10 items
2026-06-06 00:00:00,227 [INFO] services.news_sources: [news_sources] yfinance:0700.HK → 10 items
2026-06-06 00:00:00,275 [INFO] services.news_sources: [news_sources] rss:bbc_business → 15 items
2026-06-06 00:00:00,277 [INFO] services.news_sources: [news_sources] yfinance:NDQ.AX → 0 items
2026-06-06 00:00:00,282 [INFO] primp: response: https://www.bing.com/news/infinitescrollajax?q=NDQ.AX+news&InfiniteScroll=1&first=11&SFX=1&cc=wt&setlang=wt 200
2026-06-06 00:00:00,284 [INFO] primp: response: https://www.bing.com/news/infinitescrollajax?q=0700.HK+news&InfiniteScroll=1&first=11&SFX=1&cc=wt&setlang=wt 200
2026-06-06 00:00:00,304 [INFO] primp: response: https://www.bing.com/news/infinitescrollajax?q=GC%3DF+news&InfiniteScroll=1&first=11&SFX=1&cc=wt&setlang=wt 200
2026-06-06 00:00:00,305 [INFO] services.news_sources: [news_sources] rss:yahoo_finance_headline → 15 items
2026-06-06 00:00:00,344 [INFO] primp: response: https://duckduckgo.com/news.js?l=wt-wt&o=json&noamp=1&q=GC%3DF+news&vqd=4-303884769957005772454701803454832949649&p=-2 200
2026-06-06 00:00:00,419 [INFO] primp: response: https://www.bing.com/news/infinitescrollajax?q=ASIA.AX+news&InfiniteScroll=1&first=11&SFX=1&cc=wt&setlang=wt 200
2026-06-06 00:00:00,593 [INFO] services.news_sources: [news_sources] rss:seeking_alpha_market → 7 items
2026-06-06 00:00:00,611 [INFO] primp: response: https://news.search.yahoo.com/search?p=0700.HK+news 200
2026-06-06 00:00:00,611 [INFO] primp: response: https://news.search.yahoo.com/search?p=Fed+rate+decision 200
2026-06-06 00:00:00,617 [INFO] primp: response: https://news.search.yahoo.com/search?p=ASIA.AX+news 200
2026-06-06 00:00:00,620 [INFO] primp: response: https://news.search.yahoo.com/search?p=GC%3DF+news 200
2026-06-06 00:00:00,622 [INFO] primp: response: https://news.search.yahoo.com/search?p=NDQ.AX+news 200
2026-06-06 00:00:01,031 [INFO] services.news_sources: [news_sources] ddgs:ASIA.AX news → 5 items
2026-06-06 00:00:01,045 [INFO] services.news_sources: [news_sources] rss:reuters_business → 0 items
2026-06-06 00:00:01,052 [INFO] services.news_sources: [news_sources] ddgs:GC=F news → 13 items
2026-06-06 00:00:01,054 [INFO] services.news_sources: [news_sources] ddgs:0700.HK news → 14 items
2026-06-06 00:00:01,134 [INFO] services.news_sources: [news_sources] rss:caixin_global → 0 items
2026-06-06 00:00:01,134 [INFO] primp: response: https://duckduckgo.com/?q=NDQ.AX+news 200
2026-06-06 00:00:01,170 [INFO] primp: response: https://duckduckgo.com/news.js?l=wt-wt&o=json&noamp=1&q=NDQ.AX+news&vqd=4-202396961846046720138735193316458695685&p=-2 403
2026-06-06 00:00:01,170 [WARNING] services.news_sources.ddgs_news: DDGS query 'NDQ.AX news' 失败: No results found.
2026-06-06 00:00:01,171 [INFO] services.news_sources: [news_sources] ddgs:NDQ.AX news → 0 items
2026-06-06 00:00:01,339 [INFO] services.news_sources: [news_sources] rss:ft_markets → 15 items
2026-06-06 00:00:01,457 [INFO] primp: response: https://www.bing.com/news/infinitescrollajax?q=Fed+rate+decision&InfiniteScroll=1&first=11&SFX=1&cc=wt&setlang=wt 200
2026-06-06 00:00:01,468 [INFO] services.news_sources: [news_sources] ddgs:Fed rate decision → 15 items
2026-06-06 00:00:01,472 [INFO] services.news_sources: [news_sources] 总计 119 条 → 去重后 118 条
2026-06-06 00:00:01,472 [INFO] jobs.event_watch: [event_watch] fetched 118 raw items
2026-06-06 00:00:01,494 [INFO] jobs.event_watch: [event_watch] unseen=57 / total=118
2026-06-06 00:00:51,239 [INFO] httpx: HTTP Request: POST https://token-plan-cn.xiaomimimo.com/v1/chat/completions "HTTP/1.1 200 OK"
2026-06-06 00:01:43,721 [INFO] httpx: HTTP Request: POST https://token-plan-cn.xiaomimimo.com/v1/chat/completions "HTTP/1.1 200 OK"
2026-06-06 00:02:02,085 [INFO] httpx: HTTP Request: POST https://token-plan-cn.xiaomimimo.com/v1/chat/completions "HTTP/1.1 200 OK"
2026-06-06 00:02:02,089 [INFO] jobs.event_watch: [event_watch] normalized 57 events
2026-06-06 00:02:02,120 [INFO] jobs.event_watch: [event_watch] triggerable=2
2026-06-06 00:02:05,074 [INFO] scheduler.runner: [event_watch] 成功
2026-06-06 00:02:05,081 [INFO] apscheduler.executors.default: Job "event_watch (trigger: cron[month='*', day='*', day_of_week='1-5', hour='0-7', minute='*/30'], next run at: 2026-06-06 00:30:00 CST)" executed successfully
2026-06-06 00:30:00,000 [INFO] apscheduler.executors.default: Running job "event_watch (trigger: cron[month='*', day='*', day_of_week='1-5', hour='0-7', minute='*/30'], next run at: 2026-06-06 01:00:00 CST)" (scheduled at 2026-06-06 00:30:00+08:00)
2026-06-06 00:30:00,000 [INFO] scheduler.runner: [event_watch] 启动 (started=2026-06-06T00:30:00+08:00)
2026-06-06 00:30:00,002 [INFO] jobs.event_watch: [event_watch] watched=['GC=F', 'ASIA.AX', '0700.HK', 'NDQ.AX'], queries=5
2026-06-06 00:30:00,083 [INFO] primp: response: https://duckduckgo.com/?q=ASIA.AX+news 200
2026-06-06 00:30:00,087 [INFO] primp: response: https://duckduckgo.com/?q=GC%3DF+news 200
2026-06-06 00:30:00,103 [INFO] primp: response: https://duckduckgo.com/?q=0700.HK+news 200
2026-06-06 00:30:00,104 [INFO] primp: response: https://duckduckgo.com/news.js?l=wt-wt&o=json&noamp=1&q=ASIA.AX+news&vqd=4-124657667346914758872959246597773396815&p=-2 403
2026-06-06 00:30:00,105 [INFO] primp: response: https://duckduckgo.com/?q=NDQ.AX+news 200
2026-06-06 00:30:00,112 [INFO] primp: response: https://duckduckgo.com/news.js?l=wt-wt&o=json&noamp=1&q=GC%3DF+news&vqd=4-303884769957005772454701803454832949649&p=-2 403
2026-06-06 00:30:00,128 [INFO] primp: response: https://duckduckgo.com/news.js?l=wt-wt&o=json&noamp=1&q=NDQ.AX+news&vqd=4-202396961846046720138735193316458695685&p=-2 403
2026-06-06 00:30:00,211 [INFO] primp: response: https://www.bing.com/news/infinitescrollajax?q=GC%3DF+news&InfiniteScroll=1&first=11&SFX=1&cc=wt&setlang=wt 200
2026-06-06 00:30:00,216 [INFO] primp: response: https://www.bing.com/news/infinitescrollajax?q=NDQ.AX+news&InfiniteScroll=1&first=11&SFX=1&cc=wt&setlang=wt 200
2026-06-06 00:30:00,221 [INFO] services.news_sources: [news_sources] yfinance:GC=F → 10 items
2026-06-06 00:30:00,245 [INFO] services.news_sources: [news_sources] yfinance:0700.HK → 10 items
2026-06-06 00:30:00,258 [INFO] primp: response: https://www.bing.com/news/infinitescrollajax?q=Fed+rate+decision&InfiniteScroll=1&first=11&SFX=1&cc=wt&setlang=wt 200
2026-06-06 00:30:00,309 [INFO] services.news_sources: [news_sources] yfinance:NDQ.AX → 0 items
2026-06-06 00:30:00,319 [INFO] primp: response: https://duckduckgo.com/news.js?l=wt-wt&o=json&noamp=1&q=0700.HK+news&vqd=4-336205156017657846076493474351703078701&p=-2 200
2026-06-06 00:30:00,394 [INFO] services.news_sources: [news_sources] rss:bbc_business → 15 items
2026-06-06 00:30:00,512 [INFO] services.news_sources: [news_sources] yfinance:ASIA.AX → 0 items
2026-06-06 00:30:00,539 [INFO] services.news_sources: [news_sources] rss:yahoo_finance_headline → 15 items
2026-06-06 00:30:00,593 [INFO] services.news_sources: [news_sources] rss:seeking_alpha_market → 7 items
2026-06-06 00:30:00,730 [INFO] primp: response: https://news.search.yahoo.com/search?p=ASIA.AX+news 200
2026-06-06 00:30:00,746 [INFO] primp: response: https://news.search.yahoo.com/search?p=Fed+rate+decision 200
2026-06-06 00:30:00,746 [INFO] primp: response: https://news.search.yahoo.com/search?p=GC%3DF+news 200
2026-06-06 00:30:00,753 [INFO] primp: response: https://news.search.yahoo.com/search?p=0700.HK+news 200
2026-06-06 00:30:00,769 [INFO] primp: response: https://news.search.yahoo.com/search?p=NDQ.AX+news 200
2026-06-06 00:30:00,786 [INFO] services.news_sources: [news_sources] rss:reuters_business → 0 items
2026-06-06 00:30:01,066 [INFO] services.news_sources: [news_sources] rss:ft_markets → 15 items
2026-06-06 00:30:01,112 [INFO] services.news_sources: [news_sources] ddgs:GC=F news → 11 items
2026-06-06 00:30:01,140 [INFO] services.news_sources: [news_sources] ddgs:Fed rate decision → 15 items
2026-06-06 00:30:01,153 [WARNING] services.news_sources.ddgs_news: DDGS query 'NDQ.AX news' 失败: No results found.
2026-06-06 00:30:01,154 [INFO] services.news_sources: [news_sources] ddgs:NDQ.AX news → 0 items
2026-06-06 00:30:01,348 [INFO] primp: response: https://www.bing.com/news/infinitescrollajax?q=ASIA.AX+news&InfiniteScroll=1&first=11&SFX=1&cc=wt&setlang=wt 200
2026-06-06 00:30:01,351 [INFO] services.news_sources: [news_sources] ddgs:ASIA.AX news → 5 items
2026-06-06 00:30:01,391 [INFO] primp: response: https://www.bing.com/news/infinitescrollajax?q=0700.HK+news&InfiniteScroll=1&first=11&SFX=1&cc=wt&setlang=wt 200
2026-06-06 00:30:01,393 [INFO] services.news_sources: [news_sources] ddgs:0700.HK news → 15 items
2026-06-06 00:30:01,468 [INFO] services.news_sources: [news_sources] rss:caixin_global → 0 items
2026-06-06 00:30:01,479 [INFO] services.news_sources: [news_sources] 总计 118 条 → 去重后 118 条
2026-06-06 00:30:01,479 [INFO] jobs.event_watch: [event_watch] fetched 118 raw items
2026-06-06 00:30:01,497 [INFO] jobs.event_watch: [event_watch] unseen=26 / total=118
2026-06-06 00:30:50,296 [INFO] httpx: HTTP Request: POST https://token-plan-cn.xiaomimimo.com/v1/chat/completions "HTTP/1.1 200 OK"
2026-06-06 00:30:55,989 [INFO] httpx: HTTP Request: POST https://token-plan-cn.xiaomimimo.com/v1/chat/completions "HTTP/1.1 200 OK"
2026-06-06 00:30:55,991 [INFO] jobs.event_watch: [event_watch] normalized 26 events
2026-06-06 00:30:55,999 [INFO] jobs.event_watch: [event_watch] triggerable=2
2026-06-06 00:30:59,325 [INFO] scheduler.runner: [event_watch] 成功
2026-06-06 00:30:59,331 [INFO] apscheduler.executors.default: Job "event_watch (trigger: cron[month='*', day='*', day_of_week='1-5', hour='0-7', minute='*/30'], next run at: 2026-06-06 01:00:00 CST)" executed successfully
2026-06-06 01:00:00,000 [INFO] apscheduler.executors.default: Running job "event_watch (trigger: cron[month='*', day='*', day_of_week='1-5', hour='0-7', minute='*/30'], next run at: 2026-06-06 01:30:00 CST)" (scheduled at 2026-06-06 01:00:00+08:00)
2026-06-06 01:00:00,001 [INFO] scheduler.runner: [event_watch] 启动 (started=2026-06-06T01:00:00+08:00)
2026-06-06 01:00:00,002 [INFO] jobs.event_watch: [event_watch] watched=['GC=F', 'ASIA.AX', '0700.HK', 'NDQ.AX'], queries=5
2026-06-06 01:00:00,091 [INFO] primp: response: https://duckduckgo.com/?q=GC%3DF+news 200
2026-06-06 01:00:00,114 [INFO] primp: response: https://duckduckgo.com/news.js?l=wt-wt&o=json&noamp=1&q=GC%3DF+news&vqd=4-303894141697891058836738130823164480385&p=-2 403
2026-06-06 01:00:00,143 [INFO] services.news_sources: [news_sources] yfinance:ASIA.AX → 0 items
2026-06-06 01:00:00,157 [INFO] services.news_sources: [news_sources] yfinance:GC=F → 10 items
2026-06-06 01:00:00,177 [INFO] services.news_sources: [news_sources] yfinance:0700.HK → 10 items
2026-06-06 01:00:00,202 [INFO] primp: response: https://duckduckgo.com/?q=NDQ.AX+news 200
2026-06-06 01:00:00,206 [INFO] services.news_sources: [news_sources] yfinance:NDQ.AX → 0 items
2026-06-06 01:00:00,253 [INFO] primp: response: https://www.bing.com/news/infinitescrollajax?q=0700.HK+news&InfiniteScroll=1&first=11&SFX=1&cc=wt&setlang=wt 200
2026-06-06 01:00:00,266 [INFO] primp: response: https://www.bing.com/news/infinitescrollajax?q=NDQ.AX+news&InfiniteScroll=1&first=11&SFX=1&cc=wt&setlang=wt 200
2026-06-06 01:00:00,274 [INFO] primp: response: https://www.bing.com/news/infinitescrollajax?q=ASIA.AX+news&InfiniteScroll=1&first=11&SFX=1&cc=wt&setlang=wt 200
2026-06-06 01:00:00,308 [INFO] services.news_sources: [news_sources] rss:bbc_business → 15 items
2026-06-06 01:00:00,337 [INFO] services.news_sources: [news_sources] rss:yahoo_finance_headline → 15 items
2026-06-06 01:00:00,361 [INFO] primp: response: https://www.bing.com/news/infinitescrollajax?q=GC%3DF+news&InfiniteScroll=1&first=11&SFX=1&cc=wt&setlang=wt 200
2026-06-06 01:00:00,424 [INFO] primp: response: https://duckduckgo.com/news.js?l=wt-wt&o=json&noamp=1&q=NDQ.AX+news&vqd=4-202405116642358659209663368864107003413&p=-2 200
2026-06-06 01:00:00,465 [INFO] primp: response: https://www.bing.com/news/infinitescrollajax?q=Fed+rate+decision&InfiniteScroll=1&first=11&SFX=1&cc=wt&setlang=wt 200
2026-06-06 01:00:00,562 [INFO] primp: response: https://news.search.yahoo.com/search?p=GC%3DF+news 200
2026-06-06 01:00:00,564 [INFO] primp: response: https://news.search.yahoo.com/search?p=0700.HK+news 200
2026-06-06 01:00:00,566 [INFO] primp: response: https://news.search.yahoo.com/search?p=NDQ.AX+news 200
2026-06-06 01:00:00,572 [INFO] primp: response: https://news.search.yahoo.com/search?p=ASIA.AX+news 200
2026-06-06 01:00:00,573 [INFO] primp: response: https://news.search.yahoo.com/search?p=Fed+rate+decision 200
2026-06-06 01:00:00,703 [INFO] services.news_sources: [news_sources] rss:seeking_alpha_market → 7 items
2026-06-06 01:00:00,879 [INFO] services.news_sources: [news_sources] rss:ft_markets → 15 items
2026-06-06 01:00:00,912 [INFO] services.news_sources: [news_sources] rss:reuters_business → 0 items
2026-06-06 01:00:00,958 [WARNING] services.news_sources.ddgs_news: DDGS query 'NDQ.AX news' 失败: No results found.
2026-06-06 01:00:00,959 [INFO] services.news_sources: [news_sources] ddgs:NDQ.AX news → 0 items
2026-06-06 01:00:00,961 [INFO] services.news_sources: [news_sources] ddgs:GC=F news → 11 items
2026-06-06 01:00:00,987 [INFO] services.news_sources: [news_sources] ddgs:0700.HK news → 15 items
2026-06-06 01:00:00,989 [INFO] services.news_sources: [news_sources] ddgs:Fed rate decision → 15 items
2026-06-06 01:00:01,281 [INFO] services.news_sources: [news_sources] rss:caixin_global → 0 items
2026-06-06 01:00:01,301 [INFO] services.news_sources: [news_sources] ddgs:ASIA.AX news → 5 items
2026-06-06 01:00:01,304 [INFO] services.news_sources: [news_sources] 总计 118 条 → 去重后 118 条
2026-06-06 01:00:01,305 [INFO] jobs.event_watch: [event_watch] fetched 118 raw items
2026-06-06 01:00:01,323 [INFO] jobs.event_watch: [event_watch] unseen=23 / total=118
2026-06-06 01:00:48,309 [INFO] httpx: HTTP Request: POST https://token-plan-cn.xiaomimimo.com/v1/chat/completions "HTTP/1.1 200 OK"
2026-06-06 01:00:48,317 [INFO] jobs.event_watch: [event_watch] normalized 23 events
2026-06-06 01:00:48,324 [INFO] jobs.event_watch: [event_watch] triggerable=1
2026-06-06 01:00:51,890 [INFO] scheduler.runner: [event_watch] 成功
2026-06-06 01:00:51,895 [INFO] apscheduler.executors.default: Job "event_watch (trigger: cron[month='*', day='*', day_of_week='1-5', hour='0-7', minute='*/30'], next run at: 2026-06-06 01:30:00 CST)" executed successfully
2026-06-06 01:30:00,000 [INFO] apscheduler.executors.default: Running job "event_watch (trigger: cron[month='*', day='*', day_of_week='1-5', hour='0-7', minute='*/30'], next run at: 2026-06-06 02:00:00 CST)" (scheduled at 2026-06-06 01:30:00+08:00)
2026-06-06 01:30:00,000 [INFO] scheduler.runner: [event_watch] 启动 (started=2026-06-06T01:30:00+08:00)
2026-06-06 01:30:00,002 [INFO] jobs.event_watch: [event_watch] watched=['GC=F', 'ASIA.AX', '0700.HK', 'NDQ.AX'], queries=5
2026-06-06 01:30:00,088 [INFO] primp: response: https://duckduckgo.com/?q=GC%3DF+news 200
2026-06-06 01:30:00,091 [INFO] primp: response: https://duckduckgo.com/?q=ASIA.AX+news 200
2026-06-06 01:30:00,110 [INFO] primp: response: https://duckduckgo.com/news.js?l=wt-wt&o=json&noamp=1&q=GC%3DF+news&vqd=4-303894141697891058836738130823164480385&p=-2 403
2026-06-06 01:30:00,112 [INFO] primp: response: https://duckduckgo.com/news.js?l=wt-wt&o=json&noamp=1&q=ASIA.AX+news&vqd=4-124665822143227170180535643139245406559&p=-2 403
2026-06-06 01:30:00,122 [INFO] services.news_sources: [news_sources] yfinance:ASIA.AX → 0 items
2026-06-06 01:30:00,139 [INFO] services.news_sources: [news_sources] yfinance:GC=F → 10 items
2026-06-06 01:30:00,155 [INFO] services.news_sources: [news_sources] yfinance:0700.HK → 10 items
2026-06-06 01:30:00,184 [INFO] primp: response: https://duckduckgo.com/?q=Fed+rate+decision 200
2026-06-06 01:30:00,189 [INFO] services.news_sources: [news_sources] yfinance:NDQ.AX → 0 items
2026-06-06 01:30:00,218 [INFO] primp: response: https://www.bing.com/news/infinitescrollajax?q=NDQ.AX+news&InfiniteScroll=1&first=11&SFX=1&cc=wt&setlang=wt 200
2026-06-06 01:30:00,250 [INFO] primp: response: https://www.bing.com/news/infinitescrollajax?q=0700.HK+news&InfiniteScroll=1&first=11&SFX=1&cc=wt&setlang=wt 200
2026-06-06 01:30:00,365 [INFO] services.news_sources: [news_sources] rss:bbc_business → 15 items
2026-06-06 01:30:00,394 [INFO] services.news_sources: [news_sources] rss:yahoo_finance_headline → 15 items
2026-06-06 01:30:00,480 [INFO] primp: response: https://duckduckgo.com/news.js?l=wt-wt&o=json&noamp=1&q=Fed+rate+decision&vqd=4-203765999947321924892069098046200768262&p=-2 200
2026-06-06 01:30:00,624 [INFO] primp: response: https://news.search.yahoo.com/search?p=GC%3DF+news 500
2026-06-06 01:30:00,649 [INFO] primp: response: https://news.search.yahoo.com/search?p=NDQ.AX+news 200
2026-06-06 01:30:00,655 [INFO] primp: response: https://news.search.yahoo.com/search?p=Fed+rate+decision 200
2026-06-06 01:30:00,655 [INFO] primp: response: https://news.search.yahoo.com/search?p=0700.HK+news 200
2026-06-06 01:30:00,661 [INFO] services.news_sources: [news_sources] rss:ft_markets → 15 items
2026-06-06 01:30:00,699 [INFO] primp: response: https://www.bing.com/news/infinitescrollajax?q=ASIA.AX+news&InfiniteScroll=1&first=11&SFX=1&cc=wt&setlang=wt 200
2026-06-06 01:30:00,774 [INFO] primp: response: https://news.search.yahoo.com/search?p=ASIA.AX+news 200
2026-06-06 01:30:00,779 [INFO] services.news_sources: [news_sources] rss:seeking_alpha_market → 7 items
2026-06-06 01:30:00,814 [INFO] primp: response: https://www.bing.com/news/infinitescrollajax?q=GC%3DF+news&InfiniteScroll=1&first=11&SFX=1&cc=wt&setlang=wt 200
2026-06-06 01:30:00,817 [INFO] services.news_sources: [news_sources] ddgs:GC=F news → 1 items
2026-06-06 01:30:01,093 [INFO] services.news_sources: [news_sources] ddgs:0700.HK news → 15 items
2026-06-06 01:30:01,094 [INFO] services.news_sources: [news_sources] ddgs:Fed rate decision → 15 items
2026-06-06 01:30:01,117 [INFO] primp: response: https://duckduckgo.com/?q=NDQ.AX+news 200
2026-06-06 01:30:01,173 [INFO] primp: response: https://duckduckgo.com/news.js?l=wt-wt&o=json&noamp=1&q=NDQ.AX+news&vqd=4-202405116642358659209663368864107003413&p=-2 403
2026-06-06 01:30:01,197 [INFO] services.news_sources: [news_sources] ddgs:ASIA.AX news → 5 items
2026-06-06 01:30:01,203 [WARNING] services.news_sources.ddgs_news: DDGS query 'NDQ.AX news' 失败: No results found.
2026-06-06 01:30:01,236 [INFO] services.news_sources: [news_sources] rss:reuters_business → 0 items
2026-06-06 01:30:01,236 [INFO] services.news_sources: [news_sources] ddgs:NDQ.AX news → 0 items
2026-06-06 01:30:01,390 [INFO] services.news_sources: [news_sources] rss:caixin_global → 0 items
2026-06-06 01:30:01,395 [INFO] services.news_sources: [news_sources] 总计 108 条 → 去重后 108 条
2026-06-06 01:30:01,396 [INFO] jobs.event_watch: [event_watch] fetched 108 raw items
2026-06-06 01:30:01,412 [INFO] jobs.event_watch: [event_watch] unseen=19 / total=108
2026-06-06 01:30:37,527 [INFO] httpx: HTTP Request: POST https://token-plan-cn.xiaomimimo.com/v1/chat/completions "HTTP/1.1 200 OK"
2026-06-06 01:30:37,534 [INFO] jobs.event_watch: [event_watch] normalized 19 events
2026-06-06 01:30:37,550 [INFO] jobs.event_watch: [event_watch] triggerable=0
2026-06-06 01:30:37,551 [INFO] scheduler.runner: [event_watch] 成功
2026-06-06 01:30:37,557 [INFO] apscheduler.executors.default: Job "event_watch (trigger: cron[month='*', day='*', day_of_week='1-5', hour='0-7', minute='*/30'], next run at: 2026-06-06 02:00:00 CST)" executed successfully
2026-06-06 02:00:00,000 [INFO] apscheduler.executors.default: Running job "event_watch (trigger: cron[month='*', day='*', day_of_week='1-5', hour='0-7', minute='*/30'], next run at: 2026-06-06 02:30:00 CST)" (scheduled at 2026-06-06 02:00:00+08:00)
2026-06-06 02:00:00,000 [INFO] scheduler.runner: [event_watch] 启动 (started=2026-06-06T02:00:00+08:00)
2026-06-06 02:00:00,002 [INFO] jobs.event_watch: [event_watch] watched=['GC=F', 'ASIA.AX', '0700.HK', 'NDQ.AX'], queries=5
2026-06-06 02:00:00,087 [INFO] primp: response: https://duckduckgo.com/?q=NDQ.AX+news 200
2026-06-06 02:00:00,091 [INFO] primp: response: https://duckduckgo.com/?q=Fed+rate+decision 200
2026-06-06 02:00:00,098 [INFO] primp: response: https://duckduckgo.com/?q=ASIA.AX+news 200
2026-06-06 02:00:00,102 [INFO] primp: response: https://duckduckgo.com/?q=0700.HK+news 200
2026-06-06 02:00:00,110 [INFO] primp: response: https://duckduckgo.com/news.js?l=wt-wt&o=json&noamp=1&q=NDQ.AX+news&vqd=4-202404828885672472629276280277804183589&p=-2 403
2026-06-06 02:00:00,111 [INFO] primp: response: https://duckduckgo.com/news.js?l=wt-wt&o=json&noamp=1&q=Fed+rate+decision&vqd=4-203766036709189359549772717889790961974&p=-2 403
2026-06-06 02:00:00,121 [INFO] primp: response: https://duckduckgo.com/news.js?l=wt-wt&o=json&noamp=1&q=ASIA.AX+news&vqd=4-124666026234973853263690399397158909807&p=-2 403
2026-06-06 02:00:00,186 [INFO] services.news_sources: [news_sources] yfinance:ASIA.AX → 0 items
2026-06-06 02:00:00,192 [INFO] services.news_sources: [news_sources] yfinance:GC=F → 10 items
2026-06-06 02:00:00,219 [INFO] primp: response: https://www.bing.com/news/infinitescrollajax?q=0700.HK+news&InfiniteScroll=1&first=11&SFX=1&cc=wt&setlang=wt 200
2026-06-06 02:00:00,237 [INFO] services.news_sources: [news_sources] yfinance:0700.HK → 10 items
2026-06-06 02:00:00,246 [INFO] services.news_sources: [news_sources] yfinance:NDQ.AX → 0 items
2026-06-06 02:00:00,287 [INFO] services.news_sources: [news_sources] rss:bbc_business → 15 items
2026-06-06 02:00:00,298 [INFO] primp: response: https://www.bing.com/news/infinitescrollajax?q=Fed+rate+decision&InfiniteScroll=1&first=11&SFX=1&cc=wt&setlang=wt 200
2026-06-06 02:00:00,301 [INFO] primp: response: https://www.bing.com/news/infinitescrollajax?q=GC%3DF+news&InfiniteScroll=1&first=11&SFX=1&cc=wt&setlang=wt 200
2026-06-06 02:00:00,318 [INFO] services.news_sources: [news_sources] rss:yahoo_finance_headline → 15 items
2026-06-06 02:00:00,327 [INFO] primp: response: https://duckduckgo.com/news.js?l=wt-wt&o=json&noamp=1&q=0700.HK+news&vqd=4-336207668501148801210020266936785881869&p=-2 200
2026-06-06 02:00:00,367 [INFO] primp: response: https://www.bing.com/news/infinitescrollajax?q=ASIA.AX+news&InfiniteScroll=1&first=11&SFX=1&cc=wt&setlang=wt 200
2026-06-06 02:00:00,536 [INFO] services.news_sources: [news_sources] rss:seeking_alpha_market → 7 items
2026-06-06 02:00:00,617 [INFO] primp: response: https://news.search.yahoo.com/search?p=0700.HK+news 200
2026-06-06 02:00:00,620 [INFO] primp: response: https://news.search.yahoo.com/search?p=NDQ.AX+news 200
2026-06-06 02:00:00,623 [INFO] primp: response: https://news.search.yahoo.com/search?p=ASIA.AX+news 200
2026-06-06 02:00:00,623 [INFO] primp: response: https://news.search.yahoo.com/search?p=Fed+rate+decision 200
2026-06-06 02:00:00,625 [INFO] primp: response: https://news.search.yahoo.com/search?p=GC%3DF+news 200
2026-06-06 02:00:01,017 [INFO] services.news_sources: [news_sources] ddgs:ASIA.AX news → 5 items
2026-06-06 02:00:01,020 [INFO] services.news_sources: [news_sources] ddgs:GC=F news → 11 items
2026-06-06 02:00:01,037 [INFO] services.news_sources: [news_sources] ddgs:Fed rate decision → 15 items
2026-06-06 02:00:01,049 [INFO] services.news_sources: [news_sources] ddgs:0700.HK news → 15 items
2026-06-06 02:00:01,103 [INFO] services.news_sources: [news_sources] rss:ft_markets → 15 items
2026-06-06 02:00:01,222 [INFO] primp: response: https://www.bing.com/news/infinitescrollajax?q=NDQ.AX+news&InfiniteScroll=1&first=11&SFX=1&cc=wt&setlang=wt 200
2026-06-06 02:00:01,222 [INFO] services.news_sources: [news_sources] rss:caixin_global → 0 items
2026-06-06 02:00:01,253 [WARNING] services.news_sources.ddgs_news: DDGS query 'NDQ.AX news' 失败: No results found.
2026-06-06 02:00:01,281 [INFO] services.news_sources: [news_sources] ddgs:NDQ.AX news → 0 items
2026-06-06 02:00:01,282 [INFO] services.news_sources: [news_sources] rss:reuters_business → 0 items
2026-06-06 02:00:01,286 [INFO] services.news_sources: [news_sources] 总计 118 条 → 去重后 118 条
2026-06-06 02:00:01,286 [INFO] jobs.event_watch: [event_watch] fetched 118 raw items
2026-06-06 02:00:01,303 [INFO] jobs.event_watch: [event_watch] unseen=20 / total=118
2026-06-06 02:00:38,646 [INFO] httpx: HTTP Request: POST https://token-plan-cn.xiaomimimo.com/v1/chat/completions "HTTP/1.1 200 OK"
2026-06-06 02:00:38,653 [INFO] jobs.event_watch: [event_watch] normalized 20 events
2026-06-06 02:00:38,660 [INFO] jobs.event_watch: [event_watch] triggerable=0
2026-06-06 02:00:38,661 [INFO] scheduler.runner: [event_watch] 成功
2026-06-06 02:00:38,668 [INFO] apscheduler.executors.default: Job "event_watch (trigger: cron[month='*', day='*', day_of_week='1-5', hour='0-7', minute='*/30'], next run at: 2026-06-06 02:30:00 CST)" executed successfully
2026-06-06 02:30:00,000 [INFO] apscheduler.executors.default: Running job "event_watch (trigger: cron[month='*', day='*', day_of_week='1-5', hour='0-7', minute='*/30'], next run at: 2026-06-06 03:00:00 CST)" (scheduled at 2026-06-06 02:30:00+08:00)
2026-06-06 02:30:00,000 [INFO] scheduler.runner: [event_watch] 启动 (started=2026-06-06T02:30:00+08:00)
2026-06-06 02:30:00,002 [INFO] jobs.event_watch: [event_watch] watched=['GC=F', 'ASIA.AX', '0700.HK', 'NDQ.AX'], queries=5
2026-06-06 02:30:00,083 [INFO] primp: response: https://duckduckgo.com/?q=GC%3DF+news 200
2026-06-06 02:30:00,183 [INFO] services.news_sources: [news_sources] yfinance:ASIA.AX → 0 items
2026-06-06 02:30:00,202 [INFO] services.news_sources: [news_sources] yfinance:GC=F → 10 items
2026-06-06 02:30:00,213 [INFO] services.news_sources: [news_sources] yfinance:0700.HK → 10 items
2026-06-06 02:30:00,249 [INFO] primp: response: https://www.bing.com/news/infinitescrollajax?q=0700.HK+news&InfiniteScroll=1&first=11&SFX=1&cc=wt&setlang=wt 200
2026-06-06 02:30:00,254 [INFO] primp: response: https://www.bing.com/news/infinitescrollajax?q=NDQ.AX+news&InfiniteScroll=1&first=11&SFX=1&cc=wt&setlang=wt 200
2026-06-06 02:30:00,254 [INFO] services.news_sources: [news_sources] rss:bbc_business → 15 items
2026-06-06 02:30:00,257 [INFO] services.news_sources: [news_sources] yfinance:NDQ.AX → 0 items
2026-06-06 02:30:00,285 [INFO] services.news_sources: [news_sources] rss:yahoo_finance_headline → 15 items
2026-06-06 02:30:00,311 [INFO] primp: response: https://duckduckgo.com/news.js?l=wt-wt&o=json&noamp=1&q=GC%3DF+news&vqd=4-303894421848673661756623112394324592049&p=-2 200
2026-06-06 02:30:00,323 [INFO] primp: response: https://duckduckgo.com/?q=Fed+rate+decision 200
2026-06-06 02:30:00,346 [INFO] primp: response: https://duckduckgo.com/news.js?l=wt-wt&o=json&noamp=1&q=Fed+rate+decision&vqd=4-203766036709189359549772717889790961974&p=-2 403
2026-06-06 02:30:00,443 [INFO] primp: response: https://news.search.yahoo.com/search?p=ASIA.AX+news 500
2026-06-06 02:30:00,460 [INFO] primp: response: https://news.search.yahoo.com/search?p=0700.HK+news 200
2026-06-06 02:30:00,462 [INFO] primp: response: https://news.search.yahoo.com/search?p=Fed+rate+decision 200
2026-06-06 02:30:00,464 [INFO] primp: response: https://news.search.yahoo.com/search?p=NDQ.AX+news 200
2026-06-06 02:30:00,464 [INFO] primp: response: https://news.search.yahoo.com/search?p=GC%3DF+news 200
2026-06-06 02:30:00,529 [INFO] primp: response: https://www.bing.com/news/infinitescrollajax?q=ASIA.AX+news&InfiniteScroll=1&first=11&SFX=1&cc=wt&setlang=wt 200
2026-06-06 02:30:00,535 [INFO] services.news_sources: [news_sources] ddgs:ASIA.AX news → 5 items
2026-06-06 02:30:00,651 [INFO] services.news_sources: [news_sources] rss:seeking_alpha_market → 7 items
2026-06-06 02:30:00,813 [INFO] services.news_sources: [news_sources] rss:ft_markets → 15 items
2026-06-06 02:30:00,856 [INFO] services.news_sources: [news_sources] ddgs:GC=F news → 12 items
2026-06-06 02:30:00,862 [INFO] services.news_sources: [news_sources] ddgs:0700.HK news → 15 items
2026-06-06 02:30:00,943 [INFO] primp: response: https://duckduckgo.com/?q=NDQ.AX+news 200
2026-06-06 02:30:00,992 [INFO] primp: response: https://duckduckgo.com/news.js?l=wt-wt&o=json&noamp=1&q=NDQ.AX+news&vqd=4-202404828885672472629276280277804183589&p=-2 403
2026-06-06 02:30:01,018 [WARNING] services.news_sources.ddgs_news: DDGS query 'NDQ.AX news' 失败: No results found.
2026-06-06 02:30:01,030 [INFO] services.news_sources: [news_sources] rss:reuters_business → 0 items
2026-06-06 02:30:01,030 [INFO] services.news_sources: [news_sources] ddgs:NDQ.AX news → 0 items
2026-06-06 02:30:01,239 [INFO] primp: response: https://www.bing.com/news/infinitescrollajax?q=Fed+rate+decision&InfiniteScroll=1&first=11&SFX=1&cc=wt&setlang=wt 200
2026-06-06 02:30:01,256 [INFO] services.news_sources: [news_sources] rss:caixin_global → 0 items
2026-06-06 02:30:01,259 [INFO] services.news_sources: [news_sources] ddgs:Fed rate decision → 15 items
2026-06-06 02:30:01,263 [INFO] services.news_sources: [news_sources] 总计 119 条 → 去重后 119 条
2026-06-06 02:30:01,263 [INFO] jobs.event_watch: [event_watch] fetched 119 raw items
2026-06-06 02:30:01,281 [INFO] jobs.event_watch: [event_watch] unseen=22 / total=119
2026-06-06 02:30:39,000 [INFO] httpx: HTTP Request: POST https://token-plan-cn.xiaomimimo.com/v1/chat/completions "HTTP/1.1 200 OK"
2026-06-06 02:30:39,008 [INFO] jobs.event_watch: [event_watch] normalized 22 events
2026-06-06 02:30:39,015 [INFO] jobs.event_watch: [event_watch] triggerable=2
2026-06-06 02:30:41,568 [INFO] scheduler.runner: [event_watch] 成功
2026-06-06 02:30:41,576 [INFO] apscheduler.executors.default: Job "event_watch (trigger: cron[month='*', day='*', day_of_week='1-5', hour='0-7', minute='*/30'], next run at: 2026-06-06 03:00:00 CST)" executed successfully
2026-06-06 03:00:00,000 [INFO] apscheduler.executors.default: Running job "event_watch (trigger: cron[month='*', day='*', day_of_week='1-5', hour='0-7', minute='*/30'], next run at: 2026-06-06 03:30:00 CST)" (scheduled at 2026-06-06 03:00:00+08:00)
2026-06-06 03:00:00,001 [INFO] scheduler.runner: [event_watch] 启动 (started=2026-06-06T03:00:00+08:00)
2026-06-06 03:00:00,002 [INFO] jobs.event_watch: [event_watch] watched=['GC=F', 'ASIA.AX', '0700.HK', 'NDQ.AX'], queries=5
2026-06-06 03:00:00,099 [INFO] primp: response: https://duckduckgo.com/?q=Fed+rate+decision 200
2026-06-06 03:00:00,108 [INFO] primp: response: https://duckduckgo.com/?q=GC%3DF+news 200
2026-06-06 03:00:00,120 [INFO] primp: response: https://duckduckgo.com/news.js?l=wt-wt&o=json&noamp=1&q=Fed+rate+decision&vqd=4-203766403060212740210325138279607335718&p=-2 403
2026-06-06 03:00:00,139 [INFO] services.news_sources: [news_sources] yfinance:ASIA.AX → 0 items
2026-06-06 03:00:00,144 [INFO] primp: response: https://news.search.yahoo.com/search?p=0700.HK+news 200
2026-06-06 03:00:00,146 [INFO] primp: response: https://news.search.yahoo.com/search?p=ASIA.AX+news 200
2026-06-06 03:00:00,150 [INFO] primp: response: https://news.search.yahoo.com/search?p=NDQ.AX+news 200
2026-06-06 03:00:00,152 [INFO] services.news_sources: [news_sources] yfinance:GC=F → 10 items
2026-06-06 03:00:00,204 [INFO] services.news_sources: [news_sources] yfinance:NDQ.AX → 0 items
2026-06-06 03:00:00,243 [INFO] services.news_sources: [news_sources] yfinance:0700.HK → 10 items
2026-06-06 03:00:00,348 [INFO] primp: response: https://duckduckgo.com/news.js?l=wt-wt&o=json&noamp=1&q=GC%3DF+news&vqd=4-303894707070058627810493836995135821729&p=-2 200
2026-06-06 03:00:00,419 [INFO] primp: response: https://www.bing.com/news/infinitescrollajax?q=0700.HK+news&InfiniteScroll=1&first=11&SFX=1&cc=wt&setlang=wt 200
2026-06-06 03:00:00,432 [INFO] primp: response: https://www.bing.com/news/infinitescrollajax?q=NDQ.AX+news&InfiniteScroll=1&first=11&SFX=1&cc=wt&setlang=wt 200
2026-06-06 03:00:00,444 [INFO] primp: response: https://www.bing.com/news/infinitescrollajax?q=ASIA.AX+news&InfiniteScroll=1&first=11&SFX=1&cc=wt&setlang=wt 200
2026-06-06 03:00:00,455 [INFO] services.news_sources: [news_sources] rss:bbc_business → 15 items
2026-06-06 03:00:00,485 [INFO] services.news_sources: [news_sources] rss:yahoo_finance_headline → 15 items
2026-06-06 03:00:00,487 [INFO] primp: response: https://www.bing.com/news/infinitescrollajax?q=GC%3DF+news&InfiniteScroll=1&first=11&SFX=1&cc=wt&setlang=wt 200
2026-06-06 03:00:00,522 [INFO] services.news_sources: [news_sources] ddgs:ASIA.AX news → 5 items
2026-06-06 03:00:00,553 [INFO] services.news_sources: [news_sources] ddgs:0700.HK news → 15 items
2026-06-06 03:00:00,554 [INFO] primp: response: https://news.search.yahoo.com/search?p=GC%3DF+news 200
2026-06-06 03:00:00,621 [INFO] primp: response: https://duckduckgo.com/?q=NDQ.AX+news 200
2026-06-06 03:00:00,628 [INFO] primp: response: https://www.bing.com/news/infinitescrollajax?q=Fed+rate+decision&InfiniteScroll=1&first=11&SFX=1&cc=wt&setlang=wt 200
2026-06-06 03:00:00,642 [INFO] primp: response: https://duckduckgo.com/news.js?l=wt-wt&o=json&noamp=1&q=NDQ.AX+news&vqd=4-202405195236696004995851993503859663413&p=-2 403
2026-06-06 03:00:00,642 [WARNING] services.news_sources.ddgs_news: DDGS query 'NDQ.AX news' 失败: No results found.
2026-06-06 03:00:00,642 [INFO] services.news_sources: [news_sources] ddgs:NDQ.AX news → 0 items
2026-06-06 03:00:00,680 [INFO] primp: response: https://news.search.yahoo.com/search?p=Fed+rate+decision 200
2026-06-06 03:00:00,743 [INFO] services.news_sources: [news_sources] rss:seeking_alpha_market → 7 items
2026-06-06 03:00:00,803 [INFO] services.news_sources: [news_sources] rss:ft_markets → 15 items
2026-06-06 03:00:00,946 [INFO] services.news_sources: [news_sources] ddgs:GC=F news → 13 items
2026-06-06 03:00:01,161 [INFO] services.news_sources: [news_sources] rss:caixin_global → 0 items
2026-06-06 03:00:01,179 [INFO] services.news_sources: [news_sources] ddgs:Fed rate decision → 15 items
2026-06-06 03:00:01,225 [INFO] services.news_sources: [news_sources] rss:reuters_business → 0 items
2026-06-06 03:00:01,236 [INFO] services.news_sources: [news_sources] 总计 120 条 → 去重后 120 条
2026-06-06 03:00:01,236 [INFO] jobs.event_watch: [event_watch] fetched 120 raw items
2026-06-06 03:00:01,257 [INFO] jobs.event_watch: [event_watch] unseen=19 / total=120
2026-06-06 03:00:37,538 [INFO] httpx: HTTP Request: POST https://token-plan-cn.xiaomimimo.com/v1/chat/completions "HTTP/1.1 200 OK"
2026-06-06 03:00:37,545 [INFO] jobs.event_watch: [event_watch] normalized 19 events
2026-06-06 03:00:37,562 [INFO] jobs.event_watch: [event_watch] triggerable=0
2026-06-06 03:00:37,563 [INFO] scheduler.runner: [event_watch] 成功
2026-06-06 03:00:37,569 [INFO] apscheduler.executors.default: Job "event_watch (trigger: cron[month='*', day='*', day_of_week='1-5', hour='0-7', minute='*/30'], next run at: 2026-06-06 03:30:00 CST)" executed successfully
2026-06-06 03:30:00,000 [INFO] apscheduler.executors.default: Running job "event_watch (trigger: cron[month='*', day='*', day_of_week='1-5', hour='0-7', minute='*/30'], next run at: 2026-06-06 04:00:00 CST)" (scheduled at 2026-06-06 03:30:00+08:00)
2026-06-06 03:30:00,000 [INFO] scheduler.runner: [event_watch] 启动 (started=2026-06-06T03:30:00+08:00)
2026-06-06 03:30:00,002 [INFO] jobs.event_watch: [event_watch] watched=['GC=F', 'ASIA.AX', '0700.HK', 'NDQ.AX'], queries=5
2026-06-06 03:30:00,087 [INFO] primp: response: https://duckduckgo.com/?q=ASIA.AX+news 200
2026-06-06 03:30:00,089 [INFO] primp: response: https://duckduckgo.com/?q=0700.HK+news 200
2026-06-06 03:30:00,110 [INFO] primp: response: https://duckduckgo.com/news.js?l=wt-wt&o=json&noamp=1&q=ASIA.AX+news&vqd=4-124666392585997253404004596671194916223&p=-2 403
2026-06-06 03:30:00,113 [INFO] primp: response: https://duckduckgo.com/news.js?l=wt-wt&o=json&noamp=1&q=0700.HK+news&vqd=4-336207383279763835156149507151602571549&p=-2 403
2026-06-06 03:30:00,133 [INFO] primp: response: https://duckduckgo.com/?q=GC%3DF+news 200
2026-06-06 03:30:00,178 [INFO] primp: response: https://duckduckgo.com/?q=NDQ.AX+news 200
2026-06-06 03:30:00,181 [INFO] primp: response: https://duckduckgo.com/?q=Fed+rate+decision 200
2026-06-06 03:30:00,200 [INFO] primp: response: https://duckduckgo.com/news.js?l=wt-wt&o=json&noamp=1&q=NDQ.AX+news&vqd=4-202405195236696004995851993503859663413&p=-2 403
2026-06-06 03:30:00,238 [INFO] primp: response: https://www.bing.com/news/infinitescrollajax?q=NDQ.AX+news&InfiniteScroll=1&first=11&SFX=1&cc=wt&setlang=wt 200
2026-06-06 03:30:00,248 [INFO] services.news_sources: [news_sources] yfinance:ASIA.AX → 0 items
2026-06-06 03:30:00,258 [INFO] services.news_sources: [news_sources] yfinance:0700.HK → 10 items
2026-06-06 03:30:00,267 [INFO] services.news_sources: [news_sources] yfinance:GC=F → 10 items
2026-06-06 03:30:00,274 [INFO] primp: response: https://www.bing.com/news/infinitescrollajax?q=ASIA.AX+news&InfiniteScroll=1&first=11&SFX=1&cc=wt&setlang=wt 200
2026-06-06 03:30:00,323 [INFO] services.news_sources: [news_sources] rss:bbc_business → 15 items
2026-06-06 03:30:00,324 [INFO] services.news_sources: [news_sources] yfinance:NDQ.AX → 0 items
2026-06-06 03:30:00,352 [INFO] services.news_sources: [news_sources] rss:yahoo_finance_headline → 15 items
2026-06-06 03:30:00,496 [INFO] primp: response: https://duckduckgo.com/news.js?l=wt-wt&o=json&noamp=1&q=GC%3DF+news&vqd=4-303894707070058627810493836995135821729&p=-2 200
2026-06-06 03:30:00,676 [INFO] primp: response: https://news.search.yahoo.com/search?p=NDQ.AX+news 200
2026-06-06 03:30:00,677 [INFO] primp: response: https://news.search.yahoo.com/search?p=GC%3DF+news 200
2026-06-06 03:30:00,679 [INFO] primp: response: https://duckduckgo.com/news.js?l=wt-wt&o=json&noamp=1&q=Fed+rate+decision&vqd=4-203766403060212740210325138279607335718&p=-2 200
2026-06-06 03:30:00,681 [INFO] primp: response: https://news.search.yahoo.com/search?p=ASIA.AX+news 200
2026-06-06 03:30:00,681 [INFO] primp: response: https://news.search.yahoo.com/search?p=0700.HK+news 200
2026-06-06 03:30:00,690 [INFO] primp: response: https://news.search.yahoo.com/search?p=Fed+rate+decision 200
2026-06-06 03:30:00,716 [INFO] services.news_sources: [news_sources] rss:seeking_alpha_market → 7 items
2026-06-06 03:30:00,982 [INFO] services.news_sources: [news_sources] rss:ft_markets → 15 items
2026-06-06 03:30:01,027 [INFO] services.news_sources: [news_sources] rss:caixin_global → 0 items
2026-06-06 03:30:01,062 [INFO] services.news_sources: [news_sources] ddgs:ASIA.AX news → 5 items
2026-06-06 03:30:01,064 [INFO] services.news_sources: [news_sources] ddgs:GC=F news → 12 items
2026-06-06 03:30:01,066 [WARNING] services.news_sources.ddgs_news: DDGS query 'NDQ.AX news' 失败: No results found.
2026-06-06 03:30:01,066 [INFO] services.news_sources: [news_sources] ddgs:NDQ.AX news → 0 items
2026-06-06 03:30:01,100 [INFO] services.news_sources: [news_sources] ddgs:Fed rate decision → 15 items
2026-06-06 03:30:01,264 [INFO] services.news_sources: [news_sources] rss:reuters_business → 0 items
2026-06-06 03:30:01,552 [INFO] primp: response: https://www.bing.com/news/infinitescrollajax?q=0700.HK+news&InfiniteScroll=1&first=11&SFX=1&cc=wt&setlang=wt 200
2026-06-06 03:30:01,556 [INFO] services.news_sources: [news_sources] ddgs:0700.HK news → 15 items
2026-06-06 03:30:01,562 [INFO] services.news_sources: [news_sources] 总计 119 条 → 去重后 119 条
2026-06-06 03:30:01,562 [INFO] jobs.event_watch: [event_watch] fetched 119 raw items
2026-06-06 03:30:01,580 [INFO] jobs.event_watch: [event_watch] unseen=16 / total=119
2026-06-06 03:30:32,733 [INFO] httpx: HTTP Request: POST https://token-plan-cn.xiaomimimo.com/v1/chat/completions "HTTP/1.1 200 OK"
2026-06-06 03:30:32,740 [INFO] jobs.event_watch: [event_watch] normalized 16 events
2026-06-06 03:30:32,747 [INFO] jobs.event_watch: [event_watch] triggerable=0
2026-06-06 03:30:32,748 [INFO] scheduler.runner: [event_watch] 成功
2026-06-06 03:30:32,755 [INFO] apscheduler.executors.default: Job "event_watch (trigger: cron[month='*', day='*', day_of_week='1-5', hour='0-7', minute='*/30'], next run at: 2026-06-06 04:00:00 CST)" executed successfully
2026-06-06 04:00:00,000 [INFO] apscheduler.executors.default: Running job "event_watch (trigger: cron[month='*', day='*', day_of_week='1-5', hour='0-7', minute='*/30'], next run at: 2026-06-06 04:30:00 CST)" (scheduled at 2026-06-06 04:00:00+08:00)
2026-06-06 04:00:00,000 [INFO] scheduler.runner: [event_watch] 启动 (started=2026-06-06T04:00:00+08:00)
2026-06-06 04:00:00,002 [INFO] jobs.event_watch: [event_watch] watched=['GC=F', 'ASIA.AX', '0700.HK', 'NDQ.AX'], queries=5
2026-06-06 04:00:00,077 [INFO] primp: response: https://duckduckgo.com/?q=0700.HK+news 200
2026-06-06 04:00:00,081 [INFO] primp: response: https://duckduckgo.com/?q=GC%3DF+news 200
2026-06-06 04:00:00,081 [INFO] primp: response: https://duckduckgo.com/?q=ASIA.AX+news 200
2026-06-06 04:00:00,101 [INFO] primp: response: https://duckduckgo.com/news.js?l=wt-wt&o=json&noamp=1&q=GC%3DF+news&vqd=4-303893689146626901616109830484574101969&p=-2 403
2026-06-06 04:00:00,102 [INFO] primp: response: https://duckduckgo.com/news.js?l=wt-wt&o=json&noamp=1&q=ASIA.AX+news&vqd=4-124666596677743787732615089758726050575&p=-2 403
2026-06-06 04:00:00,170 [INFO] primp: response: https://duckduckgo.com/?q=Fed+rate+decision 200
2026-06-06 04:00:00,194 [INFO] primp: response: https://duckduckgo.com/news.js?l=wt-wt&o=json&noamp=1&q=Fed+rate+decision&vqd=4-203765466266419124029984682740812369238&p=-2 403
2026-06-06 04:00:00,200 [INFO] services.news_sources: [news_sources] yfinance:ASIA.AX → 0 items
2026-06-06 04:00:00,234 [INFO] services.news_sources: [news_sources] yfinance:GC=F → 10 items
2026-06-06 04:00:00,255 [INFO] primp: response: https://www.bing.com/news/infinitescrollajax?q=NDQ.AX+news&InfiniteScroll=1&first=11&SFX=1&cc=wt&setlang=wt 200
2026-06-06 04:00:00,257 [INFO] services.news_sources: [news_sources] yfinance:NDQ.AX → 0 items
2026-06-06 04:00:00,264 [INFO] services.news_sources: [news_sources] yfinance:0700.HK → 10 items
2026-06-06 04:00:00,388 [INFO] primp: response: https://duckduckgo.com/news.js?l=wt-wt&o=json&noamp=1&q=0700.HK+news&vqd=4-336206935799102041069506985851669114733&p=-2 200
2026-06-06 04:00:00,502 [INFO] services.news_sources: [news_sources] rss:bbc_business → 15 items
2026-06-06 04:00:00,531 [INFO] primp: response: https://news.search.yahoo.com/search?p=Fed+rate+decision 200
2026-06-06 04:00:00,532 [INFO] primp: response: https://news.search.yahoo.com/search?p=ASIA.AX+news 200
2026-06-06 04:00:00,532 [INFO] services.news_sources: [news_sources] rss:yahoo_finance_headline → 15 items
2026-06-06 04:00:00,534 [INFO] primp: response: https://news.search.yahoo.com/search?p=0700.HK+news 200
2026-06-06 04:00:00,534 [INFO] primp: response: https://news.search.yahoo.com/search?p=GC%3DF+news 200
2026-06-06 04:00:00,542 [INFO] primp: response: https://news.search.yahoo.com/search?p=NDQ.AX+news 200
2026-06-06 04:00:00,809 [INFO] services.news_sources: [news_sources] rss:seeking_alpha_market → 7 items
2026-06-06 04:00:00,834 [INFO] services.news_sources: [news_sources] rss:reuters_business → 0 items
2026-06-06 04:00:01,015 [INFO] primp: response: https://duckduckgo.com/?q=NDQ.AX+news 200
2026-06-06 04:00:01,036 [INFO] primp: response: https://duckduckgo.com/news.js?l=wt-wt&o=json&noamp=1&q=NDQ.AX+news&vqd=4-202405566658321937094753701345165497413&p=-2 403
2026-06-06 04:00:01,036 [WARNING] services.news_sources.ddgs_news: DDGS query 'NDQ.AX news' 失败: No results found.
2026-06-06 04:00:01,037 [INFO] services.news_sources: [news_sources] ddgs:NDQ.AX news → 0 items
2026-06-06 04:00:01,070 [INFO] services.news_sources: [news_sources] rss:ft_markets → 15 items
2026-06-06 04:00:01,179 [INFO] primp: response: https://www.bing.com/news/infinitescrollajax?q=GC%3DF+news&InfiniteScroll=1&first=11&SFX=1&cc=wt&setlang=wt 200
2026-06-06 04:00:01,181 [INFO] services.news_sources: [news_sources] ddgs:GC=F news → 11 items
2026-06-06 04:00:01,191 [INFO] primp: response: https://www.bing.com/news/infinitescrollajax?q=0700.HK+news&InfiniteScroll=1&first=11&SFX=1&cc=wt&setlang=wt 200
2026-06-06 04:00:01,192 [INFO] services.news_sources: [news_sources] ddgs:0700.HK news → 15 items
2026-06-06 04:00:01,204 [INFO] primp: response: https://www.bing.com/news/infinitescrollajax?q=ASIA.AX+news&InfiniteScroll=1&first=11&SFX=1&cc=wt&setlang=wt 200
2026-06-06 04:00:01,231 [INFO] services.news_sources: [news_sources] ddgs:ASIA.AX news → 5 items
2026-06-06 04:00:01,314 [INFO] primp: response: https://www.bing.com/news/infinitescrollajax?q=Fed+rate+decision&InfiniteScroll=1&first=11&SFX=1&cc=wt&setlang=wt 200
2026-06-06 04:00:01,378 [INFO] services.news_sources: [news_sources] ddgs:Fed rate decision → 15 items
2026-06-06 04:00:01,456 [INFO] services.news_sources: [news_sources] rss:caixin_global → 0 items
2026-06-06 04:00:01,460 [INFO] services.news_sources: [news_sources] 总计 118 条 → 去重后 118 条
2026-06-06 04:00:01,461 [INFO] jobs.event_watch: [event_watch] fetched 118 raw items
2026-06-06 04:00:01,478 [INFO] jobs.event_watch: [event_watch] unseen=13 / total=118
2026-06-06 04:00:32,049 [INFO] httpx: HTTP Request: POST https://token-plan-cn.xiaomimimo.com/v1/chat/completions "HTTP/1.1 200 OK"
2026-06-06 04:00:32,055 [INFO] jobs.event_watch: [event_watch] normalized 13 events
2026-06-06 04:00:32,060 [INFO] jobs.event_watch: [event_watch] triggerable=0
2026-06-06 04:00:32,060 [INFO] scheduler.runner: [event_watch] 成功
2026-06-06 04:00:32,068 [INFO] apscheduler.executors.default: Job "event_watch (trigger: cron[month='*', day='*', day_of_week='1-5', hour='0-7', minute='*/30'], next run at: 2026-06-06 04:30:00 CST)" executed successfully
2026-06-06 04:30:00,000 [INFO] apscheduler.executors.default: Running job "event_watch (trigger: cron[month='*', day='*', day_of_week='1-5', hour='0-7', minute='*/30'], next run at: 2026-06-06 05:00:00 CST)" (scheduled at 2026-06-06 04:30:00+08:00)
2026-06-06 04:30:00,000 [INFO] scheduler.runner: [event_watch] 启动 (started=2026-06-06T04:30:00+08:00)
2026-06-06 04:30:00,002 [INFO] jobs.event_watch: [event_watch] watched=['GC=F', 'ASIA.AX', '0700.HK', 'NDQ.AX'], queries=5
2026-06-06 04:30:00,079 [INFO] primp: response: https://duckduckgo.com/?q=NDQ.AX+news 200
2026-06-06 04:30:00,082 [INFO] primp: response: https://duckduckgo.com/?q=GC%3DF+news 200
2026-06-06 04:30:00,082 [INFO] primp: response: https://duckduckgo.com/?q=ASIA.AX+news 200
2026-06-06 04:30:00,100 [INFO] primp: response: https://duckduckgo.com/news.js?l=wt-wt&o=json&noamp=1&q=ASIA.AX+news&vqd=4-124666596677743787732615089758726050575&p=-2 403
2026-06-06 04:30:00,100 [INFO] primp: response: https://duckduckgo.com/news.js?l=wt-wt&o=json&noamp=1&q=GC%3DF+news&vqd=4-303893689146626901616109830484574101969&p=-2 403
2026-06-06 04:30:00,173 [INFO] primp: response: https://duckduckgo.com/?q=0700.HK+news 200
2026-06-06 04:30:00,190 [INFO] primp: response: https://duckduckgo.com/news.js?l=wt-wt&o=json&noamp=1&q=0700.HK+news&vqd=4-336206935799102041069506985851669114733&p=-2 403
2026-06-06 04:30:00,241 [INFO] primp: response: https://www.bing.com/news/infinitescrollajax?q=ASIA.AX+news&InfiniteScroll=1&first=11&SFX=1&cc=wt&setlang=wt 200
2026-06-06 04:30:00,248 [INFO] services.news_sources: [news_sources] yfinance:ASIA.AX → 0 items
2026-06-06 04:30:00,266 [INFO] services.news_sources: [news_sources] yfinance:GC=F → 10 items
2026-06-06 04:30:00,268 [INFO] services.news_sources: [news_sources] yfinance:0700.HK → 10 items
2026-06-06 04:30:00,287 [INFO] primp: response: https://duckduckgo.com/news.js?l=wt-wt&o=json&noamp=1&q=NDQ.AX+news&vqd=4-202405566658321937094753701345165497413&p=-2 200
2026-06-06 04:30:00,315 [INFO] primp: response: https://www.bing.com/news/infinitescrollajax?q=GC%3DF+news&InfiniteScroll=1&first=11&SFX=1&cc=wt&setlang=wt 200
2026-06-06 04:30:00,318 [INFO] services.news_sources: [news_sources] yfinance:NDQ.AX → 0 items
2026-06-06 04:30:00,329 [INFO] primp: response: https://www.bing.com/news/infinitescrollajax?q=Fed+rate+decision&InfiniteScroll=1&first=11&SFX=1&cc=wt&setlang=wt 200
2026-06-06 04:30:00,436 [INFO] primp: response: https://news.search.yahoo.com/search?p=0700.HK+news 200
2026-06-06 04:30:00,437 [INFO] primp: response: https://news.search.yahoo.com/search?p=ASIA.AX+news 200
2026-06-06 04:30:00,437 [INFO] primp: response: https://news.search.yahoo.com/search?p=Fed+rate+decision 200
2026-06-06 04:30:00,439 [INFO] primp: response: https://news.search.yahoo.com/search?p=GC%3DF+news 200
2026-06-06 04:30:00,451 [INFO] primp: response: https://news.search.yahoo.com/search?p=NDQ.AX+news 200
2026-06-06 04:30:00,519 [INFO] services.news_sources: [news_sources] rss:bbc_business → 15 items
2026-06-06 04:30:00,545 [INFO] services.news_sources: [news_sources] rss:yahoo_finance_headline → 15 items
2026-06-06 04:30:00,808 [INFO] services.news_sources: [news_sources] ddgs:ASIA.AX news → 5 items
2026-06-06 04:30:00,815 [INFO] services.news_sources: [news_sources] rss:seeking_alpha_market → 7 items
2026-06-06 04:30:00,825 [INFO] services.news_sources: [news_sources] rss:ft_markets → 15 items
2026-06-06 04:30:00,828 [INFO] services.news_sources: [news_sources] ddgs:GC=F news → 11 items
2026-06-06 04:30:00,844 [INFO] services.news_sources: [news_sources] ddgs:Fed rate decision → 15 items
2026-06-06 04:30:01,055 [INFO] primp: response: https://www.bing.com/news/infinitescrollajax?q=NDQ.AX+news&InfiniteScroll=1&first=11&SFX=1&cc=wt&setlang=wt 200
2026-06-06 04:30:01,060 [WARNING] services.news_sources.ddgs_news: DDGS query 'NDQ.AX news' 失败: No results found.
2026-06-06 04:30:01,061 [INFO] services.news_sources: [news_sources] ddgs:NDQ.AX news → 0 items
2026-06-06 04:30:01,083 [INFO] primp: response: https://www.bing.com/news/infinitescrollajax?q=0700.HK+news&InfiniteScroll=1&first=11&SFX=1&cc=wt&setlang=wt 200
2026-06-06 04:30:01,085 [INFO] services.news_sources: [news_sources] ddgs:0700.HK news → 15 items
2026-06-06 04:30:01,271 [INFO] services.news_sources: [news_sources] rss:reuters_business → 0 items
2026-06-06 04:30:01,720 [INFO] services.news_sources: [news_sources] rss:caixin_global → 0 items
2026-06-06 04:30:01,725 [INFO] services.news_sources: [news_sources] 总计 118 条 → 去重后 118 条
2026-06-06 04:30:01,725 [INFO] jobs.event_watch: [event_watch] fetched 118 raw items
2026-06-06 04:30:01,750 [INFO] jobs.event_watch: [event_watch] unseen=18 / total=118
2026-06-06 04:30:40,672 [INFO] httpx: HTTP Request: POST https://token-plan-cn.xiaomimimo.com/v1/chat/completions "HTTP/1.1 200 OK"
2026-06-06 04:30:40,679 [INFO] jobs.event_watch: [event_watch] normalized 18 events
2026-06-06 04:30:40,685 [INFO] jobs.event_watch: [event_watch] triggerable=0
2026-06-06 04:30:40,685 [INFO] scheduler.runner: [event_watch] 成功
2026-06-06 04:30:40,693 [INFO] apscheduler.executors.default: Job "event_watch (trigger: cron[month='*', day='*', day_of_week='1-5', hour='0-7', minute='*/30'], next run at: 2026-06-06 05:00:00 CST)" executed successfully
2026-06-06 05:00:00,000 [INFO] apscheduler.executors.default: Running job "event_watch (trigger: cron[month='*', day='*', day_of_week='1-5', hour='0-7', minute='*/30'], next run at: 2026-06-06 05:30:00 CST)" (scheduled at 2026-06-06 05:00:00+08:00)
2026-06-06 05:00:00,000 [INFO] scheduler.runner: [event_watch] 启动 (started=2026-06-06T05:00:00+08:00)
2026-06-06 05:00:00,002 [INFO] jobs.event_watch: [event_watch] watched=['GC=F', 'ASIA.AX', '0700.HK', 'NDQ.AX'], queries=5
2026-06-06 05:00:00,071 [INFO] primp: response: https://duckduckgo.com/?q=NDQ.AX+news 200
2026-06-06 05:00:00,072 [INFO] primp: response: https://duckduckgo.com/?q=ASIA.AX+news 200
2026-06-06 05:00:00,074 [INFO] primp: response: https://duckduckgo.com/?q=GC%3DF+news 200
2026-06-06 05:00:00,079 [INFO] primp: response: https://duckduckgo.com/?q=0700.HK+news 200
2026-06-06 05:00:00,091 [INFO] primp: response: https://duckduckgo.com/news.js?l=wt-wt&o=json&noamp=1&q=NDQ.AX+news&vqd=4-202405933009345469461329414571220977237&p=-2 403
2026-06-06 05:00:00,094 [INFO] primp: response: https://duckduckgo.com/news.js?l=wt-wt&o=json&noamp=1&q=GC%3DF+news&vqd=4-303893974368011867669980555085385331649&p=-2 403
2026-06-06 05:00:00,094 [INFO] primp: response: https://duckduckgo.com/news.js?l=wt-wt&o=json&noamp=1&q=ASIA.AX+news&vqd=4-124666963028767187872929287032762056991&p=-2 403
2026-06-06 05:00:00,099 [INFO] primp: response: https://duckduckgo.com/news.js?l=wt-wt&o=json&noamp=1&q=0700.HK+news&vqd=4-336206650577717075015636226066485804413&p=-2 403
2026-06-06 05:00:00,126 [INFO] services.news_sources: [news_sources] yfinance:ASIA.AX → 0 items
2026-06-06 05:00:00,145 [INFO] services.news_sources: [news_sources] yfinance:GC=F → 10 items
2026-06-06 05:00:00,155 [INFO] primp: response: https://duckduckgo.com/?q=Fed+rate+decision 200
2026-06-06 05:00:00,160 [INFO] services.news_sources: [news_sources] yfinance:0700.HK → 10 items
2026-06-06 05:00:00,186 [INFO] services.news_sources: [news_sources] yfinance:NDQ.AX → 0 items
2026-06-06 05:00:00,369 [INFO] primp: response: https://www.bing.com/news/infinitescrollajax?q=GC%3DF+news&InfiniteScroll=1&first=11&SFX=1&cc=wt&setlang=wt 200
2026-06-06 05:00:00,410 [INFO] services.news_sources: [news_sources] rss:bbc_business → 15 items
2026-06-06 05:00:00,429 [INFO] primp: response: https://www.bing.com/news/infinitescrollajax?q=Fed+rate+decision&InfiniteScroll=1&first=11&SFX=1&cc=wt&setlang=wt 200
2026-06-06 05:00:00,439 [INFO] services.news_sources: [news_sources] rss:yahoo_finance_headline → 15 items
2026-06-06 05:00:00,446 [INFO] primp: response: https://duckduckgo.com/news.js?l=wt-wt&o=json&noamp=1&q=Fed+rate+decision&vqd=4-203765832617442504690537103130628742982&p=-2 200
2026-06-06 05:00:00,448 [INFO] services.news_sources: [news_sources] ddgs:Fed rate decision → 15 items
2026-06-06 05:00:00,544 [INFO] primp: response: https://news.search.yahoo.com/search?p=NDQ.AX+news 200
2026-06-06 05:00:00,545 [INFO] primp: response: https://news.search.yahoo.com/search?p=0700.HK+news 200
2026-06-06 05:00:00,549 [INFO] primp: response: https://news.search.yahoo.com/search?p=ASIA.AX+news 200
2026-06-06 05:00:00,555 [INFO] primp: response: https://news.search.yahoo.com/search?p=GC%3DF+news 200
2026-06-06 05:00:00,694 [INFO] services.news_sources: [news_sources] rss:seeking_alpha_market → 7 items
2026-06-06 05:00:00,946 [INFO] services.news_sources: [news_sources] rss:reuters_business → 0 items
2026-06-06 05:00:00,956 [INFO] services.news_sources: [news_sources] rss:ft_markets → 15 items
2026-06-06 05:00:00,961 [INFO] services.news_sources: [news_sources] ddgs:GC=F news → 11 items
2026-06-06 05:00:01,164 [INFO] primp: response: https://www.bing.com/news/infinitescrollajax?q=NDQ.AX+news&InfiniteScroll=1&first=11&SFX=1&cc=wt&setlang=wt 200
2026-06-06 05:00:01,164 [WARNING] services.news_sources.ddgs_news: DDGS query 'NDQ.AX news' 失败: No results found.
2026-06-06 05:00:01,164 [INFO] services.news_sources: [news_sources] ddgs:NDQ.AX news → 0 items
2026-06-06 05:00:01,191 [INFO] primp: response: https://www.bing.com/news/infinitescrollajax?q=0700.HK+news&InfiniteScroll=1&first=11&SFX=1&cc=wt&setlang=wt 200
2026-06-06 05:00:01,193 [INFO] services.news_sources: [news_sources] ddgs:0700.HK news → 15 items
2026-06-06 05:00:01,324 [INFO] primp: response: https://www.bing.com/news/infinitescrollajax?q=ASIA.AX+news&InfiniteScroll=1&first=11&SFX=1&cc=wt&setlang=wt 200
2026-06-06 05:00:01,326 [INFO] services.news_sources: [news_sources] ddgs:ASIA.AX news → 5 items
2026-06-06 05:00:01,422 [INFO] services.news_sources: [news_sources] rss:caixin_global → 0 items
2026-06-06 05:00:01,454 [INFO] services.news_sources: [news_sources] 总计 118 条 → 去重后 118 条
2026-06-06 05:00:01,454 [INFO] jobs.event_watch: [event_watch] fetched 118 raw items
2026-06-06 05:00:01,471 [INFO] jobs.event_watch: [event_watch] unseen=16 / total=118
2026-06-06 05:00:37,284 [INFO] httpx: HTTP Request: POST https://token-plan-cn.xiaomimimo.com/v1/chat/completions "HTTP/1.1 200 OK"
2026-06-06 05:00:37,292 [INFO] jobs.event_watch: [event_watch] normalized 16 events
2026-06-06 05:00:37,309 [INFO] jobs.event_watch: [event_watch] triggerable=0
2026-06-06 05:00:37,310 [INFO] scheduler.runner: [event_watch] 成功
2026-06-06 05:00:37,320 [INFO] apscheduler.executors.default: Job "event_watch (trigger: cron[month='*', day='*', day_of_week='1-5', hour='0-7', minute='*/30'], next run at: 2026-06-06 05:30:00 CST)" executed successfully
2026-06-06 05:30:00,000 [INFO] apscheduler.executors.default: Running job "event_watch (trigger: cron[month='*', day='*', day_of_week='1-5', hour='0-7', minute='*/30'], next run at: 2026-06-06 06:00:00 CST)" (scheduled at 2026-06-06 05:30:00+08:00)
2026-06-06 05:30:00,000 [INFO] scheduler.runner: [event_watch] 启动 (started=2026-06-06T05:30:00+08:00)
2026-06-06 05:30:00,002 [INFO] jobs.event_watch: [event_watch] watched=['GC=F', 'ASIA.AX', '0700.HK', 'NDQ.AX'], queries=5
2026-06-06 05:30:00,080 [INFO] primp: response: https://duckduckgo.com/?q=NDQ.AX+news 200
2026-06-06 05:30:00,082 [INFO] primp: response: https://duckduckgo.com/?q=ASIA.AX+news 200
2026-06-06 05:30:00,085 [INFO] primp: response: https://duckduckgo.com/?q=GC%3DF+news 200
2026-06-06 05:30:00,087 [INFO] primp: response: https://duckduckgo.com/?q=0700.HK+news 200
2026-06-06 05:30:00,101 [INFO] primp: response: https://duckduckgo.com/news.js?l=wt-wt&o=json&noamp=1&q=NDQ.AX+news&vqd=4-202405933009345469461329414571220977237&p=-2 403
2026-06-06 05:30:00,102 [INFO] primp: response: https://duckduckgo.com/news.js?l=wt-wt&o=json&noamp=1&q=ASIA.AX+news&vqd=4-124666963028767187872929287032762056991&p=-2 403
2026-06-06 05:30:00,104 [INFO] primp: response: https://duckduckgo.com/news.js?l=wt-wt&o=json&noamp=1&q=0700.HK+news&vqd=4-336206650577717075015636226066485804413&p=-2 403
2026-06-06 05:30:00,105 [INFO] primp: response: https://duckduckgo.com/news.js?l=wt-wt&o=json&noamp=1&q=GC%3DF+news&vqd=4-303893974368011867669980555085385331649&p=-2 403
2026-06-06 05:30:00,168 [INFO] primp: response: https://duckduckgo.com/?q=Fed+rate+decision 200
2026-06-06 05:30:00,195 [INFO] services.news_sources: [news_sources] yfinance:ASIA.AX → 0 items
2026-06-06 05:30:00,204 [INFO] services.news_sources: [news_sources] yfinance:GC=F → 10 items
2026-06-06 05:30:00,223 [INFO] primp: response: https://www.bing.com/news/infinitescrollajax?q=GC%3DF+news&InfiniteScroll=1&first=11&SFX=1&cc=wt&setlang=wt 200
2026-06-06 05:30:00,235 [INFO] services.news_sources: [news_sources] yfinance:0700.HK → 10 items
2026-06-06 05:30:00,261 [INFO] services.news_sources: [news_sources] yfinance:NDQ.AX → 0 items
2026-06-06 05:30:00,274 [INFO] primp: response: https://www.bing.com/news/infinitescrollajax?q=Fed+rate+decision&InfiniteScroll=1&first=11&SFX=1&cc=wt&setlang=wt 200
2026-06-06 05:30:00,330 [INFO] primp: response: https://www.bing.com/news/infinitescrollajax?q=0700.HK+news&InfiniteScroll=1&first=11&SFX=1&cc=wt&setlang=wt 200
2026-06-06 05:30:00,463 [INFO] services.news_sources: [news_sources] rss:bbc_business → 15 items
2026-06-06 05:30:00,465 [INFO] primp: response: https://duckduckgo.com/news.js?l=wt-wt&o=json&noamp=1&q=Fed+rate+decision&vqd=4-203765832617442504690537103130628742982&p=-2 200
2026-06-06 05:30:00,467 [INFO] services.news_sources: [news_sources] ddgs:Fed rate decision → 15 items
2026-06-06 05:30:00,497 [INFO] services.news_sources: [news_sources] rss:yahoo_finance_headline → 15 items
2026-06-06 05:30:00,546 [INFO] primp: response: https://news.search.yahoo.com/search?p=GC%3DF+news 200
2026-06-06 05:30:00,558 [INFO] primp: response: https://news.search.yahoo.com/search?p=NDQ.AX+news 200
2026-06-06 05:30:00,564 [INFO] primp: response: https://news.search.yahoo.com/search?p=ASIA.AX+news 200
2026-06-06 05:30:00,566 [INFO] primp: response: https://news.search.yahoo.com/search?p=0700.HK+news 200
2026-06-06 05:30:00,730 [INFO] services.news_sources: [news_sources] rss:seeking_alpha_market → 7 items
2026-06-06 05:30:00,782 [INFO] services.news_sources: [news_sources] rss:ft_markets → 15 items
2026-06-06 05:30:01,014 [INFO] services.news_sources: [news_sources] rss:caixin_global → 0 items
2026-06-06 05:30:01,048 [INFO] services.news_sources: [news_sources] rss:reuters_business → 0 items
2026-06-06 05:30:01,052 [INFO] services.news_sources: [news_sources] ddgs:GC=F news → 11 items
2026-06-06 05:30:01,053 [INFO] services.news_sources: [news_sources] ddgs:0700.HK news → 15 items
2026-06-06 05:30:01,252 [INFO] primp: response: https://www.bing.com/news/infinitescrollajax?q=NDQ.AX+news&InfiniteScroll=1&first=11&SFX=1&cc=wt&setlang=wt 200
2026-06-06 05:30:01,252 [WARNING] services.news_sources.ddgs_news: DDGS query 'NDQ.AX news' 失败: No results found.
2026-06-06 05:30:01,253 [INFO] services.news_sources: [news_sources] ddgs:NDQ.AX news → 0 items
2026-06-06 05:30:01,284 [INFO] primp: response: https://www.bing.com/news/infinitescrollajax?q=ASIA.AX+news&InfiniteScroll=1&first=11&SFX=1&cc=wt&setlang=wt 200
2026-06-06 05:30:01,296 [INFO] services.news_sources: [news_sources] ddgs:ASIA.AX news → 5 items
2026-06-06 05:30:01,301 [INFO] services.news_sources: [news_sources] 总计 118 条 → 去重后 118 条
2026-06-06 05:30:01,301 [INFO] jobs.event_watch: [event_watch] fetched 118 raw items
2026-06-06 05:30:01,319 [INFO] jobs.event_watch: [event_watch] unseen=16 / total=118
2026-06-06 05:30:35,632 [INFO] httpx: HTTP Request: POST https://token-plan-cn.xiaomimimo.com/v1/chat/completions "HTTP/1.1 200 OK"
2026-06-06 05:30:35,638 [INFO] jobs.event_watch: [event_watch] normalized 16 events
2026-06-06 05:30:35,644 [INFO] jobs.event_watch: [event_watch] triggerable=1
2026-06-06 05:30:38,831 [INFO] scheduler.runner: [event_watch] 成功
2026-06-06 05:30:38,840 [INFO] apscheduler.executors.default: Job "event_watch (trigger: cron[month='*', day='*', day_of_week='1-5', hour='0-7', minute='*/30'], next run at: 2026-06-06 06:00:00 CST)" executed successfully
2026-06-06 06:00:00,000 [INFO] apscheduler.executors.default: Running job "event_watch (trigger: cron[month='*', day='*', day_of_week='1-5', hour='0-7', minute='*/30'], next run at: 2026-06-06 06:30:00 CST)" (scheduled at 2026-06-06 06:00:00+08:00)
2026-06-06 06:00:00,000 [INFO] scheduler.runner: [event_watch] 启动 (started=2026-06-06T06:00:00+08:00)
2026-06-06 06:00:00,002 [INFO] jobs.event_watch: [event_watch] watched=['GC=F', 'ASIA.AX', '0700.HK', 'NDQ.AX'], queries=5
2026-06-06 06:00:00,087 [INFO] primp: response: https://duckduckgo.com/?q=NDQ.AX+news 200
2026-06-06 06:00:00,087 [INFO] primp: response: https://duckduckgo.com/?q=GC%3DF+news 200
2026-06-06 06:00:00,090 [INFO] primp: response: https://duckduckgo.com/?q=ASIA.AX+news 200
2026-06-06 06:00:00,093 [INFO] primp: response: https://duckduckgo.com/?q=0700.HK+news 200
2026-06-06 06:00:00,107 [INFO] primp: response: https://duckduckgo.com/news.js?l=wt-wt&o=json&noamp=1&q=GC%3DF+news&vqd=4-303892956444580139114413307689756790257&p=-2 403
2026-06-06 06:00:00,114 [INFO] primp: response: https://duckduckgo.com/news.js?l=wt-wt&o=json&noamp=1&q=NDQ.AX+news&vqd=4-202403698141336727857671678996718991461&p=-2 403
2026-06-06 06:00:00,122 [INFO] primp: response: https://duckduckgo.com/news.js?l=wt-wt&o=json&noamp=1&q=0700.HK+news&vqd=4-336208799245484470423761125261117391693&p=-2 403
2026-06-06 06:00:00,216 [INFO] primp: response: https://www.bing.com/news/infinitescrollajax?q=GC%3DF+news&InfiniteScroll=1&first=11&SFX=1&cc=wt&setlang=wt 200
2026-06-06 06:00:00,239 [INFO] primp: response: https://www.bing.com/news/infinitescrollajax?q=0700.HK+news&InfiniteScroll=1&first=11&SFX=1&cc=wt&setlang=wt 200
2026-06-06 06:00:00,292 [INFO] primp: response: https://duckduckgo.com/?q=Fed+rate+decision 200
2026-06-06 06:00:00,332 [INFO] primp: response: https://www.bing.com/news/infinitescrollajax?q=ASIA.AX+news&InfiniteScroll=1&first=11&SFX=1&cc=wt&setlang=wt 200
2026-06-06 06:00:00,339 [INFO] primp: response: https://duckduckgo.com/news.js?l=wt-wt&o=json&noamp=1&q=ASIA.AX+news&vqd=4-124664570972084452426542396582608289583&p=-2 200
2026-06-06 06:00:00,366 [INFO] services.news_sources: [news_sources] yfinance:ASIA.AX → 0 items
2026-06-06 06:00:00,381 [INFO] services.news_sources: [news_sources] yfinance:GC=F → 10 items
2026-06-06 06:00:00,383 [INFO] services.news_sources: [news_sources] yfinance:0700.HK → 10 items
2026-06-06 06:00:00,448 [INFO] services.news_sources: [news_sources] yfinance:NDQ.AX → 0 items
2026-06-06 06:00:00,590 [INFO] primp: response: https://duckduckgo.com/news.js?l=wt-wt&o=json&noamp=1&q=Fed+rate+decision&vqd=4-203764571305095154525606279258978132342&p=-2 200
2026-06-06 06:00:00,628 [INFO] services.news_sources: [news_sources] rss:bbc_business → 15 items
2026-06-06 06:00:00,653 [INFO] services.news_sources: [news_sources] rss:yahoo_finance_headline → 15 items
2026-06-06 06:00:00,737 [INFO] services.news_sources: [news_sources] rss:seeking_alpha_market → 7 items
2026-06-06 06:00:00,805 [INFO] services.news_sources: [news_sources] rss:ft_markets → 15 items
2026-06-06 06:00:00,817 [INFO] primp: response: https://news.search.yahoo.com/search?p=NDQ.AX+news 200
2026-06-06 06:00:00,822 [INFO] primp: response: https://news.search.yahoo.com/search?p=GC%3DF+news 200
2026-06-06 06:00:00,839 [INFO] primp: response: https://news.search.yahoo.com/search?p=ASIA.AX+news 200
2026-06-06 06:00:00,839 [INFO] primp: response: https://news.search.yahoo.com/search?p=0700.HK+news 200
2026-06-06 06:00:00,839 [INFO] primp: response: https://news.search.yahoo.com/search?p=Fed+rate+decision 200
2026-06-06 06:00:00,963 [INFO] services.news_sources: [news_sources] rss:reuters_business → 0 items
2026-06-06 06:00:01,195 [INFO] services.news_sources: [news_sources] ddgs:GC=F news → 11 items
2026-06-06 06:00:01,215 [INFO] services.news_sources: [news_sources] ddgs:0700.HK news → 15 items
2026-06-06 06:00:01,224 [INFO] services.news_sources: [news_sources] ddgs:ASIA.AX news → 5 items
2026-06-06 06:00:01,283 [INFO] services.news_sources: [news_sources] ddgs:Fed rate decision → 15 items
2026-06-06 06:00:01,404 [INFO] services.news_sources: [news_sources] rss:caixin_global → 0 items
2026-06-06 06:00:01,426 [INFO] primp: response: https://www.bing.com/news/infinitescrollajax?q=NDQ.AX+news&InfiniteScroll=1&first=11&SFX=1&cc=wt&setlang=wt 200
2026-06-06 06:00:01,439 [WARNING] services.news_sources.ddgs_news: DDGS query 'NDQ.AX news' 失败: No results found.
2026-06-06 06:00:01,441 [INFO] services.news_sources: [news_sources] ddgs:NDQ.AX news → 0 items
2026-06-06 06:00:01,449 [INFO] services.news_sources: [news_sources] 总计 118 条 → 去重后 118 条
2026-06-06 06:00:01,450 [INFO] jobs.event_watch: [event_watch] fetched 118 raw items
2026-06-06 06:00:01,472 [INFO] jobs.event_watch: [event_watch] unseen=23 / total=118
2026-06-06 06:00:54,184 [INFO] httpx: HTTP Request: POST https://token-plan-cn.xiaomimimo.com/v1/chat/completions "HTTP/1.1 200 OK"
2026-06-06 06:00:54,193 [INFO] jobs.event_watch: [event_watch] normalized 23 events
2026-06-06 06:00:54,201 [INFO] jobs.event_watch: [event_watch] triggerable=0
2026-06-06 06:00:54,202 [INFO] scheduler.runner: [event_watch] 成功
2026-06-06 06:00:54,208 [INFO] apscheduler.executors.default: Job "event_watch (trigger: cron[month='*', day='*', day_of_week='1-5', hour='0-7', minute='*/30'], next run at: 2026-06-06 06:30:00 CST)" executed successfully
2026-06-06 06:30:00,000 [INFO] apscheduler.executors.default: Running job "event_watch (trigger: cron[month='*', day='*', day_of_week='1-5', hour='0-7', minute='*/30'], next run at: 2026-06-06 07:00:00 CST)" (scheduled at 2026-06-06 06:30:00+08:00)
2026-06-06 06:30:00,000 [INFO] scheduler.runner: [event_watch] 启动 (started=2026-06-06T06:30:00+08:00)
2026-06-06 06:30:00,002 [INFO] jobs.event_watch: [event_watch] watched=['GC=F', 'ASIA.AX', '0700.HK', 'NDQ.AX'], queries=5
2026-06-06 06:30:00,083 [INFO] primp: response: https://duckduckgo.com/?q=GC%3DF+news 200
2026-06-06 06:30:00,085 [INFO] primp: response: https://duckduckgo.com/?q=Fed+rate+decision 200
2026-06-06 06:30:00,085 [INFO] primp: response: https://duckduckgo.com/?q=NDQ.AX+news 200
2026-06-06 06:30:00,100 [INFO] primp: response: https://duckduckgo.com/news.js?l=wt-wt&o=json&noamp=1&q=GC%3DF+news&vqd=4-303892956444580139114413307689756790257&p=-2 403
2026-06-06 06:30:00,103 [INFO] primp: response: https://duckduckgo.com/news.js?l=wt-wt&o=json&noamp=1&q=Fed+rate+decision&vqd=4-203764571305095154525606279258978132342&p=-2 403
2026-06-06 06:30:00,105 [INFO] primp: response: https://duckduckgo.com/news.js?l=wt-wt&o=json&noamp=1&q=NDQ.AX+news&vqd=4-202403698141336727857671678996718991461&p=-2 403
2026-06-06 06:30:00,172 [INFO] primp: response: https://duckduckgo.com/?q=0700.HK+news 200
2026-06-06 06:30:00,212 [INFO] services.news_sources: [news_sources] yfinance:ASIA.AX → 0 items
2026-06-06 06:30:00,228 [INFO] services.news_sources: [news_sources] yfinance:GC=F → 10 items
2026-06-06 06:30:00,263 [INFO] services.news_sources: [news_sources] yfinance:0700.HK → 10 items
2026-06-06 06:30:00,271 [INFO] services.news_sources: [news_sources] yfinance:NDQ.AX → 0 items
2026-06-06 06:30:00,297 [INFO] primp: response: https://www.bing.com/news/infinitescrollajax?q=GC%3DF+news&InfiniteScroll=1&first=11&SFX=1&cc=wt&setlang=wt 200
2026-06-06 06:30:00,322 [INFO] services.news_sources: [news_sources] rss:bbc_business → 15 items
2026-06-06 06:30:00,349 [INFO] services.news_sources: [news_sources] rss:yahoo_finance_headline → 15 items
2026-06-06 06:30:00,356 [INFO] primp: response: https://www.bing.com/news/infinitescrollajax?q=ASIA.AX+news&InfiniteScroll=1&first=11&SFX=1&cc=wt&setlang=wt 200
2026-06-06 06:30:00,371 [INFO] primp: response: https://www.bing.com/news/infinitescrollajax?q=NDQ.AX+news&InfiniteScroll=1&first=11&SFX=1&cc=wt&setlang=wt 200
2026-06-06 06:30:00,401 [INFO] primp: response: https://www.bing.com/news/infinitescrollajax?q=0700.HK+news&InfiniteScroll=1&first=11&SFX=1&cc=wt&setlang=wt 200
2026-06-06 06:30:00,403 [INFO] primp: response: https://duckduckgo.com/news.js?l=wt-wt&o=json&noamp=1&q=0700.HK+news&vqd=4-336208799245484470423761125261117391693&p=-2 200
2026-06-06 06:30:00,433 [INFO] services.news_sources: [news_sources] rss:seeking_alpha_market → 7 items
2026-06-06 06:30:00,608 [INFO] services.news_sources: [news_sources] rss:ft_markets → 15 items
2026-06-06 06:30:00,622 [INFO] primp: response: https://news.search.yahoo.com/search?p=Fed+rate+decision 200
2026-06-06 06:30:00,636 [INFO] primp: response: https://news.search.yahoo.com/search?p=GC%3DF+news 200
2026-06-06 06:30:00,636 [INFO] primp: response: https://news.search.yahoo.com/search?p=NDQ.AX+news 200
2026-06-06 06:30:00,641 [INFO] primp: response: https://news.search.yahoo.com/search?p=ASIA.AX+news 200
2026-06-06 06:30:00,682 [INFO] primp: response: https://news.search.yahoo.com/search?p=0700.HK+news 200
2026-06-06 06:30:00,772 [INFO] services.news_sources: [news_sources] rss:reuters_business → 0 items
2026-06-06 06:30:00,999 [INFO] services.news_sources: [news_sources] rss:caixin_global → 0 items
2026-06-06 06:30:01,019 [WARNING] services.news_sources.ddgs_news: DDGS query 'NDQ.AX news' 失败: No results found.
2026-06-06 06:30:01,020 [INFO] services.news_sources: [news_sources] ddgs:NDQ.AX news → 0 items
2026-06-06 06:30:01,045 [INFO] services.news_sources: [news_sources] ddgs:ASIA.AX news → 5 items
2026-06-06 06:30:01,047 [INFO] services.news_sources: [news_sources] ddgs:GC=F news → 11 items
2026-06-06 06:30:01,082 [INFO] services.news_sources: [news_sources] ddgs:0700.HK news → 15 items
2026-06-06 06:30:01,319 [INFO] primp: response: https://www.bing.com/news/infinitescrollajax?q=Fed+rate+decision&InfiniteScroll=1&first=11&SFX=1&cc=wt&setlang=wt 200
2026-06-06 06:30:01,321 [INFO] services.news_sources: [news_sources] ddgs:Fed rate decision → 15 items
2026-06-06 06:30:01,328 [INFO] services.news_sources: [news_sources] 总计 118 条 → 去重后 118 条
2026-06-06 06:30:01,329 [INFO] jobs.event_watch: [event_watch] fetched 118 raw items
2026-06-06 06:30:01,347 [INFO] jobs.event_watch: [event_watch] unseen=17 / total=118
2026-06-06 06:30:40,838 [INFO] httpx: HTTP Request: POST https://token-plan-cn.xiaomimimo.com/v1/chat/completions "HTTP/1.1 200 OK"
2026-06-06 06:30:40,844 [INFO] jobs.event_watch: [event_watch] normalized 17 events
2026-06-06 06:30:40,864 [INFO] jobs.event_watch: [event_watch] triggerable=0
2026-06-06 06:30:40,865 [INFO] scheduler.runner: [event_watch] 成功
2026-06-06 06:30:40,871 [INFO] apscheduler.executors.default: Job "event_watch (trigger: cron[month='*', day='*', day_of_week='1-5', hour='0-7', minute='*/30'], next run at: 2026-06-06 07:00:00 CST)" executed successfully
2026-06-06 07:00:00,000 [INFO] apscheduler.executors.default: Running job "event_watch (trigger: cron[month='*', day='*', day_of_week='1-5', hour='0-7', minute='*/30'], next run at: 2026-06-06 07:30:00 CST)" (scheduled at 2026-06-06 07:00:00+08:00)
2026-06-06 07:00:00,000 [INFO] scheduler.runner: [event_watch] 启动 (started=2026-06-06T07:00:00+08:00)
2026-06-06 07:00:00,002 [INFO] jobs.event_watch: [event_watch] watched=['GC=F', 'ASIA.AX', '0700.HK', 'NDQ.AX'], queries=5
2026-06-06 07:00:00,079 [INFO] primp: response: https://duckduckgo.com/?q=0700.HK+news 200
2026-06-06 07:00:00,097 [INFO] primp: response: https://duckduckgo.com/news.js?l=wt-wt&o=json&noamp=1&q=0700.HK+news&vqd=4-336208514024099504369890365475934081373&p=-2 403
2026-06-06 07:00:00,227 [INFO] primp: response: https://www.bing.com/news/infinitescrollajax?q=NDQ.AX+news&InfiniteScroll=1&first=11&SFX=1&cc=wt&setlang=wt 200
2026-06-06 07:00:00,236 [INFO] primp: response: https://www.bing.com/news/infinitescrollajax?q=GC%3DF+news&InfiniteScroll=1&first=11&SFX=1&cc=wt&setlang=wt 200
2026-06-06 07:00:00,239 [INFO] primp: response: https://www.bing.com/news/infinitescrollajax?q=0700.HK+news&InfiniteScroll=1&first=11&SFX=1&cc=wt&setlang=wt 200
2026-06-06 07:00:00,247 [INFO] services.news_sources: [news_sources] yfinance:ASIA.AX → 0 items
2026-06-06 07:00:00,262 [INFO] services.news_sources: [news_sources] yfinance:0700.HK → 10 items
2026-06-06 07:00:00,295 [INFO] services.news_sources: [news_sources] yfinance:GC=F → 10 items
2026-06-06 07:00:00,306 [INFO] primp: response: https://www.bing.com/news/infinitescrollajax?q=ASIA.AX+news&InfiniteScroll=1&first=11&SFX=1&cc=wt&setlang=wt 200
2026-06-06 07:00:00,311 [INFO] services.news_sources: [news_sources] yfinance:NDQ.AX → 0 items
2026-06-06 07:00:00,344 [INFO] services.news_sources: [news_sources] rss:bbc_business → 15 items
2026-06-06 07:00:00,344 [INFO] primp: response: https://news.search.yahoo.com/search?p=GC%3DF+news 200
2026-06-06 07:00:00,345 [INFO] primp: response: https://news.search.yahoo.com/search?p=NDQ.AX+news 200
2026-06-06 07:00:00,346 [INFO] primp: response: https://news.search.yahoo.com/search?p=ASIA.AX+news 200
2026-06-06 07:00:00,347 [INFO] primp: response: https://news.search.yahoo.com/search?p=Fed+rate+decision 200
2026-06-06 07:00:00,349 [INFO] primp: response: https://news.search.yahoo.com/search?p=0700.HK+news 200
2026-06-06 07:00:00,372 [INFO] services.news_sources: [news_sources] rss:yahoo_finance_headline → 15 items
2026-06-06 07:00:00,530 [INFO] primp: response: https://www.bing.com/news/infinitescrollajax?q=Fed+rate+decision&InfiniteScroll=1&first=11&SFX=1&cc=wt&setlang=wt 200
2026-06-06 07:00:00,748 [INFO] services.news_sources: [news_sources] rss:seeking_alpha_market → 7 items
2026-06-06 07:00:00,753 [INFO] services.news_sources: [news_sources] ddgs:GC=F news → 11 items
2026-06-06 07:00:00,754 [INFO] services.news_sources: [news_sources] ddgs:0700.HK news → 15 items
2026-06-06 07:00:00,760 [INFO] services.news_sources: [news_sources] ddgs:ASIA.AX news → 4 items
2026-06-06 07:00:00,765 [INFO] services.news_sources: [news_sources] ddgs:Fed rate decision → 15 items
2026-06-06 07:00:00,819 [INFO] primp: response: https://duckduckgo.com/?q=NDQ.AX+news 200
2026-06-06 07:00:00,965 [INFO] services.news_sources: [news_sources] rss:reuters_business → 0 items
2026-06-06 07:00:01,058 [INFO] primp: response: https://duckduckgo.com/news.js?l=wt-wt&o=json&noamp=1&q=NDQ.AX+news&vqd=4-202404064492360260224247392222774471285&p=-2 200
2026-06-06 07:00:01,058 [WARNING] services.news_sources.ddgs_news: DDGS query 'NDQ.AX news' 失败: No results found.
2026-06-06 07:00:01,059 [INFO] services.news_sources: [news_sources] ddgs:NDQ.AX news → 0 items
2026-06-06 07:00:01,132 [INFO] services.news_sources: [news_sources] rss:ft_markets → 15 items
2026-06-06 07:00:01,644 [INFO] services.news_sources: [news_sources] rss:caixin_global → 0 items
2026-06-06 07:00:01,655 [INFO] services.news_sources: [news_sources] 总计 117 条 → 去重后 117 条
2026-06-06 07:00:01,656 [INFO] jobs.event_watch: [event_watch] fetched 117 raw items
2026-06-06 07:00:01,675 [INFO] jobs.event_watch: [event_watch] unseen=8 / total=117
2026-06-06 07:00:30,409 [INFO] httpx: HTTP Request: POST https://token-plan-cn.xiaomimimo.com/v1/chat/completions "HTTP/1.1 200 OK"
2026-06-06 07:00:30,413 [INFO] jobs.event_watch: [event_watch] normalized 8 events
2026-06-06 07:00:30,417 [INFO] jobs.event_watch: [event_watch] triggerable=0
2026-06-06 07:00:30,418 [INFO] scheduler.runner: [event_watch] 成功
2026-06-06 07:00:30,425 [INFO] apscheduler.executors.default: Job "event_watch (trigger: cron[month='*', day='*', day_of_week='1-5', hour='0-7', minute='*/30'], next run at: 2026-06-06 07:30:00 CST)" executed successfully
2026-06-06 07:30:00,000 [INFO] apscheduler.executors.default: Running job "event_watch (trigger: cron[month='*', day='*', day_of_week='1-5', hour='0-7', minute='*/30'], next run at: 2026-06-09 00:00:00 CST)" (scheduled at 2026-06-06 07:30:00+08:00)
2026-06-06 07:30:00,000 [INFO] scheduler.runner: [event_watch] 启动 (started=2026-06-06T07:30:00+08:00)
2026-06-06 07:30:00,002 [INFO] jobs.event_watch: [event_watch] watched=['GC=F', 'ASIA.AX', '0700.HK', 'NDQ.AX'], queries=5
2026-06-06 07:30:00,094 [INFO] primp: response: https://duckduckgo.com/?q=Fed+rate+decision 200
2026-06-06 07:30:00,097 [INFO] primp: response: https://duckduckgo.com/?q=0700.HK+news 200
2026-06-06 07:30:00,102 [INFO] primp: response: https://duckduckgo.com/?q=GC%3DF+news 200
2026-06-06 07:30:00,119 [INFO] primp: response: https://duckduckgo.com/news.js?l=wt-wt&o=json&noamp=1&q=Fed+rate+decision&vqd=4-203764937656118535186158699648794506086&p=-2 403
2026-06-06 07:30:00,122 [INFO] primp: response: https://duckduckgo.com/news.js?l=wt-wt&o=json&noamp=1&q=0700.HK+news&vqd=4-336208514024099504369890365475934081373&p=-2 403
2026-06-06 07:30:00,124 [INFO] primp: response: https://duckduckgo.com/news.js?l=wt-wt&o=json&noamp=1&q=GC%3DF+news&vqd=4-303893241665965105168284032290568019937&p=-2 403
2026-06-06 07:30:00,193 [INFO] primp: response: https://duckduckgo.com/?q=ASIA.AX+news 200
2026-06-06 07:30:00,210 [INFO] primp: response: https://www.bing.com/news/infinitescrollajax?q=NDQ.AX+news&InfiniteScroll=1&first=11&SFX=1&cc=wt&setlang=wt 200
2026-06-06 07:30:00,237 [INFO] primp: response: https://www.bing.com/news/infinitescrollajax?q=0700.HK+news&InfiniteScroll=1&first=11&SFX=1&cc=wt&setlang=wt 200
2026-06-06 07:30:00,238 [INFO] services.news_sources: [news_sources] yfinance:ASIA.AX → 0 items
2026-06-06 07:30:00,239 [INFO] services.news_sources: [news_sources] yfinance:GC=F → 10 items
2026-06-06 07:30:00,251 [INFO] services.news_sources: [news_sources] yfinance:0700.HK → 10 items
2026-06-06 07:30:00,292 [INFO] services.news_sources: [news_sources] rss:bbc_business → 15 items
2026-06-06 07:30:00,318 [INFO] services.news_sources: [news_sources] yfinance:NDQ.AX → 0 items
2026-06-06 07:30:00,344 [INFO] services.news_sources: [news_sources] rss:yahoo_finance_headline → 15 items
2026-06-06 07:30:00,418 [INFO] primp: response: https://duckduckgo.com/news.js?l=wt-wt&o=json&noamp=1&q=ASIA.AX+news&vqd=4-124664937323107852566856593856644295999&p=-2 200
2026-06-06 07:30:00,427 [INFO] services.news_sources: [news_sources] rss:seeking_alpha_market → 7 items
2026-06-06 07:30:00,499 [INFO] primp: response: https://news.search.yahoo.com/search?p=GC%3DF+news 200
2026-06-06 07:30:00,500 [INFO] primp: response: https://news.search.yahoo.com/search?p=NDQ.AX+news 200
2026-06-06 07:30:00,501 [INFO] primp: response: https://news.search.yahoo.com/search?p=ASIA.AX+news 200
2026-06-06 07:30:00,502 [INFO] primp: response: https://news.search.yahoo.com/search?p=Fed+rate+decision 200
2026-06-06 07:30:00,502 [INFO] primp: response: https://news.search.yahoo.com/search?p=0700.HK+news 200
2026-06-06 07:30:00,832 [INFO] services.news_sources: [news_sources] rss:caixin_global → 0 items
2026-06-06 07:30:00,900 [INFO] services.news_sources: [news_sources] ddgs:0700.HK news → 15 items
2026-06-06 07:30:00,919 [INFO] services.news_sources: [news_sources] rss:ft_markets → 15 items
2026-06-06 07:30:01,046 [INFO] primp: response: https://duckduckgo.com/?q=NDQ.AX+news 200
2026-06-06 07:30:01,063 [INFO] primp: response: https://duckduckgo.com/news.js?l=wt-wt&o=json&noamp=1&q=NDQ.AX+news&vqd=4-202404064492360260224247392222774471285&p=-2 403
2026-06-06 07:30:01,063 [WARNING] services.news_sources.ddgs_news: DDGS query 'NDQ.AX news' 失败: No results found.
2026-06-06 07:30:01,063 [INFO] services.news_sources: [news_sources] ddgs:NDQ.AX news → 0 items
2026-06-06 07:30:01,162 [INFO] primp: response: https://www.bing.com/news/infinitescrollajax?q=ASIA.AX+news&InfiniteScroll=1&first=11&SFX=1&cc=wt&setlang=wt 200
2026-06-06 07:30:01,196 [INFO] primp: response: https://www.bing.com/news/infinitescrollajax?q=GC%3DF+news&InfiniteScroll=1&first=11&SFX=1&cc=wt&setlang=wt 200
2026-06-06 07:30:01,228 [INFO] primp: response: https://www.bing.com/news/infinitescrollajax?q=Fed+rate+decision&InfiniteScroll=1&first=11&SFX=1&cc=wt&setlang=wt 200
2026-06-06 07:30:01,229 [INFO] services.news_sources: [news_sources] rss:reuters_business → 0 items
2026-06-06 07:30:01,231 [INFO] services.news_sources: [news_sources] ddgs:GC=F news → 11 items
2026-06-06 07:30:01,231 [INFO] services.news_sources: [news_sources] ddgs:ASIA.AX news → 4 items
2026-06-06 07:30:01,233 [INFO] services.news_sources: [news_sources] ddgs:Fed rate decision → 15 items
2026-06-06 07:30:01,238 [INFO] services.news_sources: [news_sources] 总计 117 条 → 去重后 117 条
2026-06-06 07:30:01,238 [INFO] jobs.event_watch: [event_watch] fetched 117 raw items
2026-06-06 07:30:01,256 [INFO] jobs.event_watch: [event_watch] unseen=10 / total=117
2026-06-06 07:30:25,068 [INFO] httpx: HTTP Request: POST https://token-plan-cn.xiaomimimo.com/v1/chat/completions "HTTP/1.1 200 OK"
2026-06-06 07:30:25,072 [INFO] jobs.event_watch: [event_watch] normalized 10 events
2026-06-06 07:30:25,082 [INFO] jobs.event_watch: [event_watch] triggerable=0
2026-06-06 07:30:25,082 [INFO] scheduler.runner: [event_watch] 成功
2026-06-06 07:30:25,091 [INFO] apscheduler.executors.default: Job "event_watch (trigger: cron[month='*', day='*', day_of_week='1-5', hour='0-7', minute='*/30'], next run at: 2026-06-09 00:00:00 CST)" executed successfully
2026-06-06 09:00:00,001 [INFO] apscheduler.executors.default: Running job "pnl_snapshot (trigger: cron[month='*', day='*', day_of_week='1-5', hour='9-23/2', minute='0'], next run at: 2026-06-06 11:00:00 CST)" (scheduled at 2026-06-06 09:00:00+08:00)
2026-06-06 09:00:00,002 [INFO] scheduler.runner: [pnl_snapshot] 启动 (started=2026-06-06T09:00:00+08:00)
2026-06-06 09:00:00,002 [INFO] scheduler.runner: [pnl_snapshot] 成功
2026-06-06 09:00:00,012 [INFO] apscheduler.executors.default: Job "pnl_snapshot (trigger: cron[month='*', day='*', day_of_week='1-5', hour='9-23/2', minute='0'], next run at: 2026-06-06 11:00:00 CST)" executed successfully
2026-06-06 10:00:00,000 [INFO] apscheduler.executors.default: Running job "daily_report (trigger: cron[month='*', day='*', day_of_week='*', hour='10', minute='0'], next run at: 2026-06-07 10:00:00 CST)" (scheduled at 2026-06-06 10:00:00+08:00)
2026-06-06 10:00:00,000 [INFO] scheduler.runner: [daily_report] 启动 (started=2026-06-06T10:00:00+08:00)
2026-06-06 10:00:00,470 [INFO] jobs.daily_report: run_committee_session 跑 4 资产...
2026-06-06 10:00:18,947 [INFO] httpx: HTTP Request: POST https://token-plan-cn.xiaomimimo.com/v1/chat/completions "HTTP/1.1 200 OK"
2026-06-06 10:00:28,617 [INFO] httpx: HTTP Request: POST https://token-plan-cn.xiaomimimo.com/v1/chat/completions "HTTP/1.1 200 OK"
2026-06-06 10:00:50,610 [INFO] httpx: HTTP Request: POST https://token-plan-cn.xiaomimimo.com/v1/chat/completions "HTTP/1.1 200 OK"
2026-06-06 10:01:15,273 [INFO] httpx: HTTP Request: POST https://token-plan-cn.xiaomimimo.com/v1/chat/completions "HTTP/1.1 200 OK"
2026-06-06 10:01:17,242 [INFO] httpx: HTTP Request: POST https://token-plan-cn.xiaomimimo.com/v1/chat/completions "HTTP/1.1 200 OK"
2026-06-06 10:01:23,277 [INFO] httpx: HTTP Request: POST https://token-plan-cn.xiaomimimo.com/v1/chat/completions "HTTP/1.1 200 OK"
2026-06-06 10:01:25,184 [INFO] httpx: HTTP Request: POST https://token-plan-cn.xiaomimimo.com/v1/chat/completions "HTTP/1.1 200 OK"
2026-06-06 10:01:26,954 [INFO] httpx: HTTP Request: POST https://token-plan-cn.xiaomimimo.com/v1/chat/completions "HTTP/1.1 200 OK"
2026-06-06 10:01:29,500 [INFO] httpx: HTTP Request: POST https://token-plan-cn.xiaomimimo.com/v1/chat/completions "HTTP/1.1 200 OK"
2026-06-06 10:01:43,552 [INFO] httpx: HTTP Request: POST https://token-plan-cn.xiaomimimo.com/v1/chat/completions "HTTP/1.1 200 OK"
2026-06-06 10:01:44,777 [INFO] httpx: HTTP Request: POST https://token-plan-cn.xiaomimimo.com/v1/chat/completions "HTTP/1.1 200 OK"
2026-06-06 10:02:02,473 [INFO] httpx: HTTP Request: POST https://token-plan-cn.xiaomimimo.com/v1/chat/completions "HTTP/1.1 200 OK"
2026-06-06 10:02:07,928 [INFO] httpx: HTTP Request: POST https://token-plan-cn.xiaomimimo.com/v1/chat/completions "HTTP/1.1 200 OK"
2026-06-06 10:02:11,764 [INFO] httpx: HTTP Request: POST https://token-plan-cn.xiaomimimo.com/v1/chat/completions "HTTP/1.1 200 OK"
2026-06-06 10:02:19,782 [INFO] httpx: HTTP Request: POST https://token-plan-cn.xiaomimimo.com/v1/chat/completions "HTTP/1.1 200 OK"
2026-06-06 10:02:37,389 [INFO] httpx: HTTP Request: POST https://token-plan-cn.xiaomimimo.com/v1/chat/completions "HTTP/1.1 200 OK"
2026-06-06 10:02:44,476 [INFO] httpx: HTTP Request: POST https://token-plan-cn.xiaomimimo.com/v1/chat/completions "HTTP/1.1 200 OK"
2026-06-06 10:02:44,973 [INFO] httpx: HTTP Request: POST https://token-plan-cn.xiaomimimo.com/v1/chat/completions "HTTP/1.1 200 OK"
2026-06-06 10:02:45,345 [INFO] httpx: HTTP Request: POST https://token-plan-cn.xiaomimimo.com/v1/chat/completions "HTTP/1.1 200 OK"
2026-06-06 10:03:05,473 [INFO] httpx: HTTP Request: POST https://token-plan-cn.xiaomimimo.com/v1/chat/completions "HTTP/1.1 200 OK"
2026-06-06 10:03:07,934 [INFO] httpx: HTTP Request: POST https://token-plan-cn.xiaomimimo.com/v1/chat/completions "HTTP/1.1 200 OK"
2026-06-06 10:03:20,267 [INFO] httpx: HTTP Request: POST https://token-plan-cn.xiaomimimo.com/v1/chat/completions "HTTP/1.1 200 OK"
2026-06-06 10:03:35,372 [INFO] httpx: HTTP Request: POST https://token-plan-cn.xiaomimimo.com/v1/chat/completions "HTTP/1.1 200 OK"
2026-06-06 10:03:37,180 [INFO] httpx: HTTP Request: POST https://token-plan-cn.xiaomimimo.com/v1/chat/completions "HTTP/1.1 200 OK"
2026-06-06 10:03:52,877 [INFO] httpx: HTTP Request: POST https://token-plan-cn.xiaomimimo.com/v1/chat/completions "HTTP/1.1 200 OK"
2026-06-06 10:03:53,860 [INFO] httpx: HTTP Request: POST https://token-plan-cn.xiaomimimo.com/v1/chat/completions "HTTP/1.1 200 OK"
2026-06-06 10:04:06,551 [INFO] httpx: HTTP Request: POST https://token-plan-cn.xiaomimimo.com/v1/chat/completions "HTTP/1.1 200 OK"
2026-06-06 10:04:07,307 [INFO] httpx: HTTP Request: POST https://token-plan-cn.xiaomimimo.com/v1/chat/completions "HTTP/1.1 200 OK"
2026-06-06 10:04:49,286 [INFO] httpx: HTTP Request: POST https://token-plan-cn.xiaomimimo.com/v1/chat/completions "HTTP/1.1 200 OK"
2026-06-06 10:05:01,667 [INFO] httpx: HTTP Request: POST https://token-plan-cn.xiaomimimo.com/v1/chat/completions "HTTP/1.1 200 OK"
2026-06-06 10:08:42,317 [INFO] httpx: HTTP Request: POST https://token-plan-cn.xiaomimimo.com/v1/chat/completions "HTTP/1.1 200 OK"
2026-06-06 10:08:42,489 [WARNING] core.committee: parse_cio_memo: SOLVENCY=strong + TRIM(concentration) → 强制 HOLD（兜底充足，集中度不触发减仓）
2026-06-06 10:08:42,788 [INFO] jobs.daily_report:   NDQ.AX: HOLD (conf 0.80, dom macro, alloc ¥0)
2026-06-06 10:08:42,788 [INFO] jobs.daily_report:   GC=F: HOLD (conf 0.40, dom risk, alloc ¥0)
2026-06-06 10:08:42,788 [INFO] jobs.daily_report:   ASIA.AX: HOLD (conf 0.75, dom risk, alloc ¥0)
2026-06-06 10:08:42,788 [INFO] jobs.daily_report:   0700.HK: ACCUMULATE (conf 0.85, dom macro, alloc ¥800)
2026-06-06 10:08:43,003 [INFO] jobs.daily_report: [Gemini CLI] 正在生成第二意见...
2026-06-06 10:08:47,962 [INFO] scheduler.runner: [daily_report] 成功
2026-06-06 10:08:47,968 [INFO] apscheduler.executors.default: Job "daily_report (trigger: cron[month='*', day='*', day_of_week='*', hour='10', minute='0'], next run at: 2026-06-07 10:00:00 CST)" executed successfully
2026-06-06 11:00:00,000 [INFO] apscheduler.executors.default: Running job "pnl_snapshot (trigger: cron[month='*', day='*', day_of_week='1-5', hour='9-23/2', minute='0'], next run at: 2026-06-06 13:00:00 CST)" (scheduled at 2026-06-06 11:00:00+08:00)
2026-06-06 11:00:00,001 [INFO] scheduler.runner: [pnl_snapshot] 启动 (started=2026-06-06T11:00:00+08:00)
2026-06-06 11:00:00,001 [INFO] scheduler.runner: [pnl_snapshot] 成功
2026-06-06 11:00:00,011 [INFO] apscheduler.executors.default: Job "pnl_snapshot (trigger: cron[month='*', day='*', day_of_week='1-5', hour='9-23/2', minute='0'], next run at: 2026-06-06 13:00:00 CST)" executed successfully
2026-06-06 13:00:00,001 [INFO] apscheduler.executors.default: Running job "pnl_snapshot (trigger: cron[month='*', day='*', day_of_week='1-5', hour='9-23/2', minute='0'], next run at: 2026-06-06 15:00:00 CST)" (scheduled at 2026-06-06 13:00:00+08:00)
2026-06-06 13:00:00,001 [INFO] scheduler.runner: [pnl_snapshot] 启动 (started=2026-06-06T13:00:00+08:00)
2026-06-06 13:00:00,001 [INFO] scheduler.runner: [pnl_snapshot] 成功
2026-06-06 13:00:00,007 [INFO] apscheduler.executors.default: Job "pnl_snapshot (trigger: cron[month='*', day='*', day_of_week='1-5', hour='9-23/2', minute='0'], next run at: 2026-06-06 15:00:00 CST)" executed successfully
2026-06-06 15:00:00,000 [INFO] apscheduler.executors.default: Running job "pnl_snapshot (trigger: cron[month='*', day='*', day_of_week='1-5', hour='9-23/2', minute='0'], next run at: 2026-06-06 17:00:00 CST)" (scheduled at 2026-06-06 15:00:00+08:00)
2026-06-06 15:00:00,000 [INFO] scheduler.runner: [pnl_snapshot] 启动 (started=2026-06-06T15:00:00+08:00)
2026-06-06 15:00:00,000 [INFO] scheduler.runner: [pnl_snapshot] 成功
2026-06-06 15:00:00,007 [INFO] apscheduler.executors.default: Job "pnl_snapshot (trigger: cron[month='*', day='*', day_of_week='1-5', hour='9-23/2', minute='0'], next run at: 2026-06-06 17:00:00 CST)" executed successfully
2026-06-06 17:00:00,000 [INFO] apscheduler.executors.default: Running job "pnl_snapshot (trigger: cron[month='*', day='*', day_of_week='1-5', hour='9-23/2', minute='0'], next run at: 2026-06-06 19:00:00 CST)" (scheduled at 2026-06-06 17:00:00+08:00)
2026-06-06 17:00:00,000 [INFO] scheduler.runner: [pnl_snapshot] 启动 (started=2026-06-06T17:00:00+08:00)
2026-06-06 17:00:00,000 [INFO] scheduler.runner: [pnl_snapshot] 成功
2026-06-06 17:00:00,007 [INFO] apscheduler.executors.default: Job "pnl_snapshot (trigger: cron[month='*', day='*', day_of_week='1-5', hour='9-23/2', minute='0'], next run at: 2026-06-06 19:00:00 CST)" executed successfully
2026-06-06 19:00:00,000 [INFO] apscheduler.executors.default: Running job "pnl_snapshot (trigger: cron[month='*', day='*', day_of_week='1-5', hour='9-23/2', minute='0'], next run at: 2026-06-06 21:00:00 CST)" (scheduled at 2026-06-06 19:00:00+08:00)
2026-06-06 19:00:00,000 [INFO] scheduler.runner: [pnl_snapshot] 启动 (started=2026-06-06T19:00:00+08:00)
2026-06-06 19:00:00,000 [INFO] scheduler.runner: [pnl_snapshot] 成功
2026-06-06 19:00:00,008 [INFO] apscheduler.executors.default: Job "pnl_snapshot (trigger: cron[month='*', day='*', day_of_week='1-5', hour='9-23/2', minute='0'], next run at: 2026-06-06 21:00:00 CST)" executed successfully
2026-06-06 21:00:00,001 [INFO] apscheduler.executors.default: Running job "pnl_snapshot (trigger: cron[month='*', day='*', day_of_week='1-5', hour='9-23/2', minute='0'], next run at: 2026-06-06 23:00:00 CST)" (scheduled at 2026-06-06 21:00:00+08:00)
2026-06-06 21:00:00,001 [INFO] scheduler.runner: [pnl_snapshot] 启动 (started=2026-06-06T21:00:00+08:00)
2026-06-06 21:00:00,001 [INFO] scheduler.runner: [pnl_snapshot] 成功
2026-06-06 21:00:00,011 [INFO] apscheduler.executors.default: Job "pnl_snapshot (trigger: cron[month='*', day='*', day_of_week='1-5', hour='9-23/2', minute='0'], next run at: 2026-06-06 23:00:00 CST)" executed successfully
2026-06-06 23:00:00,000 [INFO] apscheduler.executors.default: Running job "pnl_snapshot (trigger: cron[month='*', day='*', day_of_week='1-5', hour='9-23/2', minute='0'], next run at: 2026-06-09 09:00:00 CST)" (scheduled at 2026-06-06 23:00:00+08:00)
2026-06-06 23:00:00,000 [INFO] scheduler.runner: [pnl_snapshot] 启动 (started=2026-06-06T23:00:00+08:00)
2026-06-06 23:00:00,001 [INFO] scheduler.runner: [pnl_snapshot] 成功
2026-06-06 23:00:00,007 [INFO] apscheduler.executors.default: Job "pnl_snapshot (trigger: cron[month='*', day='*', day_of_week='1-5', hour='9-23/2', minute='0'], next run at: 2026-06-09 09:00:00 CST)" executed successfully
2026-06-07 10:00:00,000 [INFO] apscheduler.executors.default: Running job "daily_report (trigger: cron[month='*', day='*', day_of_week='*', hour='10', minute='0'], next run at: 2026-06-08 10:00:00 CST)" (scheduled at 2026-06-07 10:00:00+08:00)
2026-06-07 10:00:00,000 [INFO] scheduler.runner: [daily_report] 启动 (started=2026-06-07T10:00:00+08:00)
2026-06-07 10:00:00,459 [INFO] jobs.daily_report: run_committee_session 跑 4 资产...
2026-06-07 10:00:20,316 [INFO] httpx: HTTP Request: POST https://token-plan-cn.xiaomimimo.com/v1/chat/completions "HTTP/1.1 200 OK"
2026-06-07 10:00:35,934 [INFO] httpx: HTTP Request: POST https://token-plan-cn.xiaomimimo.com/v1/chat/completions "HTTP/1.1 200 OK"
2026-06-07 10:01:01,598 [INFO] httpx: HTTP Request: POST https://token-plan-cn.xiaomimimo.com/v1/chat/completions "HTTP/1.1 200 OK"
2026-06-07 10:01:26,103 [INFO] httpx: HTTP Request: POST https://token-plan-cn.xiaomimimo.com/v1/chat/completions "HTTP/1.1 200 OK"
2026-06-07 10:01:31,096 [INFO] httpx: HTTP Request: POST https://token-plan-cn.xiaomimimo.com/v1/chat/completions "HTTP/1.1 200 OK"
2026-06-07 10:01:31,810 [INFO] httpx: HTTP Request: POST https://token-plan-cn.xiaomimimo.com/v1/chat/completions "HTTP/1.1 200 OK"
2026-06-07 10:01:33,290 [INFO] httpx: HTTP Request: POST https://token-plan-cn.xiaomimimo.com/v1/chat/completions "HTTP/1.1 200 OK"
2026-06-07 10:01:35,706 [INFO] httpx: HTTP Request: POST https://token-plan-cn.xiaomimimo.com/v1/chat/completions "HTTP/1.1 200 OK"
2026-06-07 10:01:40,080 [INFO] httpx: HTTP Request: POST https://token-plan-cn.xiaomimimo.com/v1/chat/completions "HTTP/1.1 200 OK"
2026-06-07 10:01:40,962 [INFO] httpx: HTTP Request: POST https://token-plan-cn.xiaomimimo.com/v1/chat/completions "HTTP/1.1 200 OK"
2026-06-07 10:01:42,441 [INFO] httpx: HTTP Request: POST https://token-plan-cn.xiaomimimo.com/v1/chat/completions "HTTP/1.1 200 OK"
2026-06-07 10:01:53,381 [INFO] httpx: HTTP Request: POST https://token-plan-cn.xiaomimimo.com/v1/chat/completions "HTTP/1.1 200 OK"
2026-06-07 10:01:59,018 [INFO] httpx: HTTP Request: POST https://token-plan-cn.xiaomimimo.com/v1/chat/completions "HTTP/1.1 200 OK"
2026-06-07 10:02:00,575 [INFO] httpx: HTTP Request: POST https://token-plan-cn.xiaomimimo.com/v1/chat/completions "HTTP/1.1 200 OK"
2026-06-07 10:02:04,937 [INFO] httpx: HTTP Request: POST https://token-plan-cn.xiaomimimo.com/v1/chat/completions "HTTP/1.1 200 OK"
2026-06-07 10:02:06,506 [INFO] httpx: HTTP Request: POST https://token-plan-cn.xiaomimimo.com/v1/chat/completions "HTTP/1.1 200 OK"
2026-06-07 10:02:22,941 [INFO] httpx: HTTP Request: POST https://token-plan-cn.xiaomimimo.com/v1/chat/completions "HTTP/1.1 200 OK"
2026-06-07 10:02:27,468 [INFO] httpx: HTTP Request: POST https://token-plan-cn.xiaomimimo.com/v1/chat/completions "HTTP/1.1 200 OK"
2026-06-07 10:02:27,554 [INFO] httpx: HTTP Request: POST https://token-plan-cn.xiaomimimo.com/v1/chat/completions "HTTP/1.1 200 OK"
2026-06-07 10:02:42,764 [INFO] httpx: HTTP Request: POST https://token-plan-cn.xiaomimimo.com/v1/chat/completions "HTTP/1.1 200 OK"
2026-06-07 10:02:45,848 [INFO] httpx: HTTP Request: POST https://token-plan-cn.xiaomimimo.com/v1/chat/completions "HTTP/1.1 200 OK"
2026-06-07 10:02:50,459 [INFO] httpx: HTTP Request: POST https://token-plan-cn.xiaomimimo.com/v1/chat/completions "HTTP/1.1 200 OK"
2026-06-07 10:02:51,544 [INFO] httpx: HTTP Request: POST https://token-plan-cn.xiaomimimo.com/v1/chat/completions "HTTP/1.1 200 OK"
2026-06-07 10:02:58,522 [INFO] httpx: HTTP Request: POST https://token-plan-cn.xiaomimimo.com/v1/chat/completions "HTTP/1.1 200 OK"
2026-06-07 10:03:04,241 [INFO] httpx: HTTP Request: POST https://token-plan-cn.xiaomimimo.com/v1/chat/completions "HTTP/1.1 200 OK"
2026-06-07 10:03:21,760 [INFO] httpx: HTTP Request: POST https://token-plan-cn.xiaomimimo.com/v1/chat/completions "HTTP/1.1 200 OK"
2026-06-07 10:03:23,189 [INFO] httpx: HTTP Request: POST https://token-plan-cn.xiaomimimo.com/v1/chat/completions "HTTP/1.1 200 OK"
2026-06-07 10:03:27,825 [INFO] httpx: HTTP Request: POST https://token-plan-cn.xiaomimimo.com/v1/chat/completions "HTTP/1.1 200 OK"
2026-06-07 10:03:54,938 [INFO] httpx: HTTP Request: POST https://token-plan-cn.xiaomimimo.com/v1/chat/completions "HTTP/1.1 200 OK"
2026-06-07 10:04:25,776 [INFO] httpx: HTTP Request: POST https://token-plan-cn.xiaomimimo.com/v1/chat/completions "HTTP/1.1 200 OK"
2026-06-07 10:04:37,300 [INFO] httpx: HTTP Request: POST https://token-plan-cn.xiaomimimo.com/v1/chat/completions "HTTP/1.1 200 OK"
2026-06-07 10:05:08,152 [INFO] httpx: HTTP Request: POST https://token-plan-cn.xiaomimimo.com/v1/chat/completions "HTTP/1.1 200 OK"
2026-06-07 10:05:08,154 [WARNING] core.committee: parse_cio_memo: SOLVENCY=strong + TRIM(concentration) → 强制 HOLD（兜底充足，集中度不触发减仓）
2026-06-07 10:05:54,035 [INFO] httpx: HTTP Request: POST https://token-plan-cn.xiaomimimo.com/v1/chat/completions "HTTP/1.1 200 OK"
2026-06-07 10:06:00,682 [INFO] httpx: HTTP Request: POST https://token-plan-cn.xiaomimimo.com/v1/chat/completions "HTTP/1.1 200 OK"
2026-06-07 10:06:04,878 [INFO] httpx: HTTP Request: POST https://token-plan-cn.xiaomimimo.com/v1/chat/completions "HTTP/1.1 200 OK"
2026-06-07 10:06:05,228 [INFO] jobs.daily_report:   NDQ.AX: HOLD (conf 0.75, dom macro, alloc ¥0)
2026-06-07 10:06:05,229 [INFO] jobs.daily_report:   GC=F: HOLD (conf 0.40, dom risk, alloc ¥0)
2026-06-07 10:06:05,229 [INFO] jobs.daily_report:   ASIA.AX: ACCUMULATE (conf 0.28, dom risk, alloc ¥0)
2026-06-07 10:06:05,229 [INFO] jobs.daily_report:   0700.HK: ACCUMULATE (conf 0.38, dom macro, alloc ¥1500)
2026-06-07 10:06:05,459 [INFO] jobs.daily_report: [Gemini CLI] 正在生成第二意见...
2026-06-07 10:06:09,460 [INFO] scheduler.runner: [daily_report] 成功
2026-06-07 10:06:09,466 [INFO] apscheduler.executors.default: Job "daily_report (trigger: cron[month='*', day='*', day_of_week='*', hour='10', minute='0'], next run at: 2026-06-08 10:00:00 CST)" executed successfully
2026-06-08 10:00:00,001 [INFO] apscheduler.executors.default: Running job "daily_report (trigger: cron[month='*', day='*', day_of_week='*', hour='10', minute='0'], next run at: 2026-06-09 10:00:00 CST)" (scheduled at 2026-06-08 10:00:00+08:00)
2026-06-08 10:00:00,002 [INFO] scheduler.runner: [daily_report] 启动 (started=2026-06-08T10:00:00+08:00)
2026-06-08 10:00:00,859 [INFO] jobs.daily_report: run_committee_session 跑 4 资产...
2026-06-08 10:00:26,078 [INFO] httpx: HTTP Request: POST https://token-plan-cn.xiaomimimo.com/v1/chat/completions "HTTP/1.1 200 OK"
2026-06-08 10:00:36,523 [INFO] httpx: HTTP Request: POST https://token-plan-cn.xiaomimimo.com/v1/chat/completions "HTTP/1.1 200 OK"
2026-06-08 10:01:00,650 [INFO] httpx: HTTP Request: POST https://token-plan-cn.xiaomimimo.com/v1/chat/completions "HTTP/1.1 200 OK"
2026-06-08 10:01:15,067 [INFO] httpx: HTTP Request: POST https://token-plan-cn.xiaomimimo.com/v1/chat/completions "HTTP/1.1 200 OK"
2026-06-08 10:01:27,735 [INFO] httpx: HTTP Request: POST https://token-plan-cn.xiaomimimo.com/v1/chat/completions "HTTP/1.1 200 OK"
2026-06-08 10:01:30,385 [INFO] httpx: HTTP Request: POST https://token-plan-cn.xiaomimimo.com/v1/chat/completions "HTTP/1.1 200 OK"
2026-06-08 10:01:31,176 [INFO] httpx: HTTP Request: POST https://token-plan-cn.xiaomimimo.com/v1/chat/completions "HTTP/1.1 200 OK"
2026-06-08 10:01:38,359 [INFO] httpx: HTTP Request: POST https://token-plan-cn.xiaomimimo.com/v1/chat/completions "HTTP/1.1 200 OK"
2026-06-08 10:01:40,473 [INFO] httpx: HTTP Request: POST https://token-plan-cn.xiaomimimo.com/v1/chat/completions "HTTP/1.1 200 OK"
2026-06-08 10:01:47,666 [INFO] httpx: HTTP Request: POST https://token-plan-cn.xiaomimimo.com/v1/chat/completions "HTTP/1.1 200 OK"
2026-06-08 10:01:50,764 [INFO] httpx: HTTP Request: POST https://token-plan-cn.xiaomimimo.com/v1/chat/completions "HTTP/1.1 200 OK"
2026-06-08 10:01:56,097 [INFO] httpx: HTTP Request: POST https://token-plan-cn.xiaomimimo.com/v1/chat/completions "HTTP/1.1 200 OK"
2026-06-08 10:01:59,763 [INFO] httpx: HTTP Request: POST https://token-plan-cn.xiaomimimo.com/v1/chat/completions "HTTP/1.1 200 OK"
2026-06-08 10:02:01,754 [INFO] httpx: HTTP Request: POST https://token-plan-cn.xiaomimimo.com/v1/chat/completions "HTTP/1.1 200 OK"
2026-06-08 10:02:18,929 [INFO] httpx: HTTP Request: POST https://token-plan-cn.xiaomimimo.com/v1/chat/completions "HTTP/1.1 200 OK"
2026-06-08 10:02:22,410 [INFO] httpx: HTTP Request: POST https://token-plan-cn.xiaomimimo.com/v1/chat/completions "HTTP/1.1 200 OK"
2026-06-08 10:02:25,272 [INFO] httpx: HTTP Request: POST https://token-plan-cn.xiaomimimo.com/v1/chat/completions "HTTP/1.1 200 OK"
2026-06-08 10:02:28,874 [INFO] httpx: HTTP Request: POST https://token-plan-cn.xiaomimimo.com/v1/chat/completions "HTTP/1.1 200 OK"
2026-06-08 10:02:55,366 [INFO] httpx: HTTP Request: POST https://token-plan-cn.xiaomimimo.com/v1/chat/completions "HTTP/1.1 200 OK"
2026-06-08 10:02:55,945 [INFO] httpx: HTTP Request: POST https://token-plan-cn.xiaomimimo.com/v1/chat/completions "HTTP/1.1 200 OK"
2026-06-08 10:03:13,526 [INFO] httpx: HTTP Request: POST https://token-plan-cn.xiaomimimo.com/v1/chat/completions "HTTP/1.1 200 OK"
2026-06-08 10:03:24,648 [INFO] httpx: HTTP Request: POST https://token-plan-cn.xiaomimimo.com/v1/chat/completions "HTTP/1.1 200 OK"
2026-06-08 10:03:28,013 [INFO] httpx: HTTP Request: POST https://token-plan-cn.xiaomimimo.com/v1/chat/completions "HTTP/1.1 200 OK"
2026-06-08 10:03:47,555 [INFO] httpx: HTTP Request: POST https://token-plan-cn.xiaomimimo.com/v1/chat/completions "HTTP/1.1 200 OK"
2026-06-08 10:03:49,840 [INFO] httpx: HTTP Request: POST https://token-plan-cn.xiaomimimo.com/v1/chat/completions "HTTP/1.1 200 OK"
2026-06-08 10:03:53,170 [INFO] httpx: HTTP Request: POST https://token-plan-cn.xiaomimimo.com/v1/chat/completions "HTTP/1.1 200 OK"
2026-06-08 10:04:31,611 [INFO] httpx: HTTP Request: POST https://token-plan-cn.xiaomimimo.com/v1/chat/completions "HTTP/1.1 200 OK"
2026-06-08 10:04:36,820 [INFO] httpx: HTTP Request: POST https://token-plan-cn.xiaomimimo.com/v1/chat/completions "HTTP/1.1 200 OK"
2026-06-08 10:05:14,499 [INFO] httpx: HTTP Request: POST https://token-plan-cn.xiaomimimo.com/v1/chat/completions "HTTP/1.1 200 OK"
2026-06-08 10:05:56,951 [INFO] httpx: HTTP Request: POST https://token-plan-cn.xiaomimimo.com/v1/chat/completions "HTTP/1.1 200 OK"
2026-06-08 10:06:47,398 [INFO] httpx: HTTP Request: POST https://token-plan-cn.xiaomimimo.com/v1/chat/completions "HTTP/1.1 200 OK"
2026-06-08 10:06:47,400 [WARNING] core.committee: parse_cio_memo: SOLVENCY=strong + TRIM(concentration) → 强制 HOLD（兜底充足，集中度不触发减仓）
2026-06-08 10:06:47,649 [INFO] jobs.daily_report:   NDQ.AX: HOLD (conf 0.72, dom macro, alloc ¥0)
2026-06-08 10:06:47,649 [INFO] jobs.daily_report:   GC=F: HOLD (conf 0.40, dom risk, alloc ¥0)
2026-06-08 10:06:47,649 [INFO] jobs.daily_report:   ASIA.AX: ACCUMULATE (conf 0.42, dom risk, alloc ¥1000)
2026-06-08 10:06:47,649 [INFO] jobs.daily_report:   0700.HK: ACCUMULATE (conf 0.30, dom macro, alloc ¥1500)
2026-06-08 10:06:47,874 [INFO] jobs.daily_report: [Gemini CLI] 正在生成第二意见...
2026-06-08 10:06:50,635 [INFO] scheduler.runner: [daily_report] 成功
2026-06-08 10:06:50,643 [INFO] apscheduler.executors.default: Job "daily_report (trigger: cron[month='*', day='*', day_of_week='*', hour='10', minute='0'], next run at: 2026-06-09 10:00:00 CST)" executed successfully
2026-06-09 00:00:00,000 [INFO] apscheduler.executors.default: Running job "event_watch (trigger: cron[month='*', day='*', day_of_week='1-5', hour='0-7', minute='*/30'], next run at: 2026-06-09 00:30:00 CST)" (scheduled at 2026-06-09 00:00:00+08:00)
2026-06-09 00:00:00,000 [INFO] scheduler.runner: [event_watch] 启动 (started=2026-06-09T00:00:00+08:00)
2026-06-09 00:00:00,002 [INFO] jobs.event_watch: [event_watch] watched=['GC=F', 'ASIA.AX', '0700.HK', 'NDQ.AX'], queries=5
2026-06-09 00:00:00,084 [INFO] primp: response: https://duckduckgo.com/?q=ASIA.AX+news 200
2026-06-09 00:00:00,095 [INFO] primp: response: https://duckduckgo.com/?q=Fed+rate+decision 200
2026-06-09 00:00:00,097 [INFO] primp: response: https://duckduckgo.com/?q=0700.HK+news 200
2026-06-09 00:00:00,098 [INFO] primp: response: https://duckduckgo.com/?q=NDQ.AX+news 200
2026-06-09 00:00:00,116 [INFO] primp: response: https://duckduckgo.com/news.js?l=wt-wt&o=json&noamp=1&q=Fed+rate+decision&vqd=4-203776900474835854338024926159836119190&p=-2 403
2026-06-09 00:00:00,120 [INFO] primp: response: https://duckduckgo.com/news.js?l=wt-wt&o=json&noamp=1&q=0700.HK+news&vqd=4-336184762054796446532456209859254362797&p=-2 403
2026-06-09 00:00:00,125 [INFO] primp: response: https://duckduckgo.com/news.js?l=wt-wt&o=json&noamp=1&q=NDQ.AX+news&vqd=4-202375797151620424332520129470896478597&p=-2 403
2026-06-09 00:00:00,169 [INFO] services.news_sources: [news_sources] yfinance:ASIA.AX → 0 items
2026-06-09 00:00:00,207 [INFO] services.news_sources: [news_sources] yfinance:GC=F → 10 items
2026-06-09 00:00:00,214 [INFO] services.news_sources: [news_sources] yfinance:0700.HK → 10 items
2026-06-09 00:00:00,230 [INFO] services.news_sources: [news_sources] yfinance:NDQ.AX → 0 items
2026-06-09 00:00:00,316 [INFO] primp: response: https://duckduckgo.com/news.js?l=wt-wt&o=json&noamp=1&q=ASIA.AX+news&vqd=4-124678162721814500546422970327528971983&p=-2 200
2026-06-09 00:00:00,429 [INFO] primp: response: https://www.bing.com/news/infinitescrollajax?q=GC%3DF+news&InfiniteScroll=1&first=11&SFX=1&cc=wt&setlang=wt 200
2026-06-09 00:00:00,455 [INFO] services.news_sources: [news_sources] rss:bbc_business → 15 items
2026-06-09 00:00:00,480 [INFO] primp: response: https://www.bing.com/news/infinitescrollajax?q=0700.HK+news&InfiniteScroll=1&first=11&SFX=1&cc=wt&setlang=wt 200
2026-06-09 00:00:00,482 [INFO] services.news_sources: [news_sources] rss:yahoo_finance_headline → 15 items
2026-06-09 00:00:00,550 [INFO] primp: response: https://www.bing.com/news/infinitescrollajax?q=Fed+rate+decision&InfiniteScroll=1&first=11&SFX=1&cc=wt&setlang=wt 200
2026-06-09 00:00:00,810 [INFO] primp: response: https://news.search.yahoo.com/search?p=ASIA.AX+news 200
2026-06-09 00:00:00,812 [INFO] primp: response: https://news.search.yahoo.com/search?p=0700.HK+news 200
2026-06-09 00:00:00,814 [INFO] primp: response: https://news.search.yahoo.com/search?p=Fed+rate+decision 200
2026-06-09 00:00:00,817 [INFO] primp: response: https://news.search.yahoo.com/search?p=GC%3DF+news 200
2026-06-09 00:00:00,818 [INFO] primp: response: https://news.search.yahoo.com/search?p=NDQ.AX+news 200
2026-06-09 00:00:00,863 [INFO] services.news_sources: [news_sources] rss:seeking_alpha_market → 7 items
2026-06-09 00:00:01,042 [INFO] services.news_sources: [news_sources] rss:reuters_business → 0 items
2026-06-09 00:00:01,228 [INFO] services.news_sources: [news_sources] ddgs:0700.HK news → 10 items
2026-06-09 00:00:01,244 [INFO] services.news_sources: [news_sources] ddgs:Fed rate decision → 15 items
2026-06-09 00:00:01,283 [INFO] services.news_sources: [news_sources] ddgs:GC=F news → 11 items
2026-06-09 00:00:01,414 [INFO] services.news_sources: [news_sources] rss:ft_markets → 15 items
2026-06-09 00:00:01,447 [INFO] services.news_sources: [news_sources] rss:caixin_global → 0 items
2026-06-09 00:00:01,466 [INFO] primp: response: https://www.bing.com/news/infinitescrollajax?q=ASIA.AX+news&InfiniteScroll=1&first=11&SFX=1&cc=wt&setlang=wt 200
2026-06-09 00:00:01,469 [INFO] services.news_sources: [news_sources] ddgs:ASIA.AX news → 4 items
2026-06-09 00:00:01,482 [INFO] primp: response: https://www.bing.com/news/infinitescrollajax?q=NDQ.AX+news&InfiniteScroll=1&first=11&SFX=1&cc=wt&setlang=wt 200
2026-06-09 00:00:01,505 [WARNING] services.news_sources.ddgs_news: DDGS query 'NDQ.AX news' 失败: No results found.
2026-06-09 00:00:01,505 [INFO] services.news_sources: [news_sources] ddgs:NDQ.AX news → 0 items
2026-06-09 00:00:01,516 [INFO] services.news_sources: [news_sources] 总计 112 条 → 去重后 112 条
2026-06-09 00:00:01,516 [INFO] jobs.event_watch: [event_watch] fetched 112 raw items
2026-06-09 00:00:01,541 [INFO] jobs.event_watch: [event_watch] unseen=70 / total=112
2026-06-09 00:01:22,268 [INFO] httpx: HTTP Request: POST https://token-plan-cn.xiaomimimo.com/v1/chat/completions "HTTP/1.1 200 OK"
2026-06-09 00:02:39,135 [INFO] httpx: HTTP Request: POST https://token-plan-cn.xiaomimimo.com/v1/chat/completions "HTTP/1.1 200 OK"
2026-06-09 00:03:38,634 [INFO] httpx: HTTP Request: POST https://token-plan-cn.xiaomimimo.com/v1/chat/completions "HTTP/1.1 200 OK"
2026-06-09 00:03:38,641 [INFO] jobs.event_watch: [event_watch] normalized 70 events
2026-06-09 00:03:38,717 [INFO] jobs.event_watch: [event_watch] triggerable=4
2026-06-09 00:03:41,873 [INFO] scheduler.runner: [event_watch] 成功
2026-06-09 00:03:41,880 [INFO] apscheduler.executors.default: Job "event_watch (trigger: cron[month='*', day='*', day_of_week='1-5', hour='0-7', minute='*/30'], next run at: 2026-06-09 00:30:00 CST)" executed successfully
2026-06-09 00:30:00,001 [INFO] apscheduler.executors.default: Running job "event_watch (trigger: cron[month='*', day='*', day_of_week='1-5', hour='0-7', minute='*/30'], next run at: 2026-06-09 01:00:00 CST)" (scheduled at 2026-06-09 00:30:00+08:00)
2026-06-09 00:30:00,002 [INFO] scheduler.runner: [event_watch] 启动 (started=2026-06-09T00:30:00+08:00)
2026-06-09 00:30:00,004 [INFO] jobs.event_watch: [event_watch] watched=['GC=F', 'ASIA.AX', '0700.HK', 'NDQ.AX'], queries=5
2026-06-09 00:30:00,096 [INFO] primp: response: https://duckduckgo.com/?q=NDQ.AX+news 200
2026-06-09 00:30:00,099 [INFO] primp: response: https://duckduckgo.com/?q=0700.HK+news 200
2026-06-09 00:30:00,099 [INFO] primp: response: https://duckduckgo.com/?q=GC%3DF+news 200
2026-06-09 00:30:00,101 [INFO] primp: response: https://duckduckgo.com/?q=Fed+rate+decision 200
2026-06-09 00:30:00,111 [INFO] primp: response: https://duckduckgo.com/?q=ASIA.AX+news 200
2026-06-09 00:30:00,123 [INFO] primp: response: https://duckduckgo.com/news.js?l=wt-wt&o=json&noamp=1&q=Fed+rate+decision&vqd=4-203776900474835854338024926159836119190&p=-2 403
2026-06-09 00:30:00,124 [INFO] primp: response: https://duckduckgo.com/news.js?l=wt-wt&o=json&noamp=1&q=NDQ.AX+news&vqd=4-202375797151620424332520129470896478597&p=-2 403
2026-06-09 00:30:00,125 [INFO] primp: response: https://duckduckgo.com/news.js?l=wt-wt&o=json&noamp=1&q=GC%3DF+news&vqd=4-303863726957046869134764625373887573009&p=-2 403
2026-06-09 00:30:00,230 [INFO] services.news_sources: [news_sources] yfinance:ASIA.AX → 0 items
2026-06-09 00:30:00,238 [INFO] primp: response: https://www.bing.com/news/infinitescrollajax?q=GC%3DF+news&InfiniteScroll=1&first=11&SFX=1&cc=wt&setlang=wt 200
2026-06-09 00:30:00,259 [INFO] services.news_sources: [news_sources] yfinance:GC=F → 10 items
2026-06-09 00:30:00,268 [INFO] services.news_sources: [news_sources] yfinance:0700.HK → 10 items
2026-06-09 00:30:00,290 [INFO] services.news_sources: [news_sources] yfinance:NDQ.AX → 0 items
2026-06-09 00:30:00,323 [INFO] primp: response: https://duckduckgo.com/news.js?l=wt-wt&o=json&noamp=1&q=ASIA.AX+news&vqd=4-124678162721814500546422970327528971983&p=-2 200
2026-06-09 00:30:00,328 [INFO] services.news_sources: [news_sources] rss:bbc_business → 15 items
2026-06-09 00:30:00,346 [INFO] primp: response: https://duckduckgo.com/news.js?l=wt-wt&o=json&noamp=1&q=0700.HK+news&vqd=4-336184762054796446532456209859254362797&p=-2 200
2026-06-09 00:30:00,363 [INFO] services.news_sources: [news_sources] rss:yahoo_finance_headline → 15 items
2026-06-09 00:30:00,411 [INFO] primp: response: https://www.bing.com/news/infinitescrollajax?q=NDQ.AX+news&InfiniteScroll=1&first=11&SFX=1&cc=wt&setlang=wt 200
2026-06-09 00:30:00,560 [INFO] services.news_sources: [news_sources] rss:seeking_alpha_market → 7 items
2026-06-09 00:30:00,628 [INFO] primp: response: https://news.search.yahoo.com/search?p=ASIA.AX+news 200
2026-06-09 00:30:00,629 [INFO] primp: response: https://news.search.yahoo.com/search?p=Fed+rate+decision 200
2026-06-09 00:30:00,633 [INFO] primp: response: https://news.search.yahoo.com/search?p=NDQ.AX+news 200
2026-06-09 00:30:00,634 [INFO] primp: response: https://news.search.yahoo.com/search?p=GC%3DF+news 200
2026-06-09 00:30:00,635 [INFO] primp: response: https://news.search.yahoo.com/search?p=0700.HK+news 200
2026-06-09 00:30:00,868 [INFO] services.news_sources: [news_sources] rss:caixin_global → 0 items
2026-06-09 00:30:01,006 [INFO] services.news_sources: [news_sources] ddgs:GC=F news → 11 items
2026-06-09 00:30:01,086 [WARNING] services.news_sources.ddgs_news: DDGS query 'NDQ.AX news' 失败: No results found.
2026-06-09 00:30:01,108 [INFO] services.news_sources: [news_sources] ddgs:NDQ.AX news → 0 items
2026-06-09 00:30:01,194 [INFO] services.news_sources: [news_sources] rss:reuters_business → 0 items
2026-06-09 00:30:01,380 [INFO] primp: response: https://www.bing.com/news/infinitescrollajax?q=ASIA.AX+news&InfiniteScroll=1&first=11&SFX=1&cc=wt&setlang=wt 200
2026-06-09 00:30:01,382 [INFO] services.news_sources: [news_sources] ddgs:ASIA.AX news → 4 items
2026-06-09 00:30:01,455 [INFO] services.news_sources: [news_sources] rss:ft_markets → 15 items
2026-06-09 00:30:01,461 [INFO] primp: response: https://www.bing.com/news/infinitescrollajax?q=0700.HK+news&InfiniteScroll=1&first=11&SFX=1&cc=wt&setlang=wt 200
2026-06-09 00:30:01,462 [INFO] services.news_sources: [news_sources] ddgs:0700.HK news → 10 items
2026-06-09 00:30:01,697 [INFO] primp: response: https://www.bing.com/news/infinitescrollajax?q=Fed+rate+decision&InfiniteScroll=1&first=11&SFX=1&cc=wt&setlang=wt 200
2026-06-09 00:30:01,700 [INFO] services.news_sources: [news_sources] ddgs:Fed rate decision → 15 items
2026-06-09 00:30:01,704 [INFO] services.news_sources: [news_sources] 总计 112 条 → 去重后 112 条
2026-06-09 00:30:01,704 [INFO] jobs.event_watch: [event_watch] fetched 112 raw items
2026-06-09 00:30:01,722 [INFO] jobs.event_watch: [event_watch] unseen=20 / total=112
2026-06-09 00:31:00,277 [INFO] httpx: HTTP Request: POST https://token-plan-cn.xiaomimimo.com/v1/chat/completions "HTTP/1.1 200 OK"
2026-06-09 00:31:00,288 [INFO] jobs.event_watch: [event_watch] normalized 20 events
2026-06-09 00:31:00,315 [INFO] jobs.event_watch: [event_watch] triggerable=1
2026-06-09 00:31:03,574 [INFO] scheduler.runner: [event_watch] 成功
2026-06-09 00:31:03,586 [INFO] apscheduler.executors.default: Job "event_watch (trigger: cron[month='*', day='*', day_of_week='1-5', hour='0-7', minute='*/30'], next run at: 2026-06-09 01:00:00 CST)" executed successfully
2026-06-09 01:00:00,000 [INFO] apscheduler.executors.default: Running job "event_watch (trigger: cron[month='*', day='*', day_of_week='1-5', hour='0-7', minute='*/30'], next run at: 2026-06-09 01:30:00 CST)" (scheduled at 2026-06-09 01:00:00+08:00)
2026-06-09 01:00:00,000 [INFO] scheduler.runner: [event_watch] 启动 (started=2026-06-09T01:00:00+08:00)
2026-06-09 01:00:00,002 [INFO] jobs.event_watch: [event_watch] watched=['GC=F', 'ASIA.AX', '0700.HK', 'NDQ.AX'], queries=5
2026-06-09 01:00:00,100 [INFO] primp: response: https://duckduckgo.com/?q=ASIA.AX+news 200
2026-06-09 01:00:00,102 [INFO] primp: response: https://duckduckgo.com/?q=GC%3DF+news 200
2026-06-09 01:00:00,107 [INFO] primp: response: https://duckduckgo.com/?q=0700.HK+news 200
2026-06-09 01:00:00,122 [INFO] primp: response: https://duckduckgo.com/news.js?l=wt-wt&o=json&noamp=1&q=ASIA.AX+news&vqd=4-124678529072837900686737167601564978399&p=-2 403
2026-06-09 01:00:00,125 [INFO] primp: response: https://duckduckgo.com/news.js?l=wt-wt&o=json&noamp=1&q=GC%3DF+news&vqd=4-303864012178431835188635349974698802689&p=-2 403
2026-06-09 01:00:00,128 [INFO] primp: response: https://duckduckgo.com/news.js?l=wt-wt&o=json&noamp=1&q=0700.HK+news&vqd=4-336184476833411480478585450074071052477&p=-2 403
2026-06-09 01:00:00,221 [INFO] services.news_sources: [news_sources] yfinance:ASIA.AX → 0 items
2026-06-09 01:00:00,241 [INFO] primp: response: https://duckduckgo.com/?q=Fed+rate+decision 200
2026-06-09 01:00:00,246 [INFO] primp: response: https://www.bing.com/news/infinitescrollajax?q=Fed+rate+decision&InfiniteScroll=1&first=11&SFX=1&cc=wt&setlang=wt 200
2026-06-09 01:00:00,252 [INFO] services.news_sources: [news_sources] yfinance:GC=F → 10 items
2026-06-09 01:00:00,252 [INFO] primp: response: https://duckduckgo.com/?q=NDQ.AX+news 200
2026-06-09 01:00:00,253 [INFO] services.news_sources: [news_sources] yfinance:0700.HK → 10 items
2026-06-09 01:00:00,282 [INFO] primp: response: https://duckduckgo.com/news.js?l=wt-wt&o=json&noamp=1&q=NDQ.AX+news&vqd=4-202376163502643956699095842696951958421&p=-2 403
2026-06-09 01:00:00,288 [INFO] primp: response: https://www.bing.com/news/infinitescrollajax?q=ASIA.AX+news&InfiniteScroll=1&first=11&SFX=1&cc=wt&setlang=wt 200
2026-06-09 01:00:00,300 [INFO] services.news_sources: [news_sources] yfinance:NDQ.AX → 0 items
2026-06-09 01:00:00,307 [INFO] services.news_sources: [news_sources] rss:bbc_business → 15 items
2026-06-09 01:00:00,340 [INFO] services.news_sources: [news_sources] rss:yahoo_finance_headline → 15 items
2026-06-09 01:00:00,545 [INFO] primp: response: https://duckduckgo.com/news.js?l=wt-wt&o=json&noamp=1&q=Fed+rate+decision&vqd=4-203777266825859234998577346549652492934&p=-2 200
2026-06-09 01:00:00,548 [INFO] services.news_sources: [news_sources] ddgs:Fed rate decision → 15 items
2026-06-09 01:00:00,587 [INFO] services.news_sources: [news_sources] rss:seeking_alpha_market → 7 items
2026-06-09 01:00:00,653 [INFO] primp: response: https://news.search.yahoo.com/search?p=ASIA.AX+news 200
2026-06-09 01:00:00,653 [INFO] primp: response: https://news.search.yahoo.com/search?p=GC%3DF+news 200
2026-06-09 01:00:00,658 [INFO] primp: response: https://news.search.yahoo.com/search?p=NDQ.AX+news 200
2026-06-09 01:00:00,659 [INFO] primp: response: https://news.search.yahoo.com/search?p=0700.HK+news 200
2026-06-09 01:00:00,924 [INFO] services.news_sources: [news_sources] rss:ft_markets → 15 items
2026-06-09 01:00:01,100 [INFO] services.news_sources: [news_sources] rss:reuters_business → 0 items
2026-06-09 01:00:01,106 [INFO] services.news_sources: [news_sources] ddgs:ASIA.AX news → 4 items
2026-06-09 01:00:01,119 [INFO] services.news_sources: [news_sources] rss:caixin_global → 0 items
2026-06-09 01:00:01,339 [INFO] primp: response: https://www.bing.com/news/infinitescrollajax?q=NDQ.AX+news&InfiniteScroll=1&first=11&SFX=1&cc=wt&setlang=wt 200
2026-06-09 01:00:01,339 [WARNING] services.news_sources.ddgs_news: DDGS query 'NDQ.AX news' 失败: No results found.
2026-06-09 01:00:01,339 [INFO] services.news_sources: [news_sources] ddgs:NDQ.AX news → 0 items
2026-06-09 01:00:01,414 [INFO] primp: response: https://www.bing.com/news/infinitescrollajax?q=GC%3DF+news&InfiniteScroll=1&first=11&SFX=1&cc=wt&setlang=wt 200
2026-06-09 01:00:01,445 [INFO] services.news_sources: [news_sources] ddgs:GC=F news → 11 items
2026-06-09 01:00:01,613 [INFO] primp: response: https://www.bing.com/news/infinitescrollajax?q=0700.HK+news&InfiniteScroll=1&first=11&SFX=1&cc=wt&setlang=wt 200
2026-06-09 01:00:01,621 [INFO] services.news_sources: [news_sources] ddgs:0700.HK news → 10 items
2026-06-09 01:00:01,625 [INFO] services.news_sources: [news_sources] 总计 112 条 → 去重后 112 条
2026-06-09 01:00:01,625 [INFO] jobs.event_watch: [event_watch] fetched 112 raw items
2026-06-09 01:00:01,645 [INFO] jobs.event_watch: [event_watch] unseen=21 / total=112
2026-06-09 01:00:52,286 [INFO] httpx: HTTP Request: POST https://token-plan-cn.xiaomimimo.com/v1/chat/completions "HTTP/1.1 200 OK"
2026-06-09 01:00:52,294 [INFO] jobs.event_watch: [event_watch] normalized 21 events
2026-06-09 01:00:52,329 [INFO] jobs.event_watch: [event_watch] triggerable=0
2026-06-09 01:00:52,329 [INFO] scheduler.runner: [event_watch] 成功
2026-06-09 01:00:52,335 [INFO] apscheduler.executors.default: Job "event_watch (trigger: cron[month='*', day='*', day_of_week='1-5', hour='0-7', minute='*/30'], next run at: 2026-06-09 01:30:00 CST)" executed successfully
2026-06-09 01:30:00,000 [INFO] apscheduler.executors.default: Running job "event_watch (trigger: cron[month='*', day='*', day_of_week='1-5', hour='0-7', minute='*/30'], next run at: 2026-06-09 02:00:00 CST)" (scheduled at 2026-06-09 01:30:00+08:00)
2026-06-09 01:30:00,000 [INFO] scheduler.runner: [event_watch] 启动 (started=2026-06-09T01:30:00+08:00)
2026-06-09 01:30:00,002 [INFO] jobs.event_watch: [event_watch] watched=['GC=F', 'ASIA.AX', '0700.HK', 'NDQ.AX'], queries=5
2026-06-09 01:30:00,088 [INFO] primp: response: https://duckduckgo.com/?q=GC%3DF+news 200
2026-06-09 01:30:00,112 [INFO] primp: response: https://duckduckgo.com/news.js?l=wt-wt&o=json&noamp=1&q=GC%3DF+news&vqd=4-303864012178431835188635349974698802689&p=-2 403
2026-06-09 01:30:00,186 [INFO] services.news_sources: [news_sources] yfinance:ASIA.AX → 0 items
2026-06-09 01:30:00,216 [INFO] services.news_sources: [news_sources] yfinance:GC=F → 10 items
2026-06-09 01:30:00,227 [INFO] services.news_sources: [news_sources] yfinance:0700.HK → 10 items
2026-06-09 01:30:00,251 [INFO] services.news_sources: [news_sources] yfinance:NDQ.AX → 0 items
2026-06-09 01:30:00,254 [INFO] primp: response: https://www.bing.com/news/infinitescrollajax?q=0700.HK+news&InfiniteScroll=1&first=11&SFX=1&cc=wt&setlang=wt 200
2026-06-09 01:30:00,257 [INFO] primp: response: https://www.bing.com/news/infinitescrollajax?q=NDQ.AX+news&InfiniteScroll=1&first=11&SFX=1&cc=wt&setlang=wt 200
2026-06-09 01:30:00,300 [INFO] primp: response: https://www.bing.com/news/infinitescrollajax?q=ASIA.AX+news&InfiniteScroll=1&first=11&SFX=1&cc=wt&setlang=wt 200
2026-06-09 01:30:00,334 [INFO] primp: response: https://news.search.yahoo.com/search?p=ASIA.AX+news 200
2026-06-09 01:30:00,336 [INFO] primp: response: https://news.search.yahoo.com/search?p=NDQ.AX+news 200
2026-06-09 01:30:00,337 [INFO] primp: response: https://duckduckgo.com/?q=Fed+rate+decision 200
2026-06-09 01:30:00,338 [INFO] primp: response: https://news.search.yahoo.com/search?p=Fed+rate+decision 200
2026-06-09 01:30:00,349 [INFO] primp: response: https://news.search.yahoo.com/search?p=0700.HK+news 200
2026-06-09 01:30:00,351 [INFO] primp: response: https://news.search.yahoo.com/search?p=GC%3DF+news 200
2026-06-09 01:30:00,457 [INFO] services.news_sources: [news_sources] rss:bbc_business → 15 items
2026-06-09 01:30:00,485 [INFO] services.news_sources: [news_sources] rss:yahoo_finance_headline → 15 items
2026-06-09 01:30:00,637 [INFO] primp: response: https://duckduckgo.com/news.js?l=wt-wt&o=json&noamp=1&q=Fed+rate+decision&vqd=4-203777266825859234998577346549652492934&p=-2 200
2026-06-09 01:30:00,759 [INFO] services.news_sources: [news_sources] rss:reuters_business → 0 items
2026-06-09 01:30:00,760 [INFO] services.news_sources: [news_sources] ddgs:ASIA.AX news → 4 items
2026-06-09 01:30:00,775 [INFO] services.news_sources: [news_sources] ddgs:Fed rate decision → 15 items
2026-06-09 01:30:00,830 [INFO] primp: response: https://duckduckgo.com/?q=NDQ.AX+news 200
2026-06-09 01:30:00,839 [INFO] primp: response: https://duckduckgo.com/?q=0700.HK+news 200
2026-06-09 01:30:00,851 [INFO] services.news_sources: [news_sources] rss:ft_markets → 15 items
2026-06-09 01:30:00,851 [INFO] primp: response: https://duckduckgo.com/news.js?l=wt-wt&o=json&noamp=1&q=NDQ.AX+news&vqd=4-202376163502643956699095842696951958421&p=-2 403
2026-06-09 01:30:00,854 [INFO] services.news_sources: [news_sources] rss:seeking_alpha_market → 7 items
2026-06-09 01:30:00,854 [WARNING] services.news_sources.ddgs_news: DDGS query 'NDQ.AX news' 失败: No results found.
2026-06-09 01:30:00,855 [INFO] services.news_sources: [news_sources] ddgs:NDQ.AX news → 0 items
2026-06-09 01:30:00,861 [INFO] primp: response: https://duckduckgo.com/news.js?l=wt-wt&o=json&noamp=1&q=0700.HK+news&vqd=4-336184476833411480478585450074071052477&p=-2 403
2026-06-09 01:30:00,862 [INFO] services.news_sources: [news_sources] ddgs:0700.HK news → 10 items
2026-06-09 01:30:00,980 [INFO] primp: response: https://www.bing.com/news/infinitescrollajax?q=GC%3DF+news&InfiniteScroll=1&first=11&SFX=1&cc=wt&setlang=wt 200
2026-06-09 01:30:00,981 [INFO] services.news_sources: [news_sources] ddgs:GC=F news → 11 items
2026-06-09 01:30:01,422 [INFO] services.news_sources: [news_sources] rss:caixin_global → 0 items
2026-06-09 01:30:01,426 [INFO] services.news_sources: [news_sources] 总计 112 条 → 去重后 112 条
2026-06-09 01:30:01,427 [INFO] jobs.event_watch: [event_watch] fetched 112 raw items
2026-06-09 01:30:01,445 [INFO] jobs.event_watch: [event_watch] unseen=21 / total=112
2026-06-09 01:30:53,981 [INFO] httpx: HTTP Request: POST https://token-plan-cn.xiaomimimo.com/v1/chat/completions "HTTP/1.1 200 OK"
2026-06-09 01:30:53,989 [INFO] jobs.event_watch: [event_watch] normalized 21 events
2026-06-09 01:30:54,008 [INFO] jobs.event_watch: [event_watch] triggerable=0
2026-06-09 01:30:54,009 [INFO] scheduler.runner: [event_watch] 成功
2026-06-09 01:30:54,015 [INFO] apscheduler.executors.default: Job "event_watch (trigger: cron[month='*', day='*', day_of_week='1-5', hour='0-7', minute='*/30'], next run at: 2026-06-09 02:00:00 CST)" executed successfully
2026-06-09 02:00:00,000 [INFO] apscheduler.executors.default: Running job "event_watch (trigger: cron[month='*', day='*', day_of_week='1-5', hour='0-7', minute='*/30'], next run at: 2026-06-09 02:30:00 CST)" (scheduled at 2026-06-09 02:00:00+08:00)
2026-06-09 02:00:00,000 [INFO] scheduler.runner: [event_watch] 启动 (started=2026-06-09T02:00:00+08:00)
2026-06-09 02:00:00,002 [INFO] jobs.event_watch: [event_watch] watched=['GC=F', 'ASIA.AX', '0700.HK', 'NDQ.AX'], queries=5
2026-06-09 02:00:00,098 [INFO] primp: response: https://duckduckgo.com/?q=Fed+rate+decision 200
2026-06-09 02:00:00,105 [INFO] primp: response: https://duckduckgo.com/?q=GC%3DF+news 200
2026-06-09 02:00:00,106 [INFO] primp: response: https://duckduckgo.com/?q=NDQ.AX+news 200
2026-06-09 02:00:00,121 [INFO] primp: response: https://duckduckgo.com/news.js?l=wt-wt&o=json&noamp=1&q=Fed+rate+decision&vqd=4-203786714625785106325133321999353668790&p=-2 403
2026-06-09 02:00:00,144 [INFO] services.news_sources: [news_sources] yfinance:ASIA.AX → 0 items
2026-06-09 02:00:00,144 [INFO] services.news_sources: [news_sources] yfinance:GC=F → 10 items
2026-06-09 02:00:00,150 [INFO] services.news_sources: [news_sources] yfinance:0700.HK → 10 items
2026-06-09 02:00:00,210 [INFO] services.news_sources: [news_sources] rss:bbc_business → 15 items
2026-06-09 02:00:00,211 [INFO] primp: response: https://www.bing.com/news/infinitescrollajax?q=GC%3DF+news&InfiniteScroll=1&first=11&SFX=1&cc=wt&setlang=wt 200
2026-06-09 02:00:00,212 [INFO] services.news_sources: [news_sources] yfinance:NDQ.AX → 0 items
2026-06-09 02:00:00,238 [INFO] services.news_sources: [news_sources] rss:yahoo_finance_headline → 15 items
2026-06-09 02:00:00,240 [INFO] primp: response: https://www.bing.com/news/infinitescrollajax?q=ASIA.AX+news&InfiniteScroll=1&first=11&SFX=1&cc=wt&setlang=wt 200
2026-06-09 02:00:00,326 [INFO] primp: response: https://duckduckgo.com/news.js?l=wt-wt&o=json&noamp=1&q=NDQ.AX+news&vqd=4-202384313228353493676514800336469163429&p=-2 200
2026-06-09 02:00:00,350 [INFO] primp: response: https://www.bing.com/news/infinitescrollajax?q=0700.HK+news&InfiniteScroll=1&first=11&SFX=1&cc=wt&setlang=wt 200
2026-06-09 02:00:00,436 [INFO] services.news_sources: [news_sources] rss:seeking_alpha_market → 7 items
2026-06-09 02:00:00,508 [INFO] primp: response: https://duckduckgo.com/news.js?l=wt-wt&o=json&noamp=1&q=GC%3DF+news&vqd=4-303873378848714758436685934313379219505&p=-2 200
2026-06-09 02:00:00,600 [INFO] primp: response: https://news.search.yahoo.com/search?p=NDQ.AX+news 200
2026-06-09 02:00:00,604 [INFO] primp: response: https://news.search.yahoo.com/search?p=Fed+rate+decision 200
2026-06-09 02:00:00,604 [INFO] primp: response: https://news.search.yahoo.com/search?p=ASIA.AX+news 200
2026-06-09 02:00:00,607 [INFO] primp: response: https://news.search.yahoo.com/search?p=0700.HK+news 200
2026-06-09 02:00:00,609 [INFO] primp: response: https://news.search.yahoo.com/search?p=GC%3DF+news 200
2026-06-09 02:00:00,769 [INFO] services.news_sources: [news_sources] rss:ft_markets → 15 items
2026-06-09 02:00:00,919 [INFO] services.news_sources: [news_sources] rss:caixin_global → 0 items
2026-06-09 02:00:01,055 [INFO] services.news_sources: [news_sources] ddgs:ASIA.AX news → 4 items
2026-06-09 02:00:01,166 [INFO] services.news_sources: [news_sources] rss:reuters_business → 0 items
2026-06-09 02:00:01,170 [INFO] services.news_sources: [news_sources] ddgs:GC=F news → 12 items
2026-06-09 02:00:01,175 [INFO] primp: response: https://www.bing.com/news/infinitescrollajax?q=NDQ.AX+news&InfiniteScroll=1&first=11&SFX=1&cc=wt&setlang=wt 200
2026-06-09 02:00:01,175 [WARNING] services.news_sources.ddgs_news: DDGS query 'NDQ.AX news' 失败: No results found.
2026-06-09 02:00:01,176 [INFO] services.news_sources: [news_sources] ddgs:NDQ.AX news → 0 items
2026-06-09 02:00:01,255 [INFO] primp: response: https://duckduckgo.com/?q=0700.HK+news 200
2026-06-09 02:00:01,322 [INFO] primp: response: https://www.bing.com/news/infinitescrollajax?q=Fed+rate+decision&InfiniteScroll=1&first=11&SFX=1&cc=wt&setlang=wt 200
2026-06-09 02:00:01,329 [INFO] services.news_sources: [news_sources] ddgs:Fed rate decision → 15 items
2026-06-09 02:00:01,474 [INFO] primp: response: https://duckduckgo.com/news.js?l=wt-wt&o=json&noamp=1&q=0700.HK+news&vqd=4-336186625501180160370393144454433392269&p=-2 200
2026-06-09 02:00:01,475 [INFO] services.news_sources: [news_sources] ddgs:0700.HK news → 10 items
2026-06-09 02:00:01,484 [INFO] services.news_sources: [news_sources] 总计 113 条 → 去重后 113 条
2026-06-09 02:00:01,484 [INFO] jobs.event_watch: [event_watch] fetched 113 raw items
2026-06-09 02:00:01,523 [INFO] jobs.event_watch: [event_watch] unseen=23 / total=113
2026-06-09 02:00:56,929 [INFO] httpx: HTTP Request: POST https://token-plan-cn.xiaomimimo.com/v1/chat/completions "HTTP/1.1 200 OK"
2026-06-09 02:00:56,938 [INFO] jobs.event_watch: [event_watch] normalized 23 events
2026-06-09 02:00:56,960 [INFO] jobs.event_watch: [event_watch] triggerable=0
2026-06-09 02:00:56,960 [INFO] scheduler.runner: [event_watch] 成功
2026-06-09 02:00:56,967 [INFO] apscheduler.executors.default: Job "event_watch (trigger: cron[month='*', day='*', day_of_week='1-5', hour='0-7', minute='*/30'], next run at: 2026-06-09 02:30:00 CST)" executed successfully
2026-06-09 02:30:00,000 [INFO] apscheduler.executors.default: Running job "event_watch (trigger: cron[month='*', day='*', day_of_week='1-5', hour='0-7', minute='*/30'], next run at: 2026-06-09 03:00:00 CST)" (scheduled at 2026-06-09 02:30:00+08:00)
2026-06-09 02:30:00,000 [INFO] scheduler.runner: [event_watch] 启动 (started=2026-06-09T02:30:00+08:00)
2026-06-09 02:30:00,002 [INFO] jobs.event_watch: [event_watch] watched=['GC=F', 'ASIA.AX', '0700.HK', 'NDQ.AX'], queries=5
2026-06-09 02:30:00,098 [INFO] primp: response: https://duckduckgo.com/?q=NDQ.AX+news 200
2026-06-09 02:30:00,102 [INFO] primp: response: https://duckduckgo.com/?q=Fed+rate+decision 200
2026-06-09 02:30:00,104 [INFO] primp: response: https://duckduckgo.com/?q=0700.HK+news 200
2026-06-09 02:30:00,124 [INFO] primp: response: https://duckduckgo.com/news.js?l=wt-wt&o=json&noamp=1&q=0700.HK+news&vqd=4-336186625501180160370393144454433392269&p=-2 403
2026-06-09 02:30:00,124 [INFO] primp: response: https://duckduckgo.com/news.js?l=wt-wt&o=json&noamp=1&q=Fed+rate+decision&vqd=4-203786714625785106325133321999353668790&p=-2 403
2026-06-09 02:30:00,196 [INFO] services.news_sources: [news_sources] yfinance:ASIA.AX → 0 items
2026-06-09 02:30:00,198 [INFO] services.news_sources: [news_sources] yfinance:GC=F → 10 items
2026-06-09 02:30:00,200 [INFO] primp: response: https://www.bing.com/news/infinitescrollajax?q=GC%3DF+news&InfiniteScroll=1&first=11&SFX=1&cc=wt&setlang=wt 200
2026-06-09 02:30:00,212 [INFO] services.news_sources: [news_sources] yfinance:0700.HK → 10 items
2026-06-09 02:30:00,226 [INFO] primp: response: https://www.bing.com/news/infinitescrollajax?q=ASIA.AX+news&InfiniteScroll=1&first=11&SFX=1&cc=wt&setlang=wt 200
2026-06-09 02:30:00,267 [INFO] services.news_sources: [news_sources] rss:bbc_business → 15 items
2026-06-09 02:30:00,274 [INFO] services.news_sources: [news_sources] yfinance:NDQ.AX → 0 items
2026-06-09 02:30:00,301 [INFO] primp: response: https://duckduckgo.com/news.js?l=wt-wt&o=json&noamp=1&q=NDQ.AX+news&vqd=4-202384313228353493676514800336469163429&p=-2 200
2026-06-09 02:30:00,301 [INFO] services.news_sources: [news_sources] rss:yahoo_finance_headline → 15 items
2026-06-09 02:30:00,410 [INFO] primp: response: https://news.search.yahoo.com/search?p=NDQ.AX+news 200
2026-06-09 02:30:00,411 [INFO] primp: response: https://news.search.yahoo.com/search?p=GC%3DF+news 200
2026-06-09 02:30:00,416 [INFO] primp: response: https://news.search.yahoo.com/search?p=0700.HK+news 200
2026-06-09 02:30:00,417 [INFO] primp: response: https://news.search.yahoo.com/search?p=Fed+rate+decision 200
2026-06-09 02:30:00,418 [INFO] primp: response: https://news.search.yahoo.com/search?p=ASIA.AX+news 200
2026-06-09 02:30:00,550 [INFO] services.news_sources: [news_sources] rss:seeking_alpha_market → 7 items
2026-06-09 02:30:00,687 [INFO] services.news_sources: [news_sources] rss:ft_markets → 15 items
2026-06-09 02:30:00,799 [INFO] services.news_sources: [news_sources] ddgs:GC=F news → 11 items
2026-06-09 02:30:00,819 [INFO] services.news_sources: [news_sources] ddgs:ASIA.AX news → 4 items
2026-06-09 02:30:00,844 [INFO] services.news_sources: [news_sources] rss:caixin_global → 0 items
2026-06-09 02:30:01,025 [INFO] primp: response: https://www.bing.com/news/infinitescrollajax?q=0700.HK+news&InfiniteScroll=1&first=11&SFX=1&cc=wt&setlang=wt 200
2026-06-09 02:30:01,026 [INFO] services.news_sources: [news_sources] ddgs:0700.HK news → 10 items
2026-06-09 02:30:01,064 [INFO] primp: response: https://www.bing.com/news/infinitescrollajax?q=NDQ.AX+news&InfiniteScroll=1&first=11&SFX=1&cc=wt&setlang=wt 200
2026-06-09 02:30:01,090 [WARNING] services.news_sources.ddgs_news: DDGS query 'NDQ.AX news' 失败: No results found.
2026-06-09 02:30:01,110 [INFO] services.news_sources: [news_sources] ddgs:NDQ.AX news → 0 items
2026-06-09 02:30:01,133 [INFO] primp: response: https://www.bing.com/news/infinitescrollajax?q=Fed+rate+decision&InfiniteScroll=1&first=11&SFX=1&cc=wt&setlang=wt 200
2026-06-09 02:30:01,206 [INFO] services.news_sources: [news_sources] rss:reuters_business → 0 items
2026-06-09 02:30:01,209 [INFO] services.news_sources: [news_sources] ddgs:Fed rate decision → 15 items
2026-06-09 02:30:01,215 [INFO] services.news_sources: [news_sources] 总计 112 条 → 去重后 112 条
2026-06-09 02:30:01,215 [INFO] jobs.event_watch: [event_watch] fetched 112 raw items
2026-06-09 02:30:01,234 [INFO] jobs.event_watch: [event_watch] unseen=24 / total=112
2026-06-09 02:30:47,258 [INFO] httpx: HTTP Request: POST https://token-plan-cn.xiaomimimo.com/v1/chat/completions "HTTP/1.1 200 OK"
2026-06-09 02:30:47,267 [INFO] jobs.event_watch: [event_watch] normalized 24 events
2026-06-09 02:30:47,307 [INFO] jobs.event_watch: [event_watch] triggerable=1
2026-06-09 02:30:49,951 [INFO] scheduler.runner: [event_watch] 成功
2026-06-09 02:30:49,959 [INFO] apscheduler.executors.default: Job "event_watch (trigger: cron[month='*', day='*', day_of_week='1-5', hour='0-7', minute='*/30'], next run at: 2026-06-09 03:00:00 CST)" executed successfully
2026-06-09 03:00:00,000 [INFO] apscheduler.executors.default: Running job "event_watch (trigger: cron[month='*', day='*', day_of_week='1-5', hour='0-7', minute='*/30'], next run at: 2026-06-09 03:30:00 CST)" (scheduled at 2026-06-09 03:00:00+08:00)
2026-06-09 03:00:00,000 [INFO] scheduler.runner: [event_watch] 启动 (started=2026-06-09T03:00:00+08:00)
2026-06-09 03:00:00,002 [INFO] jobs.event_watch: [event_watch] watched=['GC=F', 'ASIA.AX', '0700.HK', 'NDQ.AX'], queries=5
2026-06-09 03:00:00,080 [INFO] primp: response: https://duckduckgo.com/?q=NDQ.AX+news 200
2026-06-09 03:00:00,084 [INFO] primp: response: https://duckduckgo.com/?q=ASIA.AX+news 200
2026-06-09 03:00:00,087 [INFO] primp: response: https://duckduckgo.com/?q=0700.HK+news 200
2026-06-09 03:00:00,102 [INFO] primp: response: https://duckduckgo.com/news.js?l=wt-wt&o=json&noamp=1&q=NDQ.AX+news&vqd=4-202384679579377026043090513562524643253&p=-2 403
2026-06-09 03:00:00,107 [INFO] primp: response: https://duckduckgo.com/news.js?l=wt-wt&o=json&noamp=1&q=ASIA.AX+news&vqd=4-124686887960896843961740886164489693439&p=-2 403
2026-06-09 03:00:00,110 [INFO] primp: response: https://duckduckgo.com/news.js?l=wt-wt&o=json&noamp=1&q=0700.HK+news&vqd=4-336186340279795194316522384669250081949&p=-2 403
2026-06-09 03:00:00,188 [INFO] services.news_sources: [news_sources] yfinance:ASIA.AX → 0 items
2026-06-09 03:00:00,216 [INFO] services.news_sources: [news_sources] yfinance:GC=F → 10 items
2026-06-09 03:00:00,223 [INFO] services.news_sources: [news_sources] yfinance:0700.HK → 10 items
2026-06-09 03:00:00,225 [INFO] primp: response: https://www.bing.com/news/infinitescrollajax?q=GC%3DF+news&InfiniteScroll=1&first=11&SFX=1&cc=wt&setlang=wt 200
2026-06-09 03:00:00,262 [INFO] primp: response: https://news.search.yahoo.com/search?p=GC%3DF+news 200
2026-06-09 03:00:00,267 [INFO] services.news_sources: [news_sources] rss:bbc_business → 15 items
2026-06-09 03:00:00,267 [INFO] primp: response: https://www.bing.com/news/infinitescrollajax?q=0700.HK+news&InfiniteScroll=1&first=11&SFX=1&cc=wt&setlang=wt 200
2026-06-09 03:00:00,268 [INFO] primp: response: https://news.search.yahoo.com/search?p=Fed+rate+decision 200
2026-06-09 03:00:00,268 [INFO] primp: response: https://www.bing.com/news/infinitescrollajax?q=ASIA.AX+news&InfiniteScroll=1&first=11&SFX=1&cc=wt&setlang=wt 200
2026-06-09 03:00:00,270 [INFO] services.news_sources: [news_sources] yfinance:NDQ.AX → 0 items
2026-06-09 03:00:00,297 [INFO] primp: response: https://www.bing.com/news/infinitescrollajax?q=Fed+rate+decision&InfiniteScroll=1&first=11&SFX=1&cc=wt&setlang=wt 200
2026-06-09 03:00:00,297 [INFO] services.news_sources: [news_sources] rss:yahoo_finance_headline → 15 items
2026-06-09 03:00:00,310 [INFO] primp: response: https://www.bing.com/news/infinitescrollajax?q=NDQ.AX+news&InfiniteScroll=1&first=11&SFX=1&cc=wt&setlang=wt 200
2026-06-09 03:00:00,329 [INFO] primp: response: https://news.search.yahoo.com/search?p=0700.HK+news 200
2026-06-09 03:00:00,331 [INFO] primp: response: https://news.search.yahoo.com/search?p=ASIA.AX+news 200
2026-06-09 03:00:00,350 [INFO] services.news_sources: [news_sources] rss:seeking_alpha_market → 7 items
2026-06-09 03:00:00,365 [INFO] primp: response: https://news.search.yahoo.com/search?p=NDQ.AX+news 200
2026-06-09 03:00:00,770 [INFO] services.news_sources: [news_sources] ddgs:ASIA.AX news → 4 items
2026-06-09 03:00:00,803 [WARNING] services.news_sources.ddgs_news: DDGS query 'NDQ.AX news' 失败: No results found.
2026-06-09 03:00:00,825 [INFO] services.news_sources: [news_sources] ddgs:NDQ.AX news → 0 items
2026-06-09 03:00:00,839 [INFO] services.news_sources: [news_sources] rss:reuters_business → 0 items
2026-06-09 03:00:00,844 [INFO] services.news_sources: [news_sources] ddgs:GC=F news → 11 items
2026-06-09 03:00:00,846 [INFO] services.news_sources: [news_sources] ddgs:0700.HK news → 10 items
2026-06-09 03:00:00,847 [INFO] services.news_sources: [news_sources] ddgs:Fed rate decision → 15 items
2026-06-09 03:00:00,913 [INFO] services.news_sources: [news_sources] rss:ft_markets → 15 items
2026-06-09 03:00:00,975 [INFO] services.news_sources: [news_sources] rss:caixin_global → 0 items
2026-06-09 03:00:00,980 [INFO] services.news_sources: [news_sources] 总计 112 条 → 去重后 112 条
2026-06-09 03:00:00,980 [INFO] jobs.event_watch: [event_watch] fetched 112 raw items
2026-06-09 03:00:00,997 [INFO] jobs.event_watch: [event_watch] unseen=11 / total=112
2026-06-09 03:00:26,671 [INFO] httpx: HTTP Request: POST https://token-plan-cn.xiaomimimo.com/v1/chat/completions "HTTP/1.1 200 OK"
2026-06-09 03:00:26,676 [INFO] jobs.event_watch: [event_watch] normalized 11 events
2026-06-09 03:00:26,688 [INFO] jobs.event_watch: [event_watch] triggerable=0
2026-06-09 03:00:26,689 [INFO] scheduler.runner: [event_watch] 成功
2026-06-09 03:00:26,695 [INFO] apscheduler.executors.default: Job "event_watch (trigger: cron[month='*', day='*', day_of_week='1-5', hour='0-7', minute='*/30'], next run at: 2026-06-09 03:30:00 CST)" executed successfully
2026-06-09 03:30:00,000 [INFO] apscheduler.executors.default: Running job "event_watch (trigger: cron[month='*', day='*', day_of_week='1-5', hour='0-7', minute='*/30'], next run at: 2026-06-09 04:00:00 CST)" (scheduled at 2026-06-09 03:30:00+08:00)
2026-06-09 03:30:00,000 [INFO] scheduler.runner: [event_watch] 启动 (started=2026-06-09T03:30:00+08:00)
2026-06-09 03:30:00,002 [INFO] jobs.event_watch: [event_watch] watched=['GC=F', 'ASIA.AX', '0700.HK', 'NDQ.AX'], queries=5
2026-06-09 03:30:00,094 [INFO] primp: response: https://duckduckgo.com/?q=ASIA.AX+news 200
2026-06-09 03:30:00,095 [INFO] primp: response: https://duckduckgo.com/?q=GC%3DF+news 200
2026-06-09 03:30:00,101 [INFO] primp: response: https://duckduckgo.com/?q=Fed+rate+decision 200
2026-06-09 03:30:00,117 [INFO] primp: response: https://duckduckgo.com/news.js?l=wt-wt&o=json&noamp=1&q=GC%3DF+news&vqd=4-303873664070099724490556658914190449185&p=-2 403
2026-06-09 03:30:00,122 [INFO] primp: response: https://duckduckgo.com/news.js?l=wt-wt&o=json&noamp=1&q=Fed+rate+decision&vqd=4-203787080976808486985685742389170042534&p=-2 403
2026-06-09 03:30:00,221 [INFO] primp: response: https://www.bing.com/news/infinitescrollajax?q=ASIA.AX+news&InfiniteScroll=1&first=11&SFX=1&cc=wt&setlang=wt 200
2026-06-09 03:30:00,294 [INFO] primp: response: https://duckduckgo.com/news.js?l=wt-wt&o=json&noamp=1&q=ASIA.AX+news&vqd=4-124686887960896843961740886164489693439&p=-2 200
2026-06-09 03:30:00,402 [INFO] primp: response: https://www.bing.com/news/infinitescrollajax?q=0700.HK+news&InfiniteScroll=1&first=11&SFX=1&cc=wt&setlang=wt 200
2026-06-09 03:30:00,455 [INFO] primp: response: https://www.bing.com/news/infinitescrollajax?q=NDQ.AX+news&InfiniteScroll=1&first=11&SFX=1&cc=wt&setlang=wt 200
2026-06-09 03:30:00,740 [INFO] services.news_sources: [news_sources] yfinance:ASIA.AX → 0 items
2026-06-09 03:30:00,764 [INFO] services.news_sources: [news_sources] yfinance:0700.HK → 10 items
2026-06-09 03:30:00,766 [INFO] services.news_sources: [news_sources] yfinance:GC=F → 10 items
2026-06-09 03:30:00,803 [INFO] services.news_sources: [news_sources] rss:bbc_business → 15 items
2026-06-09 03:30:00,804 [INFO] services.news_sources: [news_sources] yfinance:NDQ.AX → 0 items
2026-06-09 03:30:00,830 [INFO] services.news_sources: [news_sources] rss:yahoo_finance_headline → 15 items
2026-06-09 03:30:00,935 [INFO] primp: response: https://news.search.yahoo.com/search?p=GC%3DF+news 200
2026-06-09 03:30:00,936 [INFO] primp: response: https://news.search.yahoo.com/search?p=Fed+rate+decision 200
2026-06-09 03:30:00,936 [INFO] primp: response: https://news.search.yahoo.com/search?p=ASIA.AX+news 200
2026-06-09 03:30:00,946 [INFO] primp: response: https://news.search.yahoo.com/search?p=0700.HK+news 200
2026-06-09 03:30:00,975 [INFO] primp: response: https://news.search.yahoo.com/search?p=NDQ.AX+news 200
2026-06-09 03:30:01,091 [INFO] services.news_sources: [news_sources] rss:seeking_alpha_market → 7 items
2026-06-09 03:30:01,365 [INFO] services.news_sources: [news_sources] ddgs:ASIA.AX news → 4 items
2026-06-09 03:30:01,433 [INFO] services.news_sources: [news_sources] rss:ft_markets → 15 items
2026-06-09 03:30:01,471 [INFO] primp: response: https://duckduckgo.com/?q=NDQ.AX+news 200
2026-06-09 03:30:01,501 [INFO] primp: response: https://duckduckgo.com/news.js?l=wt-wt&o=json&noamp=1&q=NDQ.AX+news&vqd=4-202384679579377026043090513562524643253&p=-2 403
2026-06-09 03:30:01,507 [WARNING] services.news_sources.ddgs_news: DDGS query 'NDQ.AX news' 失败: No results found.
2026-06-09 03:30:01,516 [INFO] services.news_sources: [news_sources] ddgs:NDQ.AX news → 0 items
2026-06-09 03:30:01,547 [INFO] primp: response: https://www.bing.com/news/infinitescrollajax?q=GC%3DF+news&InfiniteScroll=1&first=11&SFX=1&cc=wt&setlang=wt 200
2026-06-09 03:30:01,653 [INFO] services.news_sources: [news_sources] rss:reuters_business → 0 items
2026-06-09 03:30:01,655 [INFO] services.news_sources: [news_sources] ddgs:GC=F news → 11 items
2026-06-09 03:30:01,890 [INFO] primp: response: https://duckduckgo.com/?q=0700.HK+news 200
2026-06-09 03:30:01,915 [INFO] primp: response: https://duckduckgo.com/news.js?l=wt-wt&o=json&noamp=1&q=0700.HK+news&vqd=4-336186340279795194316522384669250081949&p=-2 403
2026-06-09 03:30:01,916 [INFO] services.news_sources: [news_sources] ddgs:0700.HK news → 10 items
2026-06-09 03:30:01,955 [INFO] primp: response: https://www.bing.com/news/infinitescrollajax?q=Fed+rate+decision&InfiniteScroll=1&first=11&SFX=1&cc=wt&setlang=wt 200
2026-06-09 03:30:01,967 [INFO] services.news_sources: [news_sources] rss:caixin_global → 0 items
2026-06-09 03:30:01,970 [INFO] services.news_sources: [news_sources] ddgs:Fed rate decision → 15 items
2026-06-09 03:30:01,978 [INFO] services.news_sources: [news_sources] 总计 112 条 → 去重后 112 条
2026-06-09 03:30:01,978 [INFO] jobs.event_watch: [event_watch] fetched 112 raw items
2026-06-09 03:30:01,995 [INFO] jobs.event_watch: [event_watch] unseen=11 / total=112
2026-06-09 03:30:26,758 [INFO] httpx: HTTP Request: POST https://token-plan-cn.xiaomimimo.com/v1/chat/completions "HTTP/1.1 200 OK"
2026-06-09 03:30:26,765 [INFO] jobs.event_watch: [event_watch] normalized 11 events
2026-06-09 03:30:26,778 [INFO] jobs.event_watch: [event_watch] triggerable=0
2026-06-09 03:30:26,779 [INFO] scheduler.runner: [event_watch] 成功
2026-06-09 03:30:26,788 [INFO] apscheduler.executors.default: Job "event_watch (trigger: cron[month='*', day='*', day_of_week='1-5', hour='0-7', minute='*/30'], next run at: 2026-06-09 04:00:00 CST)" executed successfully
2026-06-09 04:00:00,000 [INFO] apscheduler.executors.default: Running job "event_watch (trigger: cron[month='*', day='*', day_of_week='1-5', hour='0-7', minute='*/30'], next run at: 2026-06-09 04:30:00 CST)" (scheduled at 2026-06-09 04:00:00+08:00)
2026-06-09 04:00:00,000 [INFO] scheduler.runner: [event_watch] 启动 (started=2026-06-09T04:00:00+08:00)
2026-06-09 04:00:00,002 [INFO] jobs.event_watch: [event_watch] watched=['GC=F', 'ASIA.AX', '0700.HK', 'NDQ.AX'], queries=5
2026-06-09 04:00:00,090 [INFO] primp: response: https://duckduckgo.com/?q=GC%3DF+news 200
2026-06-09 04:00:00,095 [INFO] primp: response: https://duckduckgo.com/?q=Fed+rate+decision 200
2026-06-09 04:00:00,111 [INFO] primp: response: https://duckduckgo.com/news.js?l=wt-wt&o=json&noamp=1&q=GC%3DF+news&vqd=4-303873944220882329771624881370417353809&p=-2 403
2026-06-09 04:00:00,114 [INFO] primp: response: https://duckduckgo.com/news.js?l=wt-wt&o=json&noamp=1&q=Fed+rate+decision&vqd=4-203787117738675921643389362232760236246&p=-2 403
2026-06-09 04:00:00,188 [INFO] primp: response: https://duckduckgo.com/?q=NDQ.AX+news 200
2026-06-09 04:00:00,211 [INFO] services.news_sources: [news_sources] yfinance:ASIA.AX → 0 items
2026-06-09 04:00:00,233 [INFO] primp: response: https://news.search.yahoo.com/search?p=ASIA.AX+news 200
2026-06-09 04:00:00,234 [INFO] primp: response: https://news.search.yahoo.com/search?p=NDQ.AX+news 200
2026-06-09 04:00:00,235 [INFO] primp: response: https://news.search.yahoo.com/search?p=GC%3DF+news 200
2026-06-09 04:00:00,240 [INFO] primp: response: https://news.search.yahoo.com/search?p=0700.HK+news 200
2026-06-09 04:00:00,240 [INFO] primp: response: https://news.search.yahoo.com/search?p=Fed+rate+decision 200
2026-06-09 04:00:00,240 [INFO] services.news_sources: [news_sources] yfinance:0700.HK → 10 items
2026-06-09 04:00:00,243 [INFO] services.news_sources: [news_sources] yfinance:GC=F → 10 items
2026-06-09 04:00:00,249 [INFO] primp: response: https://www.bing.com/news/infinitescrollajax?q=ASIA.AX+news&InfiniteScroll=1&first=11&SFX=1&cc=wt&setlang=wt 200
2026-06-09 04:00:00,270 [INFO] services.news_sources: [news_sources] yfinance:NDQ.AX → 0 items
2026-06-09 04:00:00,284 [INFO] primp: response: https://www.bing.com/news/infinitescrollajax?q=0700.HK+news&InfiniteScroll=1&first=11&SFX=1&cc=wt&setlang=wt 200
2026-06-09 04:00:00,306 [INFO] services.news_sources: [news_sources] rss:bbc_business → 15 items
2026-06-09 04:00:00,334 [INFO] services.news_sources: [news_sources] rss:yahoo_finance_headline → 15 items
2026-06-09 04:00:00,386 [INFO] services.news_sources: [news_sources] rss:seeking_alpha_market → 7 items
2026-06-09 04:00:00,388 [INFO] primp: response: https://duckduckgo.com/news.js?l=wt-wt&o=json&noamp=1&q=NDQ.AX+news&vqd=4-202384401963895641288538637499603280325&p=-2 200
2026-06-09 04:00:00,618 [INFO] services.news_sources: [news_sources] ddgs:ASIA.AX news → 4 items
2026-06-09 04:00:00,721 [INFO] primp: response: https://duckduckgo.com/?q=0700.HK+news 200
2026-06-09 04:00:00,737 [INFO] primp: response: https://duckduckgo.com/news.js?l=wt-wt&o=json&noamp=1&q=0700.HK+news&vqd=4-336186541836240641525469721359220398829&p=-2 403
2026-06-09 04:00:00,738 [INFO] services.news_sources: [news_sources] ddgs:0700.HK news → 10 items
2026-06-09 04:00:00,831 [INFO] primp: response: https://www.bing.com/news/infinitescrollajax?q=NDQ.AX+news&InfiniteScroll=1&first=11&SFX=1&cc=wt&setlang=wt 200
2026-06-09 04:00:00,831 [WARNING] services.news_sources.ddgs_news: DDGS query 'NDQ.AX news' 失败: No results found.
2026-06-09 04:00:00,831 [INFO] services.news_sources: [news_sources] ddgs:NDQ.AX news → 0 items
2026-06-09 04:00:00,931 [INFO] services.news_sources: [news_sources] rss:caixin_global → 0 items
2026-06-09 04:00:00,964 [INFO] primp: response: https://www.bing.com/news/infinitescrollajax?q=Fed+rate+decision&InfiniteScroll=1&first=11&SFX=1&cc=wt&setlang=wt 200
2026-06-09 04:00:00,968 [INFO] services.news_sources: [news_sources] ddgs:Fed rate decision → 15 items
2026-06-09 04:00:01,252 [INFO] services.news_sources: [news_sources] rss:reuters_business → 0 items
2026-06-09 04:00:01,291 [INFO] primp: response: https://www.bing.com/news/infinitescrollajax?q=GC%3DF+news&InfiniteScroll=1&first=11&SFX=1&cc=wt&setlang=wt 200
2026-06-09 04:00:01,298 [INFO] services.news_sources: [news_sources] ddgs:GC=F news → 11 items
2026-06-09 04:00:01,584 [INFO] services.news_sources: [news_sources] rss:ft_markets → 15 items
2026-06-09 04:00:01,593 [INFO] services.news_sources: [news_sources] 总计 112 条 → 去重后 112 条
2026-06-09 04:00:01,593 [INFO] jobs.event_watch: [event_watch] fetched 112 raw items
2026-06-09 04:00:01,614 [INFO] jobs.event_watch: [event_watch] unseen=14 / total=112
2026-06-09 04:00:29,194 [INFO] httpx: HTTP Request: POST https://token-plan-cn.xiaomimimo.com/v1/chat/completions "HTTP/1.1 200 OK"
2026-06-09 04:00:29,200 [INFO] jobs.event_watch: [event_watch] normalized 14 events
2026-06-09 04:00:29,216 [INFO] jobs.event_watch: [event_watch] triggerable=0
2026-06-09 04:00:29,216 [INFO] scheduler.runner: [event_watch] 成功
2026-06-09 04:00:29,224 [INFO] apscheduler.executors.default: Job "event_watch (trigger: cron[month='*', day='*', day_of_week='1-5', hour='0-7', minute='*/30'], next run at: 2026-06-09 04:30:00 CST)" executed successfully
2026-06-09 04:30:00,000 [INFO] apscheduler.executors.default: Running job "event_watch (trigger: cron[month='*', day='*', day_of_week='1-5', hour='0-7', minute='*/30'], next run at: 2026-06-09 05:00:00 CST)" (scheduled at 2026-06-09 04:30:00+08:00)
2026-06-09 04:30:00,000 [INFO] scheduler.runner: [event_watch] 启动 (started=2026-06-09T04:30:00+08:00)
2026-06-09 04:30:00,002 [INFO] jobs.event_watch: [event_watch] watched=['GC=F', 'ASIA.AX', '0700.HK', 'NDQ.AX'], queries=5
2026-06-09 04:30:00,094 [INFO] primp: response: https://duckduckgo.com/?q=ASIA.AX+news 200
2026-06-09 04:30:00,095 [INFO] primp: response: https://duckduckgo.com/?q=GC%3DF+news 200
2026-06-09 04:30:00,095 [INFO] primp: response: https://duckduckgo.com/?q=0700.HK+news 200
2026-06-09 04:30:00,115 [INFO] primp: response: https://duckduckgo.com/news.js?l=wt-wt&o=json&noamp=1&q=0700.HK+news&vqd=4-336186541836240641525469721359220398829&p=-2 403
2026-06-09 04:30:00,117 [INFO] primp: response: https://duckduckgo.com/news.js?l=wt-wt&o=json&noamp=1&q=GC%3DF+news&vqd=4-303873944220882329771624881370417353809&p=-2 403
2026-06-09 04:30:00,127 [INFO] primp: response: https://duckduckgo.com/news.js?l=wt-wt&o=json&noamp=1&q=ASIA.AX+news&vqd=4-124687092052643529406078883857225803407&p=-2 403
2026-06-09 04:30:00,184 [INFO] primp: response: https://duckduckgo.com/?q=NDQ.AX+news 200
2026-06-09 04:30:00,326 [INFO] primp: response: https://www.bing.com/news/infinitescrollajax?q=NDQ.AX+news&InfiniteScroll=1&first=11&SFX=1&cc=wt&setlang=wt 200
2026-06-09 04:30:00,375 [INFO] primp: response: https://duckduckgo.com/news.js?l=wt-wt&o=json&noamp=1&q=NDQ.AX+news&vqd=4-202384401963895641288538637499603280325&p=-2 200
2026-06-09 04:30:00,414 [INFO] primp: response: https://www.bing.com/news/infinitescrollajax?q=GC%3DF+news&InfiniteScroll=1&first=11&SFX=1&cc=wt&setlang=wt 200
2026-06-09 04:30:00,428 [INFO] primp: response: https://www.bing.com/news/infinitescrollajax?q=Fed+rate+decision&InfiniteScroll=1&first=11&SFX=1&cc=wt&setlang=wt 200
2026-06-09 04:30:00,431 [INFO] services.news_sources: [news_sources] yfinance:ASIA.AX → 0 items
2026-06-09 04:30:00,448 [INFO] services.news_sources: [news_sources] yfinance:GC=F → 10 items
2026-06-09 04:30:00,483 [INFO] services.news_sources: [news_sources] yfinance:0700.HK → 10 items
2026-06-09 04:30:00,496 [INFO] services.news_sources: [news_sources] yfinance:NDQ.AX → 0 items
2026-06-09 04:30:00,544 [INFO] services.news_sources: [news_sources] rss:bbc_business → 15 items
2026-06-09 04:30:00,572 [INFO] services.news_sources: [news_sources] rss:yahoo_finance_headline → 15 items
2026-06-09 04:30:00,580 [INFO] primp: response: https://news.search.yahoo.com/search?p=ASIA.AX+news 200
2026-06-09 04:30:00,582 [INFO] primp: response: https://news.search.yahoo.com/search?p=Fed+rate+decision 200
2026-06-09 04:30:00,586 [INFO] primp: response: https://news.search.yahoo.com/search?p=0700.HK+news 200
2026-06-09 04:30:00,587 [INFO] primp: response: https://news.search.yahoo.com/search?p=GC%3DF+news 200
2026-06-09 04:30:00,588 [INFO] primp: response: https://news.search.yahoo.com/search?p=NDQ.AX+news 200
2026-06-09 04:30:00,816 [INFO] services.news_sources: [news_sources] rss:seeking_alpha_market → 7 items
2026-06-09 04:30:00,897 [INFO] services.news_sources: [news_sources] rss:ft_markets → 15 items
2026-06-09 04:30:00,986 [WARNING] services.news_sources.ddgs_news: DDGS query 'NDQ.AX news' 失败: No results found.
2026-06-09 04:30:00,989 [INFO] services.news_sources: [news_sources] ddgs:NDQ.AX news → 0 items
2026-06-09 04:30:00,990 [INFO] services.news_sources: [news_sources] ddgs:GC=F news → 11 items
2026-06-09 04:30:00,994 [INFO] services.news_sources: [news_sources] ddgs:Fed rate decision → 15 items
2026-06-09 04:30:01,220 [INFO] primp: response: https://www.bing.com/news/infinitescrollajax?q=ASIA.AX+news&InfiniteScroll=1&first=11&SFX=1&cc=wt&setlang=wt 200
2026-06-09 04:30:01,270 [INFO] services.news_sources: [news_sources] rss:reuters_business → 0 items
2026-06-09 04:30:01,272 [INFO] services.news_sources: [news_sources] ddgs:ASIA.AX news → 4 items
2026-06-09 04:30:01,304 [INFO] services.news_sources: [news_sources] rss:caixin_global → 0 items
2026-06-09 04:30:01,348 [INFO] primp: response: https://www.bing.com/news/infinitescrollajax?q=0700.HK+news&InfiniteScroll=1&first=11&SFX=1&cc=wt&setlang=wt 200
2026-06-09 04:30:01,384 [INFO] services.news_sources: [news_sources] ddgs:0700.HK news → 10 items
2026-06-09 04:30:01,390 [INFO] services.news_sources: [news_sources] 总计 112 条 → 去重后 112 条
2026-06-09 04:30:01,390 [INFO] jobs.event_watch: [event_watch] fetched 112 raw items
2026-06-09 04:30:01,408 [INFO] jobs.event_watch: [event_watch] unseen=11 / total=112
2026-06-09 04:30:19,971 [INFO] httpx: HTTP Request: POST https://token-plan-cn.xiaomimimo.com/v1/chat/completions "HTTP/1.1 200 OK"
2026-06-09 04:30:19,976 [INFO] jobs.event_watch: [event_watch] normalized 11 events
2026-06-09 04:30:20,006 [INFO] jobs.event_watch: [event_watch] triggerable=0
2026-06-09 04:30:20,007 [INFO] scheduler.runner: [event_watch] 成功
2026-06-09 04:30:20,013 [INFO] apscheduler.executors.default: Job "event_watch (trigger: cron[month='*', day='*', day_of_week='1-5', hour='0-7', minute='*/30'], next run at: 2026-06-09 05:00:00 CST)" executed successfully
2026-06-09 05:00:00,000 [INFO] apscheduler.executors.default: Running job "event_watch (trigger: cron[month='*', day='*', day_of_week='1-5', hour='0-7', minute='*/30'], next run at: 2026-06-09 05:30:00 CST)" (scheduled at 2026-06-09 05:00:00+08:00)
2026-06-09 05:00:00,000 [INFO] scheduler.runner: [event_watch] 启动 (started=2026-06-09T05:00:00+08:00)
2026-06-09 05:00:00,002 [INFO] jobs.event_watch: [event_watch] watched=['GC=F', 'ASIA.AX', '0700.HK', 'NDQ.AX'], queries=5
2026-06-09 05:00:00,090 [INFO] primp: response: https://duckduckgo.com/?q=GC%3DF+news 200
2026-06-09 05:00:00,105 [INFO] primp: response: https://duckduckgo.com/?q=0700.HK+news 200
2026-06-09 05:00:00,112 [INFO] primp: response: https://duckduckgo.com/news.js?l=wt-wt&o=json&noamp=1&q=GC%3DF+news&vqd=4-303872931368052964350043377004439955009&p=-2 403
2026-06-09 05:00:00,134 [INFO] primp: response: https://duckduckgo.com/?q=ASIA.AX+news 200
2026-06-09 05:00:00,153 [INFO] primp: response: https://duckduckgo.com/news.js?l=wt-wt&o=json&noamp=1&q=ASIA.AX+news&vqd=4-124687458403666929546393010762517632159&p=-2 403
2026-06-09 05:00:00,234 [INFO] primp: response: https://duckduckgo.com/?q=Fed+rate+decision 200
2026-06-09 05:00:00,243 [INFO] primp: response: https://www.bing.com/news/infinitescrollajax?q=NDQ.AX+news&InfiniteScroll=1&first=11&SFX=1&cc=wt&setlang=wt 200
2026-06-09 05:00:00,256 [INFO] primp: response: https://duckduckgo.com/news.js?l=wt-wt&o=json&noamp=1&q=Fed+rate+decision&vqd=4-203786186015484668597034649998494288582&p=-2 403
2026-06-09 05:00:00,318 [INFO] primp: response: https://duckduckgo.com/news.js?l=wt-wt&o=json&noamp=1&q=0700.HK+news&vqd=4-336186256614855675471598961574037088509&p=-2 200
2026-06-09 05:00:00,484 [INFO] services.news_sources: [news_sources] yfinance:ASIA.AX → 0 items
2026-06-09 05:00:00,525 [INFO] services.news_sources: [news_sources] yfinance:GC=F → 10 items
2026-06-09 05:00:00,526 [INFO] services.news_sources: [news_sources] yfinance:0700.HK → 10 items
2026-06-09 05:00:00,539 [INFO] services.news_sources: [news_sources] yfinance:NDQ.AX → 0 items
2026-06-09 05:00:00,546 [INFO] primp: response: https://www.bing.com/news/infinitescrollajax?q=GC%3DF+news&InfiniteScroll=1&first=11&SFX=1&cc=wt&setlang=wt 200
2026-06-09 05:00:00,593 [INFO] services.news_sources: [news_sources] rss:bbc_business → 15 items
2026-06-09 05:00:00,620 [INFO] services.news_sources: [news_sources] rss:yahoo_finance_headline → 15 items
2026-06-09 05:00:00,916 [INFO] primp: response: https://news.search.yahoo.com/search?p=GC%3DF+news 200
2026-06-09 05:00:00,918 [INFO] primp: response: https://news.search.yahoo.com/search?p=NDQ.AX+news 200
2026-06-09 05:00:00,919 [INFO] primp: response: https://news.search.yahoo.com/search?p=0700.HK+news 200
2026-06-09 05:00:00,927 [INFO] primp: response: https://news.search.yahoo.com/search?p=ASIA.AX+news 200
2026-06-09 05:00:00,932 [INFO] primp: response: https://news.search.yahoo.com/search?p=Fed+rate+decision 200
2026-06-09 05:00:00,971 [INFO] services.news_sources: [news_sources] rss:seeking_alpha_market → 7 items
2026-06-09 05:00:01,034 [INFO] services.news_sources: [news_sources] rss:ft_markets → 15 items
2026-06-09 05:00:01,247 [INFO] services.news_sources: [news_sources] rss:reuters_business → 0 items
2026-06-09 05:00:01,346 [INFO] services.news_sources: [news_sources] rss:caixin_global → 0 items
2026-06-09 05:00:01,377 [INFO] services.news_sources: [news_sources] ddgs:GC=F news → 11 items
2026-06-09 05:00:01,388 [INFO] primp: response: https://duckduckgo.com/?q=NDQ.AX+news 200
2026-06-09 05:00:01,411 [INFO] primp: response: https://duckduckgo.com/news.js?l=wt-wt&o=json&noamp=1&q=NDQ.AX+news&vqd=4-202384768314919173655114350725658760149&p=-2 403
2026-06-09 05:00:01,411 [WARNING] services.news_sources.ddgs_news: DDGS query 'NDQ.AX news' 失败: No results found.
2026-06-09 05:00:01,411 [INFO] services.news_sources: [news_sources] ddgs:NDQ.AX news → 0 items
2026-06-09 05:00:01,608 [INFO] primp: response: https://www.bing.com/news/infinitescrollajax?q=ASIA.AX+news&InfiniteScroll=1&first=11&SFX=1&cc=wt&setlang=wt 200
2026-06-09 05:00:01,645 [INFO] services.news_sources: [news_sources] ddgs:ASIA.AX news → 4 items
2026-06-09 05:00:01,671 [INFO] primp: response: https://www.bing.com/news/infinitescrollajax?q=Fed+rate+decision&InfiniteScroll=1&first=11&SFX=1&cc=wt&setlang=wt 200
2026-06-09 05:00:01,676 [INFO] services.news_sources: [news_sources] ddgs:Fed rate decision → 15 items
2026-06-09 05:00:01,956 [INFO] primp: response: https://www.bing.com/news/infinitescrollajax?q=0700.HK+news&InfiniteScroll=1&first=11&SFX=1&cc=wt&setlang=wt 200
2026-06-09 05:00:01,966 [INFO] services.news_sources: [news_sources] ddgs:0700.HK news → 10 items
2026-06-09 05:00:01,970 [INFO] services.news_sources: [news_sources] 总计 112 条 → 去重后 112 条
2026-06-09 05:00:01,970 [INFO] jobs.event_watch: [event_watch] fetched 112 raw items
2026-06-09 05:00:01,988 [INFO] jobs.event_watch: [event_watch] unseen=11 / total=112
2026-06-09 05:00:22,157 [INFO] httpx: HTTP Request: POST https://token-plan-cn.xiaomimimo.com/v1/chat/completions "HTTP/1.1 200 OK"
2026-06-09 05:00:22,162 [INFO] jobs.event_watch: [event_watch] normalized 11 events
2026-06-09 05:00:22,175 [INFO] jobs.event_watch: [event_watch] triggerable=0
2026-06-09 05:00:22,176 [INFO] scheduler.runner: [event_watch] 成功
2026-06-09 05:00:22,183 [INFO] apscheduler.executors.default: Job "event_watch (trigger: cron[month='*', day='*', day_of_week='1-5', hour='0-7', minute='*/30'], next run at: 2026-06-09 05:30:00 CST)" executed successfully
2026-06-09 05:30:00,000 [INFO] apscheduler.executors.default: Running job "event_watch (trigger: cron[month='*', day='*', day_of_week='1-5', hour='0-7', minute='*/30'], next run at: 2026-06-09 06:00:00 CST)" (scheduled at 2026-06-09 05:30:00+08:00)
2026-06-09 05:30:00,000 [INFO] scheduler.runner: [event_watch] 启动 (started=2026-06-09T05:30:00+08:00)
2026-06-09 05:30:00,002 [INFO] jobs.event_watch: [event_watch] watched=['GC=F', 'ASIA.AX', '0700.HK', 'NDQ.AX'], queries=5
2026-06-09 05:30:00,095 [INFO] primp: response: https://duckduckgo.com/?q=ASIA.AX+news 200
2026-06-09 05:30:00,098 [INFO] primp: response: https://duckduckgo.com/?q=0700.HK+news 200
2026-06-09 05:30:00,099 [INFO] primp: response: https://duckduckgo.com/?q=Fed+rate+decision 200
2026-06-09 05:30:00,113 [INFO] primp: response: https://duckduckgo.com/news.js?l=wt-wt&o=json&noamp=1&q=ASIA.AX+news&vqd=4-124687458403666929546393010762517632159&p=-2 403
2026-06-09 05:30:00,116 [INFO] primp: response: https://duckduckgo.com/news.js?l=wt-wt&o=json&noamp=1&q=Fed+rate+decision&vqd=4-203786186015484668597034649998494288582&p=-2 403
2026-06-09 05:30:00,116 [INFO] primp: response: https://duckduckgo.com/news.js?l=wt-wt&o=json&noamp=1&q=0700.HK+news&vqd=4-336186256614855675471598961574037088509&p=-2 403
2026-06-09 05:30:00,267 [INFO] primp: response: https://www.bing.com/news/infinitescrollajax?q=GC%3DF+news&InfiniteScroll=1&first=11&SFX=1&cc=wt&setlang=wt 200
2026-06-09 05:30:00,283 [INFO] primp: response: https://www.bing.com/news/infinitescrollajax?q=ASIA.AX+news&InfiniteScroll=1&first=11&SFX=1&cc=wt&setlang=wt 200
2026-06-09 05:30:00,339 [INFO] primp: response: https://www.bing.com/news/infinitescrollajax?q=NDQ.AX+news&InfiniteScroll=1&first=11&SFX=1&cc=wt&setlang=wt 200
2026-06-09 05:30:00,482 [INFO] primp: response: https://www.bing.com/news/infinitescrollajax?q=Fed+rate+decision&InfiniteScroll=1&first=11&SFX=1&cc=wt&setlang=wt 200
2026-06-09 05:30:00,501 [INFO] services.news_sources: [news_sources] yfinance:0700.HK → 10 items
2026-06-09 05:30:00,509 [INFO] services.news_sources: [news_sources] yfinance:GC=F → 10 items
2026-06-09 05:30:00,556 [INFO] services.news_sources: [news_sources] yfinance:NDQ.AX → 0 items
2026-06-09 05:30:00,592 [INFO] services.news_sources: [news_sources] rss:bbc_business → 15 items
2026-06-09 05:30:00,603 [INFO] services.news_sources: [news_sources] yfinance:ASIA.AX → 0 items
2026-06-09 05:30:00,629 [INFO] services.news_sources: [news_sources] rss:yahoo_finance_headline → 15 items
2026-06-09 05:30:00,817 [INFO] services.news_sources: [news_sources] rss:seeking_alpha_market → 7 items
2026-06-09 05:30:01,005 [INFO] primp: response: https://news.search.yahoo.com/search?p=GC%3DF+news 200
2026-06-09 05:30:01,005 [INFO] primp: response: https://news.search.yahoo.com/search?p=0700.HK+news 200
2026-06-09 05:30:01,036 [INFO] primp: response: https://news.search.yahoo.com/search?p=ASIA.AX+news 200
2026-06-09 05:30:01,036 [INFO] primp: response: https://news.search.yahoo.com/search?p=NDQ.AX+news 200
2026-06-09 05:30:01,042 [INFO] primp: response: https://news.search.yahoo.com/search?p=Fed+rate+decision 200
2026-06-09 05:30:01,057 [INFO] services.news_sources: [news_sources] rss:reuters_business → 0 items
2026-06-09 05:30:01,339 [INFO] services.news_sources: [news_sources] rss:caixin_global → 0 items
2026-06-09 05:30:01,379 [INFO] services.news_sources: [news_sources] rss:ft_markets → 15 items
2026-06-09 05:30:01,382 [INFO] services.news_sources: [news_sources] ddgs:GC=F news → 11 items
2026-06-09 05:30:01,386 [INFO] services.news_sources: [news_sources] ddgs:ASIA.AX news → 4 items
2026-06-09 05:30:01,402 [INFO] services.news_sources: [news_sources] ddgs:Fed rate decision → 15 items
2026-06-09 05:30:01,644 [INFO] primp: response: https://www.bing.com/news/infinitescrollajax?q=0700.HK+news&InfiniteScroll=1&first=11&SFX=1&cc=wt&setlang=wt 200
2026-06-09 05:30:01,645 [INFO] services.news_sources: [news_sources] ddgs:0700.HK news → 10 items
2026-06-09 05:30:02,252 [INFO] primp: response: https://duckduckgo.com/?q=NDQ.AX+news 200
2026-06-09 05:30:02,445 [INFO] primp: response: https://duckduckgo.com/news.js?l=wt-wt&o=json&noamp=1&q=NDQ.AX+news&vqd=4-202384768314919173655114350725658760149&p=-2 200
2026-06-09 05:30:02,445 [WARNING] services.news_sources.ddgs_news: DDGS query 'NDQ.AX news' 失败: No results found.
2026-06-09 05:30:02,446 [INFO] services.news_sources: [news_sources] ddgs:NDQ.AX news → 0 items
2026-06-09 05:30:02,450 [INFO] services.news_sources: [news_sources] 总计 112 条 → 去重后 112 条
2026-06-09 05:30:02,450 [INFO] jobs.event_watch: [event_watch] fetched 112 raw items
2026-06-09 05:30:02,468 [INFO] jobs.event_watch: [event_watch] unseen=9 / total=112
2026-06-09 05:30:20,626 [INFO] httpx: HTTP Request: POST https://token-plan-cn.xiaomimimo.com/v1/chat/completions "HTTP/1.1 200 OK"
2026-06-09 05:30:20,630 [INFO] jobs.event_watch: [event_watch] normalized 9 events
2026-06-09 05:30:20,640 [INFO] jobs.event_watch: [event_watch] triggerable=0
2026-06-09 05:30:20,641 [INFO] scheduler.runner: [event_watch] 成功
2026-06-09 05:30:20,648 [INFO] apscheduler.executors.default: Job "event_watch (trigger: cron[month='*', day='*', day_of_week='1-5', hour='0-7', minute='*/30'], next run at: 2026-06-09 06:00:00 CST)" executed successfully
2026-06-09 06:00:00,000 [INFO] apscheduler.executors.default: Running job "event_watch (trigger: cron[month='*', day='*', day_of_week='1-5', hour='0-7', minute='*/30'], next run at: 2026-06-09 06:30:00 CST)" (scheduled at 2026-06-09 06:00:00+08:00)
2026-06-09 06:00:00,000 [INFO] scheduler.runner: [event_watch] 启动 (started=2026-06-09T06:00:00+08:00)
2026-06-09 06:00:00,002 [INFO] jobs.event_watch: [event_watch] watched=['GC=F', 'ASIA.AX', '0700.HK', 'NDQ.AX'], queries=5
2026-06-09 06:00:00,082 [INFO] primp: response: https://duckduckgo.com/?q=NDQ.AX+news 200
2026-06-09 06:00:00,088 [INFO] primp: response: https://duckduckgo.com/?q=ASIA.AX+news 200
2026-06-09 06:00:00,090 [INFO] primp: response: https://duckduckgo.com/?q=0700.HK+news 200
2026-06-09 06:00:00,102 [INFO] primp: response: https://duckduckgo.com/news.js?l=wt-wt&o=json&noamp=1&q=NDQ.AX+news&vqd=4-202385129595340303928180846043583137253&p=-2 403
2026-06-09 06:00:00,107 [INFO] primp: response: https://duckduckgo.com/news.js?l=wt-wt&o=json&noamp=1&q=ASIA.AX+news&vqd=4-124687662495413461513820332783970337455&p=-2 403
2026-06-09 06:00:00,111 [INFO] primp: response: https://duckduckgo.com/news.js?l=wt-wt&o=json&noamp=1&q=0700.HK+news&vqd=4-336185809134193879023773198289525210829&p=-2 403
2026-06-09 06:00:00,176 [INFO] primp: response: https://duckduckgo.com/?q=Fed+rate+decision 200
2026-06-09 06:00:00,196 [INFO] primp: response: https://duckduckgo.com/news.js?l=wt-wt&o=json&noamp=1&q=Fed+rate+decision&vqd=4-203786547295905686123601327083781643510&p=-2 403
2026-06-09 06:00:00,200 [INFO] services.news_sources: [news_sources] yfinance:ASIA.AX → 0 items
2026-06-09 06:00:00,213 [INFO] services.news_sources: [news_sources] yfinance:GC=F → 10 items
2026-06-09 06:00:00,242 [INFO] services.news_sources: [news_sources] yfinance:0700.HK → 10 items
2026-06-09 06:00:00,273 [INFO] primp: response: https://www.bing.com/news/infinitescrollajax?q=0700.HK+news&InfiniteScroll=1&first=11&SFX=1&cc=wt&setlang=wt 200
2026-06-09 06:00:00,279 [INFO] services.news_sources: [news_sources] rss:bbc_business → 15 items
2026-06-09 06:00:00,280 [INFO] services.news_sources: [news_sources] yfinance:NDQ.AX → 0 items
2026-06-09 06:00:00,303 [INFO] primp: response: https://www.bing.com/news/infinitescrollajax?q=Fed+rate+decision&InfiniteScroll=1&first=11&SFX=1&cc=wt&setlang=wt 200
2026-06-09 06:00:00,307 [INFO] services.news_sources: [news_sources] rss:yahoo_finance_headline → 15 items
2026-06-09 06:00:00,329 [INFO] primp: response: https://www.bing.com/news/infinitescrollajax?q=GC%3DF+news&InfiniteScroll=1&first=11&SFX=1&cc=wt&setlang=wt 200
2026-06-09 06:00:00,361 [INFO] primp: response: https://www.bing.com/news/infinitescrollajax?q=ASIA.AX+news&InfiniteScroll=1&first=11&SFX=1&cc=wt&setlang=wt 200
2026-06-09 06:00:00,388 [INFO] primp: response: https://www.bing.com/news/infinitescrollajax?q=NDQ.AX+news&InfiniteScroll=1&first=11&SFX=1&cc=wt&setlang=wt 200
2026-06-09 06:00:00,552 [INFO] services.news_sources: [news_sources] rss:seeking_alpha_market → 7 items
2026-06-09 06:00:00,670 [INFO] primp: response: https://news.search.yahoo.com/search?p=0700.HK+news 200
2026-06-09 06:00:00,680 [INFO] primp: response: https://news.search.yahoo.com/search?p=Fed+rate+decision 200
2026-06-09 06:00:00,690 [INFO] primp: response: https://news.search.yahoo.com/search?p=GC%3DF+news 200
2026-06-09 06:00:00,693 [INFO] primp: response: https://news.search.yahoo.com/search?p=ASIA.AX+news 200
2026-06-09 06:00:00,693 [INFO] primp: response: https://news.search.yahoo.com/search?p=NDQ.AX+news 200
2026-06-09 06:00:00,817 [INFO] services.news_sources: [news_sources] rss:ft_markets → 15 items
2026-06-09 06:00:00,881 [INFO] services.news_sources: [news_sources] rss:reuters_business → 0 items
2026-06-09 06:00:01,083 [INFO] services.news_sources: [news_sources] ddgs:0700.HK news → 10 items
2026-06-09 06:00:01,106 [INFO] services.news_sources: [news_sources] ddgs:ASIA.AX news → 4 items
2026-06-09 06:00:01,106 [WARNING] services.news_sources.ddgs_news: DDGS query 'NDQ.AX news' 失败: No results found.
2026-06-09 06:00:01,106 [INFO] services.news_sources: [news_sources] ddgs:NDQ.AX news → 0 items
2026-06-09 06:00:01,116 [INFO] services.news_sources: [news_sources] ddgs:GC=F news → 11 items
2026-06-09 06:00:01,134 [INFO] services.news_sources: [news_sources] ddgs:Fed rate decision → 15 items
2026-06-09 06:00:01,528 [INFO] services.news_sources: [news_sources] rss:caixin_global → 0 items
2026-06-09 06:00:01,535 [INFO] services.news_sources: [news_sources] 总计 112 条 → 去重后 112 条
2026-06-09 06:00:01,535 [INFO] jobs.event_watch: [event_watch] fetched 112 raw items
2026-06-09 06:00:01,554 [INFO] jobs.event_watch: [event_watch] unseen=13 / total=112
2026-06-09 06:00:28,958 [INFO] httpx: HTTP Request: POST https://token-plan-cn.xiaomimimo.com/v1/chat/completions "HTTP/1.1 200 OK"
2026-06-09 06:00:28,964 [INFO] jobs.event_watch: [event_watch] normalized 13 events
2026-06-09 06:00:28,979 [INFO] jobs.event_watch: [event_watch] triggerable=0
2026-06-09 06:00:28,980 [INFO] scheduler.runner: [event_watch] 成功
2026-06-09 06:00:28,987 [INFO] apscheduler.executors.default: Job "event_watch (trigger: cron[month='*', day='*', day_of_week='1-5', hour='0-7', minute='*/30'], next run at: 2026-06-09 06:30:00 CST)" executed successfully
2026-06-09 06:30:00,000 [INFO] apscheduler.executors.default: Running job "event_watch (trigger: cron[month='*', day='*', day_of_week='1-5', hour='0-7', minute='*/30'], next run at: 2026-06-09 07:00:00 CST)" (scheduled at 2026-06-09 06:30:00+08:00)
2026-06-09 06:30:00,000 [INFO] scheduler.runner: [event_watch] 启动 (started=2026-06-09T06:30:00+08:00)
2026-06-09 06:30:00,002 [INFO] jobs.event_watch: [event_watch] watched=['GC=F', 'ASIA.AX', '0700.HK', 'NDQ.AX'], queries=5
2026-06-09 06:30:00,076 [INFO] primp: response: https://duckduckgo.com/?q=ASIA.AX+news 200
2026-06-09 06:30:00,179 [INFO] services.news_sources: [news_sources] yfinance:ASIA.AX → 0 items
2026-06-09 06:30:00,204 [INFO] services.news_sources: [news_sources] yfinance:0700.HK → 10 items
2026-06-09 06:30:00,245 [INFO] services.news_sources: [news_sources] yfinance:GC=F → 10 items
2026-06-09 06:30:00,246 [INFO] services.news_sources: [news_sources] yfinance:NDQ.AX → 0 items
2026-06-09 06:30:00,288 [INFO] primp: response: https://duckduckgo.com/news.js?l=wt-wt&o=json&noamp=1&q=ASIA.AX+news&vqd=4-124687662495413461513820332783970337455&p=-2 200
2026-06-09 06:30:00,357 [INFO] primp: response: https://duckduckgo.com/?q=0700.HK+news 200
2026-06-09 06:30:00,375 [INFO] primp: response: https://duckduckgo.com/news.js?l=wt-wt&o=json&noamp=1&q=0700.HK+news&vqd=4-336185809134193879023773198289525210829&p=-2 403
2026-06-09 06:30:00,386 [INFO] primp: response: https://www.bing.com/news/infinitescrollajax?q=NDQ.AX+news&InfiniteScroll=1&first=11&SFX=1&cc=wt&setlang=wt 200
2026-06-09 06:30:00,392 [INFO] primp: response: https://www.bing.com/news/infinitescrollajax?q=0700.HK+news&InfiniteScroll=1&first=11&SFX=1&cc=wt&setlang=wt 200
2026-06-09 06:30:00,401 [INFO] primp: response: https://www.bing.com/news/infinitescrollajax?q=GC%3DF+news&InfiniteScroll=1&first=11&SFX=1&cc=wt&setlang=wt 200
2026-06-09 06:30:00,455 [INFO] services.news_sources: [news_sources] rss:bbc_business → 15 items
2026-06-09 06:30:00,477 [INFO] primp: response: https://www.bing.com/news/infinitescrollajax?q=Fed+rate+decision&InfiniteScroll=1&first=11&SFX=1&cc=wt&setlang=wt 200
2026-06-09 06:30:00,487 [INFO] services.news_sources: [news_sources] rss:yahoo_finance_headline → 15 items
2026-06-09 06:30:00,604 [INFO] primp: response: https://news.search.yahoo.com/search?p=NDQ.AX+news 200
2026-06-09 06:30:00,609 [INFO] primp: response: https://news.search.yahoo.com/search?p=0700.HK+news 200
2026-06-09 06:30:00,612 [INFO] primp: response: https://news.search.yahoo.com/search?p=Fed+rate+decision 200
2026-06-09 06:30:00,619 [INFO] primp: response: https://news.search.yahoo.com/search?p=ASIA.AX+news 200
2026-06-09 06:30:00,619 [INFO] primp: response: https://news.search.yahoo.com/search?p=GC%3DF+news 200
2026-06-09 06:30:00,695 [INFO] services.news_sources: [news_sources] rss:seeking_alpha_market → 7 items
2026-06-09 06:30:00,907 [INFO] services.news_sources: [news_sources] rss:reuters_business → 0 items
2026-06-09 06:30:00,916 [INFO] services.news_sources: [news_sources] rss:ft_markets → 15 items
2026-06-09 06:30:01,004 [INFO] services.news_sources: [news_sources] ddgs:0700.HK news → 10 items
2026-06-09 06:30:01,018 [INFO] services.news_sources: [news_sources] ddgs:Fed rate decision → 15 items
2026-06-09 06:30:01,056 [INFO] services.news_sources: [news_sources] ddgs:GC=F news → 11 items
2026-06-09 06:30:01,072 [INFO] primp: response: https://duckduckgo.com/?q=NDQ.AX+news 200
2026-06-09 06:30:01,092 [INFO] primp: response: https://duckduckgo.com/news.js?l=wt-wt&o=json&noamp=1&q=NDQ.AX+news&vqd=4-202385129595340303928180846043583137253&p=-2 403
2026-06-09 06:30:01,092 [WARNING] services.news_sources.ddgs_news: DDGS query 'NDQ.AX news' 失败: No results found.
2026-06-09 06:30:01,092 [INFO] services.news_sources: [news_sources] ddgs:NDQ.AX news → 0 items
2026-06-09 06:30:01,237 [INFO] services.news_sources: [news_sources] rss:caixin_global → 0 items
2026-06-09 06:30:01,294 [INFO] primp: response: https://www.bing.com/news/infinitescrollajax?q=ASIA.AX+news&InfiniteScroll=1&first=11&SFX=1&cc=wt&setlang=wt 200
2026-06-09 06:30:01,296 [INFO] services.news_sources: [news_sources] ddgs:ASIA.AX news → 4 items
2026-06-09 06:30:01,301 [INFO] services.news_sources: [news_sources] 总计 112 条 → 去重后 112 条
2026-06-09 06:30:01,301 [INFO] jobs.event_watch: [event_watch] fetched 112 raw items
2026-06-09 06:30:01,320 [INFO] jobs.event_watch: [event_watch] unseen=12 / total=112
2026-06-09 06:30:24,152 [INFO] httpx: HTTP Request: POST https://token-plan-cn.xiaomimimo.com/v1/chat/completions "HTTP/1.1 200 OK"
2026-06-09 06:30:24,157 [INFO] jobs.event_watch: [event_watch] normalized 12 events
2026-06-09 06:30:24,171 [INFO] jobs.event_watch: [event_watch] triggerable=0
2026-06-09 06:30:24,172 [INFO] scheduler.runner: [event_watch] 成功
2026-06-09 06:30:24,179 [INFO] apscheduler.executors.default: Job "event_watch (trigger: cron[month='*', day='*', day_of_week='1-5', hour='0-7', minute='*/30'], next run at: 2026-06-09 07:00:00 CST)" executed successfully
2026-06-09 07:00:00,000 [INFO] apscheduler.executors.default: Running job "event_watch (trigger: cron[month='*', day='*', day_of_week='1-5', hour='0-7', minute='*/30'], next run at: 2026-06-09 07:30:00 CST)" (scheduled at 2026-06-09 07:00:00+08:00)
2026-06-09 07:00:00,000 [INFO] scheduler.runner: [event_watch] 启动 (started=2026-06-09T07:00:00+08:00)
2026-06-09 07:00:00,002 [INFO] jobs.event_watch: [event_watch] watched=['GC=F', 'ASIA.AX', '0700.HK', 'NDQ.AX'], queries=5
2026-06-09 07:00:00,080 [INFO] primp: response: https://duckduckgo.com/?q=Fed+rate+decision 200
2026-06-09 07:00:00,081 [INFO] primp: response: https://duckduckgo.com/?q=ASIA.AX+news 200
2026-06-09 07:00:00,082 [INFO] primp: response: https://duckduckgo.com/?q=GC%3DF+news 200
2026-06-09 07:00:00,101 [INFO] primp: response: https://duckduckgo.com/news.js?l=wt-wt&o=json&noamp=1&q=ASIA.AX+news&vqd=4-124685432698007594240320335178585911487&p=-2 403
2026-06-09 07:00:00,102 [INFO] primp: response: https://duckduckgo.com/news.js?l=wt-wt&o=json&noamp=1&q=Fed+rate+decision&vqd=4-203785615572714433077246755587004051174&p=-2 403
2026-06-09 07:00:00,178 [INFO] services.news_sources: [news_sources] yfinance:ASIA.AX → 0 items
2026-06-09 07:00:00,184 [INFO] primp: response: https://www.bing.com/news/infinitescrollajax?q=NDQ.AX+news&InfiniteScroll=1&first=11&SFX=1&cc=wt&setlang=wt 200
2026-06-09 07:00:00,220 [INFO] services.news_sources: [news_sources] yfinance:GC=F → 10 items
2026-06-09 07:00:00,223 [INFO] services.news_sources: [news_sources] yfinance:0700.HK → 10 items
2026-06-09 07:00:00,236 [INFO] primp: response: https://www.bing.com/news/infinitescrollajax?q=0700.HK+news&InfiniteScroll=1&first=11&SFX=1&cc=wt&setlang=wt 200
2026-06-09 07:00:00,291 [INFO] services.news_sources: [news_sources] yfinance:NDQ.AX → 0 items
2026-06-09 07:00:00,305 [INFO] primp: response: https://duckduckgo.com/news.js?l=wt-wt&o=json&noamp=1&q=GC%3DF+news&vqd=4-303872198666006201848346854209622639201&p=-2 200
2026-06-09 07:00:00,311 [INFO] primp: response: https://news.search.yahoo.com/search?p=Fed+rate+decision 200
2026-06-09 07:00:00,314 [INFO] primp: response: https://news.search.yahoo.com/search?p=GC%3DF+news 200
2026-06-09 07:00:00,314 [INFO] primp: response: https://news.search.yahoo.com/search?p=0700.HK+news 200
2026-06-09 07:00:00,339 [INFO] primp: response: https://news.search.yahoo.com/search?p=NDQ.AX+news 200
2026-06-09 07:00:00,350 [INFO] primp: response: https://www.bing.com/news/infinitescrollajax?q=ASIA.AX+news&InfiniteScroll=1&first=11&SFX=1&cc=wt&setlang=wt 200
2026-06-09 07:00:00,405 [INFO] primp: response: https://news.search.yahoo.com/search?p=ASIA.AX+news 200
2026-06-09 07:00:00,482 [INFO] services.news_sources: [news_sources] rss:bbc_business → 15 items
2026-06-09 07:00:00,508 [INFO] services.news_sources: [news_sources] rss:yahoo_finance_headline → 15 items
2026-06-09 07:00:00,594 [INFO] services.news_sources: [news_sources] rss:seeking_alpha_market → 7 items
2026-06-09 07:00:00,693 [INFO] services.news_sources: [news_sources] ddgs:GC=F news → 11 items
2026-06-09 07:00:00,768 [INFO] primp: response: https://duckduckgo.com/?q=0700.HK+news 200
2026-06-09 07:00:00,794 [INFO] services.news_sources: [news_sources] ddgs:ASIA.AX news → 4 items
2026-06-09 07:00:00,852 [INFO] primp: response: https://duckduckgo.com/?q=NDQ.AX+news 200
2026-06-09 07:00:00,872 [INFO] primp: response: https://duckduckgo.com/news.js?l=wt-wt&o=json&noamp=1&q=NDQ.AX+news&vqd=4-202382899797933964418032345969398298613&p=-2 403
2026-06-09 07:00:00,872 [WARNING] services.news_sources.ddgs_news: DDGS query 'NDQ.AX news' 失败: No results found.
2026-06-09 07:00:00,872 [INFO] services.news_sources: [news_sources] ddgs:NDQ.AX news → 0 items
2026-06-09 07:00:00,956 [INFO] services.news_sources: [news_sources] rss:ft_markets → 15 items
2026-06-09 07:00:00,974 [INFO] primp: response: https://duckduckgo.com/news.js?l=wt-wt&o=json&noamp=1&q=0700.HK+news&vqd=4-336188120061238180383716844489994833117&p=-2 200
2026-06-09 07:00:00,974 [INFO] services.news_sources: [news_sources] ddgs:0700.HK news → 10 items
2026-06-09 07:00:00,994 [INFO] primp: response: https://www.bing.com/news/infinitescrollajax?q=Fed+rate+decision&InfiniteScroll=1&first=11&SFX=1&cc=wt&setlang=wt 200
2026-06-09 07:00:00,997 [INFO] services.news_sources: [news_sources] ddgs:Fed rate decision → 15 items
2026-06-09 07:00:01,186 [INFO] services.news_sources: [news_sources] rss:reuters_business → 0 items
2026-06-09 07:00:01,203 [INFO] services.news_sources: [news_sources] rss:caixin_global → 0 items
2026-06-09 07:00:01,208 [INFO] services.news_sources: [news_sources] 总计 112 条 → 去重后 112 条
2026-06-09 07:00:01,208 [INFO] jobs.event_watch: [event_watch] fetched 112 raw items
2026-06-09 07:00:01,226 [INFO] jobs.event_watch: [event_watch] unseen=8 / total=112
2026-06-09 07:00:20,914 [INFO] httpx: HTTP Request: POST https://token-plan-cn.xiaomimimo.com/v1/chat/completions "HTTP/1.1 200 OK"
2026-06-09 07:00:20,922 [INFO] jobs.event_watch: [event_watch] normalized 8 events
2026-06-09 07:00:20,941 [INFO] jobs.event_watch: [event_watch] triggerable=0
2026-06-09 07:00:20,942 [INFO] scheduler.runner: [event_watch] 成功
2026-06-09 07:00:20,949 [INFO] apscheduler.executors.default: Job "event_watch (trigger: cron[month='*', day='*', day_of_week='1-5', hour='0-7', minute='*/30'], next run at: 2026-06-09 07:30:00 CST)" executed successfully
2026-06-09 07:30:00,000 [INFO] apscheduler.executors.default: Running job "event_watch (trigger: cron[month='*', day='*', day_of_week='1-5', hour='0-7', minute='*/30'], next run at: 2026-06-10 00:00:00 CST)" (scheduled at 2026-06-09 07:30:00+08:00)
2026-06-09 07:30:00,001 [INFO] scheduler.runner: [event_watch] 启动 (started=2026-06-09T07:30:00+08:00)
2026-06-09 07:30:00,002 [INFO] jobs.event_watch: [event_watch] watched=['GC=F', 'ASIA.AX', '0700.HK', 'NDQ.AX'], queries=5
2026-06-09 07:30:00,077 [INFO] primp: response: https://duckduckgo.com/?q=Fed+rate+decision 200
2026-06-09 07:30:00,095 [INFO] primp: response: https://duckduckgo.com/news.js?l=wt-wt&o=json&noamp=1&q=Fed+rate+decision&vqd=4-203785615572714433077246755587004051174&p=-2 403
2026-06-09 07:30:00,169 [INFO] primp: response: https://duckduckgo.com/?q=NDQ.AX+news 200
2026-06-09 07:30:00,195 [INFO] services.news_sources: [news_sources] yfinance:ASIA.AX → 0 items
2026-06-09 07:30:00,208 [INFO] services.news_sources: [news_sources] yfinance:0700.HK → 10 items
2026-06-09 07:30:00,211 [INFO] services.news_sources: [news_sources] yfinance:GC=F → 10 items
2026-06-09 07:30:00,260 [INFO] services.news_sources: [news_sources] yfinance:NDQ.AX → 0 items
2026-06-09 07:30:00,284 [INFO] primp: response: https://www.bing.com/news/infinitescrollajax?q=NDQ.AX+news&InfiniteScroll=1&first=11&SFX=1&cc=wt&setlang=wt 200
2026-06-09 07:30:00,310 [INFO] primp: response: https://www.bing.com/news/infinitescrollajax?q=ASIA.AX+news&InfiniteScroll=1&first=11&SFX=1&cc=wt&setlang=wt 200
2026-06-09 07:30:00,317 [INFO] primp: response: https://www.bing.com/news/infinitescrollajax?q=GC%3DF+news&InfiniteScroll=1&first=11&SFX=1&cc=wt&setlang=wt 200
2026-06-09 07:30:00,368 [INFO] primp: response: https://duckduckgo.com/?q=0700.HK+news 200
2026-06-09 07:30:00,376 [INFO] primp: response: https://news.search.yahoo.com/search?p=GC%3DF+news 200
2026-06-09 07:30:00,377 [INFO] primp: response: https://news.search.yahoo.com/search?p=0700.HK+news 200
2026-06-09 07:30:00,378 [INFO] primp: response: https://news.search.yahoo.com/search?p=Fed+rate+decision 200
2026-06-09 07:30:00,381 [INFO] primp: response: https://news.search.yahoo.com/search?p=ASIA.AX+news 200
2026-06-09 07:30:00,387 [INFO] primp: response: https://duckduckgo.com/news.js?l=wt-wt&o=json&noamp=1&q=NDQ.AX+news&vqd=4-202382899797933964418032345969398298613&p=-2 200
2026-06-09 07:30:00,451 [INFO] primp: response: https://news.search.yahoo.com/search?p=NDQ.AX+news 200
2026-06-09 07:30:00,460 [INFO] services.news_sources: [news_sources] rss:bbc_business → 15 items
2026-06-09 07:30:00,488 [INFO] services.news_sources: [news_sources] rss:yahoo_finance_headline → 15 items
2026-06-09 07:30:00,666 [INFO] services.news_sources: [news_sources] rss:seeking_alpha_market → 7 items
2026-06-09 07:30:00,708 [INFO] primp: response: https://duckduckgo.com/news.js?l=wt-wt&o=json&noamp=1&q=0700.HK+news&vqd=4-336188120061238180383716844489994833117&p=-2 200
2026-06-09 07:30:00,751 [INFO] services.news_sources: [news_sources] ddgs:GC=F news → 11 items
2026-06-09 07:30:00,767 [INFO] services.news_sources: [news_sources] ddgs:ASIA.AX news → 4 items
2026-06-09 07:30:00,818 [INFO] services.news_sources: [news_sources] rss:ft_markets → 15 items
2026-06-09 07:30:00,897 [WARNING] services.news_sources.ddgs_news: DDGS query 'NDQ.AX news' 失败: No results found.
2026-06-09 07:30:00,897 [INFO] services.news_sources: [news_sources] ddgs:NDQ.AX news → 0 items
2026-06-09 07:30:01,095 [INFO] services.news_sources: [news_sources] rss:reuters_business → 0 items
2026-06-09 07:30:01,108 [INFO] primp: response: https://www.bing.com/news/infinitescrollajax?q=0700.HK+news&InfiniteScroll=1&first=11&SFX=1&cc=wt&setlang=wt 200
2026-06-09 07:30:01,112 [INFO] services.news_sources: [news_sources] ddgs:0700.HK news → 10 items
2026-06-09 07:30:01,142 [INFO] services.news_sources: [news_sources] rss:caixin_global → 0 items
2026-06-09 07:30:01,270 [INFO] primp: response: https://www.bing.com/news/infinitescrollajax?q=Fed+rate+decision&InfiniteScroll=1&first=11&SFX=1&cc=wt&setlang=wt 200
2026-06-09 07:30:01,290 [INFO] services.news_sources: [news_sources] ddgs:Fed rate decision → 15 items
2026-06-09 07:30:01,295 [INFO] services.news_sources: [news_sources] 总计 112 条 → 去重后 112 条
2026-06-09 07:30:01,295 [INFO] jobs.event_watch: [event_watch] fetched 112 raw items
2026-06-09 07:30:01,314 [INFO] jobs.event_watch: [event_watch] unseen=17 / total=112
2026-06-09 07:30:33,224 [INFO] httpx: HTTP Request: POST https://token-plan-cn.xiaomimimo.com/v1/chat/completions "HTTP/1.1 200 OK"
2026-06-09 07:30:33,231 [INFO] jobs.event_watch: [event_watch] normalized 17 events
2026-06-09 07:30:33,263 [INFO] jobs.event_watch: [event_watch] triggerable=0
2026-06-09 07:30:33,263 [INFO] scheduler.runner: [event_watch] 成功
2026-06-09 07:30:33,269 [INFO] apscheduler.executors.default: Job "event_watch (trigger: cron[month='*', day='*', day_of_week='1-5', hour='0-7', minute='*/30'], next run at: 2026-06-10 00:00:00 CST)" executed successfully
2026-06-09 09:00:00,000 [INFO] apscheduler.executors.default: Running job "pnl_snapshot (trigger: cron[month='*', day='*', day_of_week='1-5', hour='9-23/2', minute='0'], next run at: 2026-06-09 11:00:00 CST)" (scheduled at 2026-06-09 09:00:00+08:00)
2026-06-09 09:00:00,000 [INFO] scheduler.runner: [pnl_snapshot] 启动 (started=2026-06-09T09:00:00+08:00)
2026-06-09 09:00:00,382 [WARNING] jobs.pnl_snapshot: benchmark series 拉失败，跳过 outperform 事件: get_all_series() missing 1 required positional argument: 'start_date'
2026-06-09 09:00:03,527 [INFO] scheduler.runner: [pnl_snapshot] 成功
2026-06-09 09:00:03,534 [INFO] apscheduler.executors.default: Job "pnl_snapshot (trigger: cron[month='*', day='*', day_of_week='1-5', hour='9-23/2', minute='0'], next run at: 2026-06-09 11:00:00 CST)" executed successfully
2026-06-09 10:00:00,000 [INFO] apscheduler.executors.default: Running job "daily_report (trigger: cron[month='*', day='*', day_of_week='*', hour='10', minute='0'], next run at: 2026-06-10 10:00:00 CST)" (scheduled at 2026-06-09 10:00:00+08:00)
2026-06-09 10:00:00,000 [INFO] scheduler.runner: [daily_report] 启动 (started=2026-06-09T10:00:00+08:00)
2026-06-09 10:00:00,421 [INFO] jobs.daily_report: run_committee_session 跑 4 资产...
2026-06-09 10:00:19,579 [INFO] httpx: HTTP Request: POST https://token-plan-cn.xiaomimimo.com/v1/chat/completions "HTTP/1.1 200 OK"
2026-06-09 10:00:43,722 [INFO] httpx: HTTP Request: POST https://token-plan-cn.xiaomimimo.com/v1/chat/completions "HTTP/1.1 200 OK"
2026-06-09 10:01:02,705 [INFO] httpx: HTTP Request: POST https://token-plan-cn.xiaomimimo.com/v1/chat/completions "HTTP/1.1 200 OK"
2026-06-09 10:01:07,493 [INFO] httpx: HTTP Request: POST https://token-plan-cn.xiaomimimo.com/v1/chat/completions "HTTP/1.1 200 OK"
2026-06-09 10:01:13,745 [INFO] httpx: HTTP Request: POST https://token-plan-cn.xiaomimimo.com/v1/chat/completions "HTTP/1.1 200 OK"
2026-06-09 10:01:33,943 [INFO] httpx: HTTP Request: POST https://token-plan-cn.xiaomimimo.com/v1/chat/completions "HTTP/1.1 200 OK"
2026-06-09 10:01:59,056 [INFO] httpx: HTTP Request: POST https://token-plan-cn.xiaomimimo.com/v1/chat/completions "HTTP/1.1 200 OK"
2026-06-09 10:01:59,727 [INFO] httpx: HTTP Request: POST https://token-plan-cn.xiaomimimo.com/v1/chat/completions "HTTP/1.1 200 OK"
2026-06-09 10:02:10,369 [INFO] httpx: HTTP Request: POST https://token-plan-cn.xiaomimimo.com/v1/chat/completions "HTTP/1.1 200 OK"
2026-06-09 10:02:19,699 [INFO] httpx: HTTP Request: POST https://token-plan-cn.xiaomimimo.com/v1/chat/completions "HTTP/1.1 200 OK"
2026-06-09 10:02:23,547 [INFO] httpx: HTTP Request: POST https://token-plan-cn.xiaomimimo.com/v1/chat/completions "HTTP/1.1 200 OK"
2026-06-09 10:02:26,284 [INFO] httpx: HTTP Request: POST https://token-plan-cn.xiaomimimo.com/v1/chat/completions "HTTP/1.1 200 OK"
2026-06-09 10:02:29,839 [INFO] httpx: HTTP Request: POST https://token-plan-cn.xiaomimimo.com/v1/chat/completions "HTTP/1.1 200 OK"
2026-06-09 10:02:32,204 [INFO] httpx: HTTP Request: POST https://token-plan-cn.xiaomimimo.com/v1/chat/completions "HTTP/1.1 200 OK"
2026-06-09 10:02:33,262 [INFO] httpx: HTTP Request: POST https://token-plan-cn.xiaomimimo.com/v1/chat/completions "HTTP/1.1 200 OK"
2026-06-09 10:02:34,691 [INFO] httpx: HTTP Request: POST https://token-plan-cn.xiaomimimo.com/v1/chat/completions "HTTP/1.1 200 OK"
2026-06-09 10:02:46,743 [INFO] httpx: HTTP Request: POST https://token-plan-cn.xiaomimimo.com/v1/chat/completions "HTTP/1.1 200 OK"
2026-06-09 10:02:47,571 [INFO] httpx: HTTP Request: POST https://token-plan-cn.xiaomimimo.com/v1/chat/completions "HTTP/1.1 200 OK"
2026-06-09 10:02:48,110 [INFO] httpx: HTTP Request: POST https://token-plan-cn.xiaomimimo.com/v1/chat/completions "HTTP/1.1 200 OK"
2026-06-09 10:02:51,479 [INFO] httpx: HTTP Request: POST https://token-plan-cn.xiaomimimo.com/v1/chat/completions "HTTP/1.1 200 OK"
2026-06-09 10:02:58,090 [INFO] httpx: HTTP Request: POST https://token-plan-cn.xiaomimimo.com/v1/chat/completions "HTTP/1.1 200 OK"
2026-06-09 10:03:25,872 [INFO] httpx: HTTP Request: POST https://token-plan-cn.xiaomimimo.com/v1/chat/completions "HTTP/1.1 200 OK"
2026-06-09 10:03:30,364 [INFO] httpx: HTTP Request: POST https://token-plan-cn.xiaomimimo.com/v1/chat/completions "HTTP/1.1 200 OK"
2026-06-09 10:03:41,689 [INFO] httpx: HTTP Request: POST https://token-plan-cn.xiaomimimo.com/v1/chat/completions "HTTP/1.1 200 OK"
2026-06-09 10:03:47,970 [INFO] httpx: HTTP Request: POST https://token-plan-cn.xiaomimimo.com/v1/chat/completions "HTTP/1.1 200 OK"
2026-06-09 10:03:49,087 [INFO] httpx: HTTP Request: POST https://token-plan-cn.xiaomimimo.com/v1/chat/completions "HTTP/1.1 200 OK"
2026-06-09 10:04:04,090 [INFO] httpx: HTTP Request: POST https://token-plan-cn.xiaomimimo.com/v1/chat/completions "HTTP/1.1 200 OK"
2026-06-09 10:04:54,214 [INFO] httpx: HTTP Request: POST https://token-plan-cn.xiaomimimo.com/v1/chat/completions "HTTP/1.1 200 OK"
2026-06-09 10:05:05,207 [INFO] httpx: HTTP Request: POST https://token-plan-cn.xiaomimimo.com/v1/chat/completions "HTTP/1.1 200 OK"
2026-06-09 10:07:54,099 [INFO] httpx: HTTP Request: POST https://token-plan-cn.xiaomimimo.com/v1/chat/completions "HTTP/1.1 200 OK"
2026-06-09 10:07:54,223 [WARNING] core.committee: parse_cio_memo: SOLVENCY=strong + TRIM(concentration) → 强制 HOLD（兜底充足，集中度不触发减仓）
2026-06-09 10:07:54,519 [INFO] jobs.daily_report:   NDQ.AX: HOLD (conf 0.70, dom macro, alloc ¥0)
2026-06-09 10:07:54,519 [INFO] jobs.daily_report:   GC=F: HOLD (conf 0.40, dom risk, alloc ¥0)
2026-06-09 10:07:54,519 [INFO] jobs.daily_report:   ASIA.AX: ACCUMULATE (conf 0.50, dom macro, alloc ¥1500)
2026-06-09 10:07:54,520 [INFO] jobs.daily_report:   0700.HK: ACCUMULATE (conf 0.50, dom risk, alloc ¥1500)
2026-06-09 10:07:54,757 [INFO] jobs.daily_report: [Gemini CLI] 正在生成第二意见...
2026-06-09 10:07:57,971 [INFO] scheduler.runner: [daily_report] 成功
2026-06-09 10:07:57,979 [INFO] apscheduler.executors.default: Job "daily_report (trigger: cron[month='*', day='*', day_of_week='*', hour='10', minute='0'], next run at: 2026-06-10 10:00:00 CST)" executed successfully
2026-06-09 11:00:00,000 [INFO] apscheduler.executors.default: Running job "pnl_snapshot (trigger: cron[month='*', day='*', day_of_week='1-5', hour='9-23/2', minute='0'], next run at: 2026-06-09 13:00:00 CST)" (scheduled at 2026-06-09 11:00:00+08:00)
2026-06-09 11:00:00,000 [INFO] scheduler.runner: [pnl_snapshot] 启动 (started=2026-06-09T11:00:00+08:00)
2026-06-09 11:00:00,135 [WARNING] jobs.pnl_snapshot: benchmark series 拉失败，跳过 outperform 事件: get_all_series() missing 1 required positional argument: 'start_date'
2026-06-09 11:00:02,298 [INFO] scheduler.runner: [pnl_snapshot] 成功
2026-06-09 11:00:02,307 [INFO] apscheduler.executors.default: Job "pnl_snapshot (trigger: cron[month='*', day='*', day_of_week='1-5', hour='9-23/2', minute='0'], next run at: 2026-06-09 13:00:00 CST)" executed successfully
2026-06-09 13:00:00,000 [INFO] apscheduler.executors.default: Running job "pnl_snapshot (trigger: cron[month='*', day='*', day_of_week='1-5', hour='9-23/2', minute='0'], next run at: 2026-06-09 15:00:00 CST)" (scheduled at 2026-06-09 13:00:00+08:00)
2026-06-09 13:00:00,000 [INFO] scheduler.runner: [pnl_snapshot] 启动 (started=2026-06-09T13:00:00+08:00)
2026-06-09 13:00:00,200 [WARNING] jobs.pnl_snapshot: benchmark series 拉失败，跳过 outperform 事件: get_all_series() missing 1 required positional argument: 'start_date'
2026-06-09 13:00:02,678 [INFO] scheduler.runner: [pnl_snapshot] 成功
2026-06-09 13:00:02,686 [INFO] apscheduler.executors.default: Job "pnl_snapshot (trigger: cron[month='*', day='*', day_of_week='1-5', hour='9-23/2', minute='0'], next run at: 2026-06-09 15:00:00 CST)" executed successfully
2026-06-09 15:00:00,000 [INFO] apscheduler.executors.default: Running job "pnl_snapshot (trigger: cron[month='*', day='*', day_of_week='1-5', hour='9-23/2', minute='0'], next run at: 2026-06-09 17:00:00 CST)" (scheduled at 2026-06-09 15:00:00+08:00)
2026-06-09 15:00:00,001 [INFO] scheduler.runner: [pnl_snapshot] 启动 (started=2026-06-09T15:00:00+08:00)
2026-06-09 15:00:00,134 [WARNING] jobs.pnl_snapshot: benchmark series 拉失败，跳过 outperform 事件: get_all_series() missing 1 required positional argument: 'start_date'
2026-06-09 15:00:03,435 [INFO] scheduler.runner: [pnl_snapshot] 成功
2026-06-09 15:00:03,444 [INFO] apscheduler.executors.default: Job "pnl_snapshot (trigger: cron[month='*', day='*', day_of_week='1-5', hour='9-23/2', minute='0'], next run at: 2026-06-09 17:00:00 CST)" executed successfully
2026-06-09 17:00:00,000 [INFO] apscheduler.executors.default: Running job "pnl_snapshot (trigger: cron[month='*', day='*', day_of_week='1-5', hour='9-23/2', minute='0'], next run at: 2026-06-09 19:00:00 CST)" (scheduled at 2026-06-09 17:00:00+08:00)
2026-06-09 17:00:00,000 [INFO] scheduler.runner: [pnl_snapshot] 启动 (started=2026-06-09T17:00:00+08:00)
2026-06-09 17:00:00,192 [WARNING] jobs.pnl_snapshot: benchmark series 拉失败，跳过 outperform 事件: get_all_series() missing 1 required positional argument: 'start_date'
2026-06-09 17:00:03,377 [INFO] scheduler.runner: [pnl_snapshot] 成功
2026-06-09 17:00:03,384 [INFO] apscheduler.executors.default: Job "pnl_snapshot (trigger: cron[month='*', day='*', day_of_week='1-5', hour='9-23/2', minute='0'], next run at: 2026-06-09 19:00:00 CST)" executed successfully
2026-06-09 19:00:00,000 [INFO] apscheduler.executors.default: Running job "pnl_snapshot (trigger: cron[month='*', day='*', day_of_week='1-5', hour='9-23/2', minute='0'], next run at: 2026-06-09 21:00:00 CST)" (scheduled at 2026-06-09 19:00:00+08:00)
2026-06-09 19:00:00,000 [INFO] scheduler.runner: [pnl_snapshot] 启动 (started=2026-06-09T19:00:00+08:00)
2026-06-09 19:00:00,313 [WARNING] jobs.pnl_snapshot: benchmark series 拉失败，跳过 outperform 事件: get_all_series() missing 1 required positional argument: 'start_date'
2026-06-09 19:00:02,993 [INFO] scheduler.runner: [pnl_snapshot] 成功
2026-06-09 19:00:03,004 [INFO] apscheduler.executors.default: Job "pnl_snapshot (trigger: cron[month='*', day='*', day_of_week='1-5', hour='9-23/2', minute='0'], next run at: 2026-06-09 21:00:00 CST)" executed successfully
2026-06-09 21:00:00,000 [INFO] apscheduler.executors.default: Running job "pnl_snapshot (trigger: cron[month='*', day='*', day_of_week='1-5', hour='9-23/2', minute='0'], next run at: 2026-06-09 23:00:00 CST)" (scheduled at 2026-06-09 21:00:00+08:00)
2026-06-09 21:00:00,000 [INFO] scheduler.runner: [pnl_snapshot] 启动 (started=2026-06-09T21:00:00+08:00)
2026-06-09 21:00:00,187 [WARNING] jobs.pnl_snapshot: benchmark series 拉失败，跳过 outperform 事件: get_all_series() missing 1 required positional argument: 'start_date'
2026-06-09 21:00:02,670 [INFO] scheduler.runner: [pnl_snapshot] 成功
2026-06-09 21:00:02,679 [INFO] apscheduler.executors.default: Job "pnl_snapshot (trigger: cron[month='*', day='*', day_of_week='1-5', hour='9-23/2', minute='0'], next run at: 2026-06-09 23:00:00 CST)" executed successfully
2026-06-09 23:00:00,000 [INFO] apscheduler.executors.default: Running job "pnl_snapshot (trigger: cron[month='*', day='*', day_of_week='1-5', hour='9-23/2', minute='0'], next run at: 2026-06-10 09:00:00 CST)" (scheduled at 2026-06-09 23:00:00+08:00)
2026-06-09 23:00:00,001 [INFO] scheduler.runner: [pnl_snapshot] 启动 (started=2026-06-09T23:00:00+08:00)
2026-06-09 23:00:00,192 [WARNING] jobs.pnl_snapshot: benchmark series 拉失败，跳过 outperform 事件: get_all_series() missing 1 required positional argument: 'start_date'
2026-06-09 23:00:02,932 [INFO] scheduler.runner: [pnl_snapshot] 成功
2026-06-09 23:00:02,942 [INFO] apscheduler.executors.default: Job "pnl_snapshot (trigger: cron[month='*', day='*', day_of_week='1-5', hour='9-23/2', minute='0'], next run at: 2026-06-10 09:00:00 CST)" executed successfully
2026-06-10 00:00:00,000 [INFO] apscheduler.executors.default: Running job "event_watch (trigger: cron[month='*', day='*', day_of_week='1-5', hour='0-7', minute='*/30'], next run at: 2026-06-10 00:30:00 CST)" (scheduled at 2026-06-10 00:00:00+08:00)
2026-06-10 00:00:00,000 [INFO] scheduler.runner: [event_watch] 启动 (started=2026-06-10T00:00:00+08:00)
2026-06-10 00:00:00,002 [INFO] jobs.event_watch: [event_watch] watched=['GC=F', 'ASIA.AX', '0700.HK', 'NDQ.AX'], queries=5
2026-06-10 00:00:00,083 [INFO] primp: response: https://duckduckgo.com/?q=GC%3DF+news 200
2026-06-10 00:00:00,085 [INFO] primp: response: https://duckduckgo.com/?q=NDQ.AX+news 200
2026-06-10 00:00:00,120 [INFO] primp: response: https://duckduckgo.com/news.js?l=wt-wt&o=json&noamp=1&q=GC%3DF+news&vqd=4-303836862905508904032933269746517242769&p=-2 403
2026-06-10 00:00:00,301 [INFO] primp: response: https://www.bing.com/news/infinitescrollajax?q=Fed+rate+decision&InfiniteScroll=1&first=11&SFX=1&cc=wt&setlang=wt 200
2026-06-10 00:00:00,302 [INFO] primp: response: https://duckduckgo.com/news.js?l=wt-wt&o=json&noamp=1&q=NDQ.AX+news&vqd=4-202452657342810820173548690707088262661&p=-2 200
2026-06-10 00:00:00,305 [INFO] services.news_sources: [news_sources] yfinance:ASIA.AX → 0 items
2026-06-10 00:00:00,327 [INFO] services.news_sources: [news_sources] yfinance:GC=F → 10 items
2026-06-10 00:00:00,348 [INFO] services.news_sources: [news_sources] yfinance:0700.HK → 10 items
2026-06-10 00:00:00,363 [INFO] services.news_sources: [news_sources] yfinance:NDQ.AX → 0 items
2026-06-10 00:00:00,383 [INFO] primp: response: https://news.search.yahoo.com/search?p=ASIA.AX+news 200
2026-06-10 00:00:00,383 [INFO] primp: response: https://news.search.yahoo.com/search?p=0700.HK+news 200
2026-06-10 00:00:00,383 [INFO] primp: response: https://news.search.yahoo.com/search?p=Fed+rate+decision 200
2026-06-10 00:00:00,383 [INFO] primp: response: https://news.search.yahoo.com/search?p=GC%3DF+news 200
2026-06-10 00:00:00,383 [INFO] primp: response: https://news.search.yahoo.com/search?p=NDQ.AX+news 200
2026-06-10 00:00:00,385 [INFO] primp: response: https://www.bing.com/news/infinitescrollajax?q=ASIA.AX+news&InfiniteScroll=1&first=11&SFX=1&cc=wt&setlang=wt 200
2026-06-10 00:00:00,564 [INFO] primp: response: https://www.bing.com/news/infinitescrollajax?q=0700.HK+news&InfiniteScroll=1&first=11&SFX=1&cc=wt&setlang=wt 200
2026-06-10 00:00:00,618 [INFO] services.news_sources: [news_sources] rss:bbc_business → 15 items
2026-06-10 00:00:00,654 [INFO] services.news_sources: [news_sources] rss:yahoo_finance_headline → 15 items
2026-06-10 00:00:00,771 [INFO] services.news_sources: [news_sources] ddgs:ASIA.AX news → 4 items
2026-06-10 00:00:00,808 [INFO] services.news_sources: [news_sources] ddgs:Fed rate decision → 15 items
2026-06-10 00:00:00,866 [INFO] primp: response: https://duckduckgo.com/?q=0700.HK+news 200
2026-06-10 00:00:00,884 [INFO] services.news_sources: [news_sources] rss:ft_markets → 15 items
2026-06-10 00:00:00,889 [INFO] primp: response: https://duckduckgo.com/news.js?l=wt-wt&o=json&noamp=1&q=0700.HK+news&vqd=4-336149541650517729096394539908072340781&p=-2 403
2026-06-10 00:00:00,890 [INFO] services.news_sources: [news_sources] ddgs:0700.HK news → 10 items
2026-06-10 00:00:01,036 [INFO] services.news_sources: [news_sources] rss:seeking_alpha_market → 7 items
2026-06-10 00:00:01,070 [INFO] primp: response: https://www.bing.com/news/infinitescrollajax?q=NDQ.AX+news&InfiniteScroll=1&first=11&SFX=1&cc=wt&setlang=wt 200
2026-06-10 00:00:01,089 [WARNING] services.news_sources.ddgs_news: DDGS query 'NDQ.AX news' 失败: No results found.
2026-06-10 00:00:01,090 [INFO] services.news_sources: [news_sources] ddgs:NDQ.AX news → 0 items
2026-06-10 00:00:01,284 [INFO] primp: response: https://www.bing.com/news/infinitescrollajax?q=GC%3DF+news&InfiniteScroll=1&first=11&SFX=1&cc=wt&setlang=wt 200
2026-06-10 00:00:01,284 [INFO] services.news_sources: [news_sources] rss:reuters_business → 0 items
2026-06-10 00:00:01,285 [INFO] services.news_sources: [news_sources] ddgs:GC=F news → 11 items
2026-06-10 00:00:01,390 [INFO] services.news_sources: [news_sources] rss:caixin_global → 0 items
2026-06-10 00:00:01,396 [INFO] services.news_sources: [news_sources] 总计 112 条 → 去重后 112 条
2026-06-10 00:00:01,396 [INFO] jobs.event_watch: [event_watch] fetched 112 raw items
2026-06-10 00:00:01,422 [INFO] jobs.event_watch: [event_watch] unseen=63 / total=112
2026-06-10 00:01:19,772 [INFO] httpx: HTTP Request: POST https://token-plan-cn.xiaomimimo.com/v1/chat/completions "HTTP/1.1 200 OK"
2026-06-10 00:02:51,023 [INFO] httpx: HTTP Request: POST https://token-plan-cn.xiaomimimo.com/v1/chat/completions "HTTP/1.1 200 OK"
2026-06-10 00:03:38,240 [INFO] httpx: HTTP Request: POST https://token-plan-cn.xiaomimimo.com/v1/chat/completions "HTTP/1.1 200 OK"
2026-06-10 00:03:38,245 [INFO] jobs.event_watch: [event_watch] normalized 63 events
2026-06-10 00:03:38,335 [INFO] jobs.event_watch: [event_watch] triggerable=0
2026-06-10 00:03:38,336 [INFO] scheduler.runner: [event_watch] 成功
2026-06-10 00:03:38,342 [INFO] apscheduler.executors.default: Job "event_watch (trigger: cron[month='*', day='*', day_of_week='1-5', hour='0-7', minute='*/30'], next run at: 2026-06-10 00:30:00 CST)" executed successfully
2026-06-10 00:30:00,000 [INFO] apscheduler.executors.default: Running job "event_watch (trigger: cron[month='*', day='*', day_of_week='1-5', hour='0-7', minute='*/30'], next run at: 2026-06-10 01:00:00 CST)" (scheduled at 2026-06-10 00:30:00+08:00)
2026-06-10 00:30:00,000 [INFO] scheduler.runner: [event_watch] 启动 (started=2026-06-10T00:30:00+08:00)
2026-06-10 00:30:00,002 [INFO] jobs.event_watch: [event_watch] watched=['GC=F', 'ASIA.AX', '0700.HK', 'NDQ.AX'], queries=5
2026-06-10 00:30:00,077 [INFO] primp: response: https://duckduckgo.com/?q=GC%3DF+news 200
2026-06-10 00:30:00,095 [INFO] primp: response: https://duckduckgo.com/?q=ASIA.AX+news 200
2026-06-10 00:30:00,096 [INFO] primp: response: https://duckduckgo.com/?q=NDQ.AX+news 200
2026-06-10 00:30:00,097 [INFO] primp: response: https://duckduckgo.com/news.js?l=wt-wt&o=json&noamp=1&q=GC%3DF+news&vqd=4-303836862905508904032933269746517242769&p=-2 403
2026-06-10 00:30:00,098 [INFO] primp: response: https://duckduckgo.com/?q=Fed+rate+decision 200
2026-06-10 00:30:00,120 [INFO] services.news_sources: [news_sources] yfinance:ASIA.AX → 0 items
2026-06-10 00:30:00,120 [INFO] primp: response: https://duckduckgo.com/news.js?l=wt-wt&o=json&noamp=1&q=Fed+rate+decision&vqd=4-203708721154961304079424433701867708182&p=-2 403
2026-06-10 00:30:00,160 [INFO] services.news_sources: [news_sources] yfinance:0700.HK → 10 items
2026-06-10 00:30:00,184 [INFO] services.news_sources: [news_sources] yfinance:NDQ.AX → 0 items
2026-06-10 00:30:00,191 [INFO] services.news_sources: [news_sources] yfinance:GC=F → 10 items
2026-06-10 00:30:00,198 [INFO] primp: response: https://duckduckgo.com/?q=0700.HK+news 200
2026-06-10 00:30:00,221 [INFO] primp: response: https://duckduckgo.com/news.js?l=wt-wt&o=json&noamp=1&q=0700.HK+news&vqd=4-336149541650517729096394539908072340781&p=-2 403
2026-06-10 00:30:00,221 [INFO] services.news_sources: [news_sources] rss:bbc_business → 15 items
2026-06-10 00:30:00,248 [INFO] services.news_sources: [news_sources] rss:yahoo_finance_headline → 15 items
2026-06-10 00:30:00,296 [INFO] primp: response: https://www.bing.com/news/infinitescrollajax?q=0700.HK+news&InfiniteScroll=1&first=11&SFX=1&cc=wt&setlang=wt 200
2026-06-10 00:30:00,301 [INFO] primp: response: https://www.bing.com/news/infinitescrollajax?q=ASIA.AX+news&InfiniteScroll=1&first=11&SFX=1&cc=wt&setlang=wt 200
2026-06-10 00:30:00,305 [INFO] primp: response: https://www.bing.com/news/infinitescrollajax?q=GC%3DF+news&InfiniteScroll=1&first=11&SFX=1&cc=wt&setlang=wt 200
2026-06-10 00:30:00,311 [INFO] primp: response: https://duckduckgo.com/news.js?l=wt-wt&o=json&noamp=1&q=NDQ.AX+news&vqd=4-202452657342810820173548690707088262661&p=-2 200
2026-06-10 00:30:00,350 [INFO] primp: response: https://duckduckgo.com/news.js?l=wt-wt&o=json&noamp=1&q=ASIA.AX+news&vqd=4-124630610612495978981903204842761077071&p=-2 200
2026-06-10 00:30:00,396 [INFO] primp: response: https://news.search.yahoo.com/search?p=ASIA.AX+news 200
2026-06-10 00:30:00,399 [INFO] primp: response: https://news.search.yahoo.com/search?p=GC%3DF+news 200
2026-06-10 00:30:00,400 [INFO] primp: response: https://news.search.yahoo.com/search?p=0700.HK+news 200
2026-06-10 00:30:00,400 [INFO] primp: response: https://news.search.yahoo.com/search?p=NDQ.AX+news 200
2026-06-10 00:30:00,472 [INFO] primp: response: https://www.bing.com/news/infinitescrollajax?q=Fed+rate+decision&InfiniteScroll=1&first=11&SFX=1&cc=wt&setlang=wt 200
2026-06-10 00:30:00,472 [INFO] services.news_sources: [news_sources] rss:seeking_alpha_market → 7 items
2026-06-10 00:30:00,528 [INFO] primp: response: https://news.search.yahoo.com/search?p=Fed+rate+decision 200
2026-06-10 00:30:00,757 [INFO] services.news_sources: [news_sources] rss:caixin_global → 0 items
2026-06-10 00:30:00,825 [INFO] services.news_sources: [news_sources] ddgs:ASIA.AX news → 4 items
2026-06-10 00:30:00,936 [INFO] services.news_sources: [news_sources] rss:ft_markets → 15 items
2026-06-10 00:30:00,960 [INFO] services.news_sources: [news_sources] rss:reuters_business → 0 items
2026-06-10 00:30:00,965 [INFO] services.news_sources: [news_sources] ddgs:GC=F news → 11 items
2026-06-10 00:30:00,966 [INFO] services.news_sources: [news_sources] ddgs:0700.HK news → 10 items
2026-06-10 00:30:00,968 [INFO] services.news_sources: [news_sources] ddgs:Fed rate decision → 15 items
2026-06-10 00:30:01,048 [INFO] primp: response: https://www.bing.com/news/infinitescrollajax?q=NDQ.AX+news&InfiniteScroll=1&first=11&SFX=1&cc=wt&setlang=wt 200
2026-06-10 00:30:01,054 [WARNING] services.news_sources.ddgs_news: DDGS query 'NDQ.AX news' 失败: No results found.
2026-06-10 00:30:01,054 [INFO] services.news_sources: [news_sources] ddgs:NDQ.AX news → 0 items
2026-06-10 00:30:01,059 [INFO] services.news_sources: [news_sources] 总计 112 条 → 去重后 112 条
2026-06-10 00:30:01,059 [INFO] jobs.event_watch: [event_watch] fetched 112 raw items
2026-06-10 00:30:01,080 [INFO] jobs.event_watch: [event_watch] unseen=19 / total=112
2026-06-10 00:31:02,792 [INFO] httpx: HTTP Request: POST https://token-plan-cn.xiaomimimo.com/v1/chat/completions "HTTP/1.1 200 OK"
2026-06-10 00:31:02,800 [INFO] jobs.event_watch: [event_watch] normalized 19 events
2026-06-10 00:31:02,823 [INFO] jobs.event_watch: [event_watch] triggerable=0
2026-06-10 00:31:02,824 [INFO] scheduler.runner: [event_watch] 成功
2026-06-10 00:31:02,831 [INFO] apscheduler.executors.default: Job "event_watch (trigger: cron[month='*', day='*', day_of_week='1-5', hour='0-7', minute='*/30'], next run at: 2026-06-10 01:00:00 CST)" executed successfully
2026-06-10 01:00:00,000 [INFO] apscheduler.executors.default: Running job "event_watch (trigger: cron[month='*', day='*', day_of_week='1-5', hour='0-7', minute='*/30'], next run at: 2026-06-10 01:30:00 CST)" (scheduled at 2026-06-10 01:00:00+08:00)
2026-06-10 01:00:00,000 [INFO] scheduler.runner: [event_watch] 启动 (started=2026-06-10T01:00:00+08:00)
2026-06-10 01:00:00,002 [INFO] jobs.event_watch: [event_watch] watched=['GC=F', 'ASIA.AX', '0700.HK', 'NDQ.AX'], queries=5
2026-06-10 01:00:00,085 [INFO] primp: response: https://duckduckgo.com/?q=Fed+rate+decision 200
2026-06-10 01:00:00,091 [INFO] primp: response: https://duckduckgo.com/?q=NDQ.AX+news 200
2026-06-10 01:00:00,109 [INFO] primp: response: https://duckduckgo.com/news.js?l=wt-wt&o=json&noamp=1&q=Fed+rate+decision&vqd=4-203707464913216354827411216091907825926&p=-2 403
2026-06-10 01:00:00,113 [INFO] primp: response: https://duckduckgo.com/news.js?l=wt-wt&o=json&noamp=1&q=NDQ.AX+news&vqd=4-202450427545404480663400181836810401813&p=-2 403
2026-06-10 01:00:00,226 [INFO] primp: response: https://www.bing.com/news/infinitescrollajax?q=0700.HK+news&InfiniteScroll=1&first=11&SFX=1&cc=wt&setlang=wt 200
2026-06-10 01:00:00,234 [INFO] primp: response: https://www.bing.com/news/infinitescrollajax?q=GC%3DF+news&InfiniteScroll=1&first=11&SFX=1&cc=wt&setlang=wt 200
2026-06-10 01:00:00,251 [INFO] services.news_sources: [news_sources] yfinance:ASIA.AX → 0 items
2026-06-10 01:00:00,272 [INFO] services.news_sources: [news_sources] yfinance:0700.HK → 10 items
2026-06-10 01:00:00,274 [INFO] services.news_sources: [news_sources] yfinance:GC=F → 10 items
2026-06-10 01:00:00,313 [INFO] services.news_sources: [news_sources] yfinance:NDQ.AX → 0 items
2026-06-10 01:00:00,362 [INFO] primp: response: https://www.bing.com/news/infinitescrollajax?q=ASIA.AX+news&InfiniteScroll=1&first=11&SFX=1&cc=wt&setlang=wt 200
2026-06-10 01:00:00,514 [INFO] services.news_sources: [news_sources] rss:bbc_business → 15 items
2026-06-10 01:00:00,540 [INFO] primp: response: https://news.search.yahoo.com/search?p=Fed+rate+decision 200
2026-06-10 01:00:00,540 [INFO] services.news_sources: [news_sources] rss:yahoo_finance_headline → 15 items
2026-06-10 01:00:00,541 [INFO] primp: response: https://news.search.yahoo.com/search?p=GC%3DF+news 200
2026-06-10 01:00:00,542 [INFO] primp: response: https://news.search.yahoo.com/search?p=0700.HK+news 200
2026-06-10 01:00:00,551 [INFO] primp: response: https://news.search.yahoo.com/search?p=ASIA.AX+news 200
2026-06-10 01:00:00,553 [INFO] primp: response: https://news.search.yahoo.com/search?p=NDQ.AX+news 200
2026-06-10 01:00:00,739 [INFO] services.news_sources: [news_sources] rss:seeking_alpha_market → 7 items
2026-06-10 01:00:00,910 [INFO] services.news_sources: [news_sources] ddgs:GC=F news → 11 items
2026-06-10 01:00:00,976 [INFO] services.news_sources: [news_sources] ddgs:ASIA.AX news → 4 items
2026-06-10 01:00:01,045 [INFO] primp: response: https://duckduckgo.com/?q=0700.HK+news 200
2026-06-10 01:00:01,145 [INFO] services.news_sources: [news_sources] rss:ft_markets → 15 items
2026-06-10 01:00:01,208 [INFO] primp: response: https://www.bing.com/news/infinitescrollajax?q=NDQ.AX+news&InfiniteScroll=1&first=11&SFX=1&cc=wt&setlang=wt 200
2026-06-10 01:00:01,209 [INFO] services.news_sources: [news_sources] rss:reuters_business → 0 items
2026-06-10 01:00:01,209 [WARNING] services.news_sources.ddgs_news: DDGS query 'NDQ.AX news' 失败: No results found.
2026-06-10 01:00:01,209 [INFO] services.news_sources: [news_sources] ddgs:NDQ.AX news → 0 items
2026-06-10 01:00:01,291 [INFO] primp: response: https://www.bing.com/news/infinitescrollajax?q=Fed+rate+decision&InfiniteScroll=1&first=11&SFX=1&cc=wt&setlang=wt 200
2026-06-10 01:00:01,294 [INFO] primp: response: https://duckduckgo.com/news.js?l=wt-wt&o=json&noamp=1&q=0700.HK+news&vqd=4-336151690318285125685111059820115231549&p=-2 200
2026-06-10 01:00:01,295 [INFO] services.news_sources: [news_sources] ddgs:0700.HK news → 10 items
2026-06-10 01:00:01,297 [INFO] services.news_sources: [news_sources] ddgs:Fed rate decision → 15 items
2026-06-10 01:00:01,325 [INFO] services.news_sources: [news_sources] rss:caixin_global → 0 items
2026-06-10 01:00:01,330 [INFO] services.news_sources: [news_sources] 总计 112 条 → 去重后 112 条
2026-06-10 01:00:01,330 [INFO] jobs.event_watch: [event_watch] fetched 112 raw items
2026-06-10 01:00:01,351 [INFO] jobs.event_watch: [event_watch] unseen=24 / total=112
2026-06-10 01:00:57,334 [INFO] httpx: HTTP Request: POST https://token-plan-cn.xiaomimimo.com/v1/chat/completions "HTTP/1.1 200 OK"
2026-06-10 01:00:57,343 [INFO] jobs.event_watch: [event_watch] normalized 24 events
2026-06-10 01:00:57,377 [INFO] jobs.event_watch: [event_watch] triggerable=0
2026-06-10 01:00:57,378 [INFO] scheduler.runner: [event_watch] 成功
2026-06-10 01:00:57,384 [INFO] apscheduler.executors.default: Job "event_watch (trigger: cron[month='*', day='*', day_of_week='1-5', hour='0-7', minute='*/30'], next run at: 2026-06-10 01:30:00 CST)" executed successfully
2026-06-10 01:30:00,000 [INFO] apscheduler.executors.default: Running job "event_watch (trigger: cron[month='*', day='*', day_of_week='1-5', hour='0-7', minute='*/30'], next run at: 2026-06-10 02:00:00 CST)" (scheduled at 2026-06-10 01:30:00+08:00)
2026-06-10 01:30:00,000 [INFO] scheduler.runner: [event_watch] 启动 (started=2026-06-10T01:30:00+08:00)
2026-06-10 01:30:00,002 [INFO] jobs.event_watch: [event_watch] watched=['GC=F', 'ASIA.AX', '0700.HK', 'NDQ.AX'], queries=5
2026-06-10 01:30:00,102 [INFO] primp: response: https://duckduckgo.com/?q=0700.HK+news 200
2026-06-10 01:30:00,127 [INFO] primp: response: https://duckduckgo.com/?q=ASIA.AX+news 200
2026-06-10 01:30:00,129 [INFO] primp: response: https://duckduckgo.com/news.js?l=wt-wt&o=json&noamp=1&q=0700.HK+news&vqd=4-336151690318285125685111059820115231549&p=-2 403
2026-06-10 01:30:00,220 [INFO] primp: response: https://www.bing.com/news/infinitescrollajax?q=GC%3DF+news&InfiniteScroll=1&first=11&SFX=1&cc=wt&setlang=wt 200
2026-06-10 01:30:00,231 [INFO] services.news_sources: [news_sources] yfinance:ASIA.AX → 0 items
2026-06-10 01:30:00,257 [INFO] primp: response: https://www.bing.com/news/infinitescrollajax?q=NDQ.AX+news&InfiniteScroll=1&first=11&SFX=1&cc=wt&setlang=wt 200
2026-06-10 01:30:00,280 [INFO] primp: response: https://www.bing.com/news/infinitescrollajax?q=0700.HK+news&InfiniteScroll=1&first=11&SFX=1&cc=wt&setlang=wt 200
2026-06-10 01:30:00,293 [INFO] services.news_sources: [news_sources] yfinance:NDQ.AX → 0 items
2026-06-10 01:30:00,293 [INFO] primp: response: https://www.bing.com/news/infinitescrollajax?q=ASIA.AX+news&InfiniteScroll=1&first=11&SFX=1&cc=wt&setlang=wt 200
2026-06-10 01:30:00,301 [INFO] services.news_sources: [news_sources] yfinance:GC=F → 10 items
2026-06-10 01:30:00,343 [INFO] primp: response: https://duckduckgo.com/news.js?l=wt-wt&o=json&noamp=1&q=ASIA.AX+news&vqd=4-124628218555813244716107935110018613087&p=-2 200
2026-06-10 01:30:00,353 [INFO] services.news_sources: [news_sources] yfinance:0700.HK → 10 items
2026-06-10 01:30:00,520 [INFO] primp: response: https://www.bing.com/news/infinitescrollajax?q=Fed+rate+decision&InfiniteScroll=1&first=11&SFX=1&cc=wt&setlang=wt 200
2026-06-10 01:30:00,541 [INFO] services.news_sources: [news_sources] rss:bbc_business → 15 items
2026-06-10 01:30:00,574 [INFO] services.news_sources: [news_sources] rss:yahoo_finance_headline → 15 items
2026-06-10 01:30:00,681 [INFO] primp: response: https://news.search.yahoo.com/search?p=NDQ.AX+news 200
2026-06-10 01:30:00,681 [INFO] primp: response: https://news.search.yahoo.com/search?p=0700.HK+news 200
2026-06-10 01:30:00,687 [INFO] primp: response: https://news.search.yahoo.com/search?p=ASIA.AX+news 200
2026-06-10 01:30:00,687 [INFO] primp: response: https://news.search.yahoo.com/search?p=Fed+rate+decision 200
2026-06-10 01:30:00,689 [INFO] primp: response: https://news.search.yahoo.com/search?p=GC%3DF+news 200
2026-06-10 01:30:00,780 [INFO] services.news_sources: [news_sources] rss:ft_markets → 15 items
2026-06-10 01:30:00,799 [INFO] services.news_sources: [news_sources] rss:seeking_alpha_market → 7 items
2026-06-10 01:30:01,052 [INFO] services.news_sources: [news_sources] ddgs:ASIA.AX news → 4 items
2026-06-10 01:30:01,075 [INFO] services.news_sources: [news_sources] ddgs:0700.HK news → 10 items
2026-06-10 01:30:01,095 [INFO] services.news_sources: [news_sources] ddgs:Fed rate decision → 15 items
2026-06-10 01:30:01,097 [INFO] services.news_sources: [news_sources] ddgs:GC=F news → 11 items
2026-06-10 01:30:01,150 [INFO] primp: response: https://duckduckgo.com/?q=NDQ.AX+news 200
2026-06-10 01:30:01,357 [INFO] primp: response: https://duckduckgo.com/news.js?l=wt-wt&o=json&noamp=1&q=NDQ.AX+news&vqd=4-202450427545404480663400181836810401813&p=-2 200
2026-06-10 01:30:01,358 [INFO] services.news_sources: [news_sources] rss:reuters_business → 0 items
2026-06-10 01:30:01,358 [WARNING] services.news_sources.ddgs_news: DDGS query 'NDQ.AX news' 失败: No results found.
2026-06-10 01:30:01,359 [INFO] services.news_sources: [news_sources] ddgs:NDQ.AX news → 0 items
2026-06-10 01:30:01,375 [INFO] services.news_sources: [news_sources] rss:caixin_global → 0 items
2026-06-10 01:30:01,380 [INFO] services.news_sources: [news_sources] 总计 112 条 → 去重后 112 条
2026-06-10 01:30:01,380 [INFO] jobs.event_watch: [event_watch] fetched 112 raw items
2026-06-10 01:30:01,400 [INFO] jobs.event_watch: [event_watch] unseen=16 / total=112
2026-06-10 01:30:44,243 [INFO] httpx: HTTP Request: POST https://token-plan-cn.xiaomimimo.com/v1/chat/completions "HTTP/1.1 200 OK"
2026-06-10 01:30:44,249 [INFO] jobs.event_watch: [event_watch] normalized 16 events
2026-06-10 01:30:44,285 [INFO] jobs.event_watch: [event_watch] triggerable=0
2026-06-10 01:30:44,285 [INFO] scheduler.runner: [event_watch] 成功
2026-06-10 01:30:44,291 [INFO] apscheduler.executors.default: Job "event_watch (trigger: cron[month='*', day='*', day_of_week='1-5', hour='0-7', minute='*/30'], next run at: 2026-06-10 02:00:00 CST)" executed successfully
