Date,Open,High,Low,Close
1984-01-09,1299.64,1299.64,1299.64,1299.64
1984-01-16,1365.31,1365.31,1365.31,1365.31
1984-01-23,1328.41,1328.41,1328.41,1328.41
1984-01-30,1365.31,1365.31,1365.31,1365.31
1984-02-06,1402.21,1402.21,1402.21,1402.21
1984-02-13,1402.21,1402.21,1402.21,1402.21
1984-02-20,1396.23,1396.23,1396.23,1396.23
1984-03-01,1442.62,1442.62,1442.62,1442.62
1984-03-05,1471.57,1471.57,1471.57,1471.57
1984-03-12,1462.59,1462.59,1462.59,1462.59
1984-03-19,1462.59,1462.59,1462.59,1462.59
1984-03-26,1428.57,1428.57,1428.57,1428.57
1984-04-02,1404.68,1404.68,1404.68,1404.68
1984-04-09,1428.57,1428.57,1428.57,1428.57
1984-04-16,1428.57,1428.57,1428.57,1428.57
1984-04-24,1428.57,1428.57,1428.57,1428.57
1984-05-02,1458.33,1458.33,1458.33,1458.33
1984-05-07,1458.33,1458.33,1458.33,1458.33
1984-05-14,1458.33,1458.33,1458.33,1458.33
1984-05-21,1489.36,1489.36,1489.36,1489.36
1984-05-28,1489.36,1489.36,1489.36,1489.36
1984-06-04,1562.5,1562.5,1562.5,1562.5
1984-06-11,1489.36,1489.36,1489.36,1489.36
1984-06-18,1489.36,1489.36,1489.36,1489.36
1984-06-25,1453.9,1453.9,1453.9,1453.9
1984-07-02,1489.36,1489.36,1489.36,1489.36
1984-07-09,1407.94,1407.94,1407.94,1407.94
1984-07-16,1407.94,1407.94,1407.94,1407.94
1984-07-23,1371.84,1371.84,1371.84,1371.84
1984-07-30,1476.01,1476.01,1476.01,1476.01
1984-08-06,1480.14,1480.14,1480.14,1480.14
1984-08-13,1547.17,1547.17,1547.17,1547.17
1984-08-20,1476.01,1476.01,1476.01,1476.01
1984-08-27,1547.17,1547.17,1547.17,1547.17
1984-09-01,1527.78,1527.78,1527.78,1527.78
1984-09-10,1552.35,1552.35,1552.35,1552.35
1984-09-17,1552.35,1552.35,1552.35,1552.35
1984-09-24,1588.45,1588.45,1588.45,1588.45
1984-10-01,1623.62,1623.62,1623.62,1623.62
1984-10-08,1586.72,1586.72,1586.72,1586.72
1984-10-15,1622.64,1622.64,1622.64,1622.64
1984-10-22,1622.64,1622.64,1622.64,1622.64
1984-10-29,1586.72,1586.72,1586.72,1586.72
1984-11-05,1588.45,1588.45,1588.45,1588.45
1984-11-12,1586.72,1586.72,1586.72,1586.72
1984-11-19,1653.85,1653.85,1653.85,1653.85
1984-11-26,1614.17,1614.17,1614.17,1614.17
1984-12-01,1615.38,1615.38,1615.38,1615.38
1984-12-10,1653.54,1653.54,1653.54,1653.54
1984-12-17,1574.8,1574.8,1574.8,1574.8
1984-12-24,1574.8,1574.8,1574.8,1574.8
1985-01-01,1588.45,1588.45,1588.45,1588.45
1985-01-07,1516.25,1516.25,1516.25,1516.25
1985-01-14,1516.25,1516.25,1516.25,1516.25
1985-01-21,1552.35,1552.35,1552.35,1552.35
1985-01-28,1552.35,1552.35,1552.35,1552.35
1985-02-04,1516.25,1516.25,1516.25,1516.25
1985-02-11,1524.82,1524.82,1524.82,1524.82
1985-02-18,1524.82,1524.82,1524.82,1524.82
1985-02-25,1418.44,1418.44,1418.44,1418.44
1985-03-04,1480.14,1480.14,1480.14,1480.14
1985-03-11,1489.36,1489.36,1489.36,1489.36
1985-03-18,1552.35,1552.35,1552.35,1552.35
1985-03-25,1624.55,1624.55,1624.55,1624.55
1985-03-29,1660.65,1660.65,1660.65,1660.65
1985-04-01,1624.55,1624.55,1624.55,1624.55
1985-04-09,1660.52,1660.52,1660.52,1660.52
1985-04-15,1660.65,1660.65,1660.65,1660.65
1985-04-22,1660.52,1660.52,1660.52,1660.52
1985-04-29,1698.11,1698.11,1698.11,1698.11
1985-05-06,1549.82,1549.82,1549.82,1549.82
1985-05-13,1624.55,1624.55,1624.55,1624.55
1985-05-20,1586.72,1586.72,1586.72,1586.72
1985-05-27,1586.72,1586.72,1586.72,1586.72
1985-06-01,1577.29,1577.29,1577.29,1577.29
1985-06-10,1607.72,1607.72,1607.72,1607.72
1985-06-17,1608.83,1608.83,1608.83,1608.83
1985-06-24,1607.72,1607.72,1607.72,1607.72
1985-07-01,1575.56,1575.56,1575.56,1575.56
1985-07-08,1607.72,1607.72,1607.72,1607.72
1985-07-15,1607.72,1607.72,1607.72,1607.72
1985-07-23,1606.56,1606.56,1606.56,1606.56
1985-07-29,1672.24,1672.24,1672.24,1672.24
1985-08-05,1705.69,1705.69,1705.69,1705.69
1985-08-12,1739.13,1739.13,1739.13,1739.13
1985-08-19,1772.58,1772.58,1772.58,1772.58
1985-08-26,1739.13,1739.13,1739.13,1739.13
1985-09-02,1739.13,1739.13,1739.13,1739.13
1985-09-09,1700.68,1700.68,1700.68,1700.68
1985-09-16,1705.69,1705.69,1705.69,1705.69
1985-09-23,1768.71,1768.71,1768.71,1768.71
1985-09-30,1736.11,1736.11,1736.11,1736.11
1985-10-07,1773.05,1773.05,1773.05,1773.05
1985-10-14,1773.05,1773.05,1773.05,1773.05
1985-10-21,1805.05,1805.05,1805.05,1805.05
1985-10-28,1849.06,1849.06,1849.06,1849.06
1985-11-04,1849.06,1849.06,1849.06,1849.06
1985-11-11,1849.06,1849.06,1849.06,1849.06
1985-11-18,1849.06,1849.06,1849.06,1849.06
1985-11-25,1886.79,1886.79,1886.79,1886.79
1985-12-02,1884.62,1884.62,1884.62,1884.62
1985-12-09,1807.69,1807.69,1807.69,1807.69
1985-12-16,1846.15,1846.15,1846.15,1846.15
1985-12-23,1884.62,1884.62,1884.62,1884.62
1986-01-01,1884.62,1884.62,1884.62,1884.62
1986-01-06,1884.62,1884.62,1884.62,1884.62
1986-01-13,1923.08,1923.08,1923.08,1923.08
1986-01-20,2000,2000,2000,2000
1986-01-27,2000,2000,2000,2000
1986-02-01,2006.69,2006.69,2006.69,2006.69
1986-02-10,1939.8,1939.8,1939.8,1939.8
1986-02-17,1939.8,1939.8,1939.8,1939.8
1986-02-24,1973.24,1973.24,1973.24,1973.24
1986-03-01,1972.79,1972.79,1972.79,1972.79
1986-03-03,1938.78,1938.78,1938.78,1938.78
1986-03-10,1979.17,1979.17,1979.17,1979.17
1986-03-17,2006.8,2006.8,2006.8,2006.8
1986-03-18,1972.79,1972.79,1972.79,1972.79
1986-03-24,1972.79,1972.79,1972.79,1972.79
1986-04-01,1904.76,1904.76,1904.76,1904.76
1986-04-07,1972.79,1972.79,1972.79,1972.79
1986-04-09,1972.79,1972.79,1972.79,1972.79
1986-04-14,1939.8,1939.8,1939.8,1939.8
1986-04-21,1972.79,1972.79,1972.79,1972.79
1986-04-28,1979.17,1979.17,1979.17,1979.17
1986-05-05,1944.44,1944.44,1944.44,1944.44
1986-05-12,1938.78,1938.78,1938.78,1938.78
1986-05-19,1944.44,1944.44,1944.44,1944.44
1986-05-26,1904.76,1904.76,1904.76,1904.76
1986-06-02,1938.78,1938.78,1938.78,1938.78
1986-06-09,2006.8,2006.8,2006.8,2006.8
1986-06-16,1944.44,1944.44,1944.44,1944.44
1986-06-23,1979.17,1979.17,1979.17,1979.17
1986-06-30,1938.78,1938.78,1938.78,1938.78
1986-07-07,1938.78,1938.78,1938.78,1938.78
1986-07-14,1938.78,1938.78,1938.78,1938.78
1986-07-21,1972.79,1972.79,1972.79,1972.79
1986-07-28,1972.79,1972.79,1972.79,1972.79
1986-08-04,2040.82,2040.82,2040.82,2040.82
1986-08-11,2210.88,2210.88,2210.88,2210.88
1986-08-18,2152.78,2152.78,2152.78,2152.78
1986-08-25,2152.78,2152.78,2152.78,2152.78
1986-09-01,2132.96,2132.96,2132.96,2132.96
1986-09-08,2299.17,2299.17,2299.17,2299.17
1986-09-15,2326.87,2326.87,2326.87,2326.87
1986-09-22,2465.37,2465.37,2465.37,2465.37
1986-09-29,2354.57,2354.57,2354.57,2354.57
1986-10-06,2465.37,2465.37,2465.37,2465.37
1986-10-13,2457.63,2457.63,2457.63,2457.63
1986-10-20,2401.13,2401.13,2401.13,2401.13
1986-10-27,2288.14,2288.14,2288.14,2288.14
1986-11-01,2271.47,2271.47,2271.47,2271.47
1986-11-10,2271.47,2271.47,2271.47,2271.47
1986-11-17,2160.66,2160.66,2160.66,2160.66
1986-11-24,2132.96,2132.96,2132.96,2132.96
1986-12-01,2231.64,2231.64,2231.64,2231.64
1986-12-08,2203.39,2203.39,2203.39,2203.39
1986-12-15,2231.64,2231.64,2231.64,2231.64
1986-12-22,2188.37,2188.37,2188.37,2188.37
1986-12-31,2288.14,2288.14,2288.14,2288.14
1987-01-12,2288.14,2288.14,2288.14,2288.14
1987-01-19,2356.32,2356.32,2356.32,2356.32
1987-01-26,2270.11,2270.11,2270.11,2270.11
1987-02-01,2313.08,2313.08,2313.08,2313.08
1987-02-09,2266.36,2266.36,2266.36,2266.36
1987-02-16,2289.72,2289.72,2289.72,2289.72
1987-02-23,2266.36,2266.36,2266.36,2266.36
1987-03-02,2252.87,2252.87,2252.87,2252.87
1987-03-09,2289.72,2289.72,2289.72,2289.72
1987-03-16,2252.87,2252.87,2252.87,2252.87
1987-03-23,2313.08,2313.08,2313.08,2313.08
1987-03-30,2383.18,2383.18,2383.18,2383.18
1987-04-06,2367.82,2367.82,2367.82,2367.82
1987-04-13,2482.76,2482.76,2482.76,2482.76
1987-04-21,2528.74,2528.74,2528.74,2528.74
1987-04-27,2477.68,2477.68,2477.68,2477.68
1987-05-04,2589.29,2589.29,2589.29,2589.29
1987-05-11,2562.36,2562.36,2562.36,2562.36
1987-05-18,2653.06,2653.06,2653.06,2653.06
1987-05-25,2637.36,2637.36,2637.36,2637.36
1987-06-01,2527.47,2527.47,2527.47,2527.47
1987-06-08,2537.96,2537.96,2537.96,2537.96
1987-06-15,2571.43,2571.43,2571.43,2571.43
1987-06-22,2451.19,2451.19,2451.19,2451.19
1987-06-29,2521.37,2521.37,2521.37,2521.37
1987-07-06,2521.37,2521.37,2521.37,2521.37
1987-07-13,2521.37,2521.37,2521.37,2521.37
1987-07-20,2542.74,2542.74,2542.74,2542.74
1987-07-27,2531.12,2531.12,2531.12,2531.12
1987-08-03,2738.59,2738.59,2738.59,2738.59
1987-08-10,2609.56,2609.56,2609.56,2609.56
1987-08-17,2569.72,2569.72,2569.72,2569.72
1987-08-24,2618.11,2618.11,2618.11,2618.11
1987-08-31,2539.37,2539.37,2539.37,2539.37
1987-09-07,2563.11,2563.11,2563.11,2563.11
1987-09-14,2582.52,2582.52,2582.52,2582.52
1987-09-21,2632.58,2632.58,2632.58,2632.58
1987-09-28,2613.64,2613.64,2613.64,2613.64
1987-10-05,2579.44,2579.44,2579.44,2579.44
1987-10-12,2598.13,2598.13,2598.13,2598.13
1987-10-19,2727.27,2727.27,2727.27,2727.27
1987-10-26,2691.59,2691.59,2691.59,2691.59
1987-11-02,2656.83,2656.83,2656.83,2656.83
1987-11-09,2576.58,2576.58,2576.58,2576.58
1987-11-16,2580.07,2580.07,2580.07,2580.07
1987-11-23,2640.85,2640.85,2640.85,2640.85
1987-11-30,2765.22,2765.22,2765.22,2765.22
1987-12-07,2728.87,2728.87,2728.87,2728.87
1987-12-14,2782.61,2782.61,2782.61,2782.61
1987-12-21,2693.66,2693.66,2693.66,2693.66
1987-12-28,2728.87,2728.87,2728.87,2728.87
1988-01-04,2686.83,2686.83,2686.83,2686.83
1988-01-11,2704.63,2704.63,2704.63,2704.63
1988-01-18,2658.45,2658.45,2658.45,2658.45
1988-01-25,2608.7,2608.7,2608.7,2608.7
1988-02-01,2551.32,2551.32,2551.32,2551.32
1988-02-08,2492.67,2492.67,2492.67,2492.67
1988-02-15,2467.34,2467.34,2467.34,2467.34
1988-02-22,2496.37,2496.37,2496.37,2496.37
1988-02-29,2419.35,2419.35,2419.35,2419.35
1988-03-07,2463.34,2463.34,2463.34,2463.34
1988-03-14,2463.34,2463.34,2463.34,2463.34
1988-03-21,2528.74,2528.74,2528.74,2528.74
1988-03-28,2541.9,2541.9,2541.9,2541.9
1988-04-05,2552.89,2552.89,2552.89,2552.89
1988-04-11,2552.89,2552.89,2552.89,2552.89
1988-04-18,2569.83,2569.83,2569.83,2569.83
1988-04-25,2524.68,2524.68,2524.68,2524.68
1988-05-02,2486.03,2486.03,2486.03,2486.03
1988-05-09,2500,2500,2500,2500
1988-05-16,2540.76,2540.76,2540.76,2540.76
1988-05-23,2581.52,2581.52,2581.52,2581.52
1988-05-30,2566.14,2566.14,2566.14,2566.14
1988-06-06,2613.78,2613.78,2613.78,2613.78
1988-06-13,2535.76,2535.76,2535.76,2535.76
1988-06-20,2548.76,2548.76,2548.76,2548.76
1988-06-27,2484.16,2484.16,2484.16,2484.16
1988-07-04,2487.44,2487.44,2487.44,2487.44
1988-07-11,2422.74,2422.74,2422.74,2422.74
1988-07-18,2447.47,2447.47,2447.47,2447.47
1988-07-25,2377.45,2377.45,2377.45,2377.45
1988-08-01,2496.91,2496.91,2496.91,2496.91
1988-08-08,2450.98,2450.98,2450.98,2450.98
1988-08-15,2454.43,2454.43,2454.43,2454.43
1988-08-22,2478.74,2478.74,2478.74,2478.74
1988-08-29,2448.73,2448.73,2448.73,2448.73
1988-09-05,2443.65,2443.65,2443.65,2443.65
1988-09-12,2392.34,2392.34,2392.34,2392.34
1988-09-19,2320.57,2320.57,2320.57,2320.57
1988-09-26,2224.8,2224.8,2224.8,2224.8
1988-10-03,2247.97,2247.97,2247.97,2247.97
1988-10-10,2313.08,2313.08,2313.08,2313.08
1988-10-17,2324.77,2324.77,2324.77,2324.77
1988-10-24,2283.11,2283.11,2283.11,2283.11
1988-10-31,2317.35,2317.35,2317.35,2317.35
1988-11-07,2370.54,2370.54,2370.54,2370.54
1988-11-14,2382.05,2382.05,2382.05,2382.05
1988-11-21,2321.43,2321.43,2321.43,2321.43
1988-11-28,2354.91,2354.91,2354.91,2354.91
1988-12-05,2410.71,2410.71,2410.71,2410.71
1988-12-12,2373.45,2373.45,2373.45,2373.45
1988-12-19,2332.59,2332.59,2332.59,2332.59
1988-12-27,2347.73,2347.73,2347.73,2347.73
1989-01-02,2347.73,2347.73,2347.73,2347.73
1989-01-09,2276.79,2276.79,2276.79,2276.79
1989-01-16,2252.75,2252.75,2252.75,2252.75
1989-01-23,2281.66,2281.66,2281.66,2281.66
1989-01-30,2230.77,2230.77,2230.77,2230.77
1989-02-06,2216.16,2216.16,2216.16,2216.16
1989-02-13,2166.85,2166.85,2166.85,2166.85
1989-02-20,2168.67,2168.67,2168.67,2168.67
1989-02-27,2173.48,2173.48,2173.48,2173.48
1989-03-06,2188.76,2188.76,2188.76,2188.76
1989-03-13,2209.19,2209.19,2209.19,2209.19
1989-03-20,2218.96,2218.96,2218.96,2218.96
1989-03-28,2155.34,2155.34,2155.34,2155.34
1989-04-03,2181.99,2181.99,2181.99,2181.99
1989-04-10,2176.99,2176.99,2176.99,2176.99
1989-04-17,2176.99,2176.99,2176.99,2176.99
1989-04-24,2185.7,2185.7,2185.7,2185.7
1989-05-02,2128.18,2128.18,2128.18,2128.18
1989-05-08,2116.44,2116.44,2116.44,2116.44
1989-05-15,2098.21,2098.21,2098.21,2098.21
1989-05-22,2033.54,2033.54,2033.54,2033.54
1989-05-29,2026.23,2026.23,2026.23,2026.23
1989-06-05,2065.57,2065.57,2065.57,2065.57
1989-06-12,2042.16,2042.16,2042.16,2042.16
1989-06-19,2065.57,2065.57,2065.57,2065.57
1989-06-26,2117.8,2117.8,2117.8,2117.8
1989-07-03,2124.42,2124.42,2124.42,2124.42
1989-07-10,2156.21,2156.21,2156.21,2156.21
1989-07-17,2080.81,2080.81,2080.81,2080.81
1989-07-24,2089.45,2089.45,2089.45,2089.45
1989-07-31,2114.48,2114.48,2114.48,2114.48
1989-08-07,2081.47,2081.47,2081.47,2081.47
1989-08-14,2080.57,2080.57,2080.57,2080.57
1989-08-21,2091.54,2091.54,2091.54,2091.54
1989-08-28,2039.09,2039.09,2039.09,2039.09
1989-09-04,2042.57,2042.57,2042.57,2042.57
1989-09-11,2032.22,2032.22,2032.22,2032.22
1989-09-18,2041.52,2041.52,2041.52,2041.52
1989-09-25,2092.21,2092.21,2092.21,2092.21
1989-09-28,2081.91,2081.91,2081.91,2081.91
1989-10-02,2075.71,2075.71,2075.71,2075.71
1989-10-09,2049.84,2049.84,2049.84,2049.84
1989-10-16,2071.71,2071.71,2071.71,2071.71
1989-10-23,2065.57,2065.57,2065.57,2065.57
1989-10-30,2125.58,2125.58,2125.58,2125.58
1989-11-06,2143.14,2143.14,2143.14,2143.14
1989-11-13,2190.03,2190.03,2190.03,2190.03
1989-11-20,2229.15,2229.15,2229.15,2229.15
1989-11-27,2311.99,2311.99,2311.99,2311.99
1989-12-04,2268.26,2268.26,2268.26,2268.26
1989-12-11,2353.53,2353.53,2353.53,2353.53
1989-12-18,2944.58,2944.58,2944.58,2944.58
1989-12-27,2858.85,2858.85,2858.85,2858.85
1990-01-01,2857.99,2857.99,2857.99,2857.99
1990-01-08,2866.93,2866.93,2866.93,2866.93
1990-01-15,2938.46,2938.46,2938.46,2938.46
1990-01-22,2887.8,2887.8,2887.8,2887.8
1990-01-29,3009.24,3009.24,3009.24,3009.24
1990-02-05,3025.63,3025.63,3025.63,3025.63
1990-02-12,2998.06,2998.06,2998.06,2998.06
1990-02-19,2998.06,2998.06,2998.06,2998.06
1990-02-26,2914.62,2914.62,2914.62,2914.62
1990-03-05,2878.11,2878.11,2878.11,2878.11
1990-03-12,2839.37,2839.37,2839.37,2839.37
1990-03-19,2844.58,2844.58,2844.58,2844.58
1990-03-26,2592.01,2592.01,2592.01,2592.01
1990-04-02,2650.87,2650.87,2650.87,2650.87
1990-04-09,2692.59,2692.59,2692.59,2692.59
1990-04-17,2681.42,2681.42,2681.42,2681.42
1990-04-23,2704.51,2704.51,2704.51,2704.51
1990-04-30,2628.52,2628.52,2628.52,2628.52
1990-05-07,2647.15,2647.15,2647.15,2647.15
1990-05-14,2618.09,2618.09,2618.09,2618.09
1990-05-21,2647.89,2647.89,2647.89,2647.89
1990-05-28,2647.89,2647.89,2647.89,2647.89
1990-06-04,2565.19,2565.19,2565.19,2565.19
1990-06-11,2545.82,2545.82,2545.82,2545.82
1990-06-18,2491.43,2491.43,2491.43,2491.43
1990-06-25,2521.23,2521.23,2521.23,2521.23
1990-07-02,2554.02,2554.02,2554.02,2554.02
1990-07-09,2547.31,2547.31,2547.31,2547.31
1990-07-16,2580.09,2580.09,2580.09,2580.09
1990-07-23,2616.6,2616.6,2616.6,2616.6
1990-07-30,2667.26,2667.26,2667.26,2667.26
1990-08-06,2787.22,2787.22,2787.22,2787.22
1990-08-13,2787.22,2787.22,2787.22,2787.22
1990-08-20,2964.54,2964.54,2964.54,2964.54
1990-08-27,2804.35,2804.35,2804.35,2804.35
1990-09-03,2804.35,2804.35,2804.35,2804.35
1990-09-10,2723.89,2723.89,2723.89,2723.89
1990-09-17,2796.9,2796.9,2796.9,2796.9
1990-09-24,2890.03,2890.03,2890.03,2890.03
1990-10-01,2771.57,2771.57,2771.57,2771.57
1990-10-08,2825.96,2825.96,2825.96,2825.96
1990-10-10,2776.04,2776.04,2776.04,2776.04
1990-10-15,2679.18,2679.18,2679.18,2679.18
1990-10-22,2635.97,2635.97,2635.97,2635.97
1990-10-29,2659.81,2659.81,2659.81,2659.81
1990-11-05,2697.81,2697.81,2697.81,2697.81
1990-11-12,2712.71,2712.71,2712.71,2712.71
1990-11-19,2992.26,2992.26,2992.26,2992.26
1990-11-26,3026.86,3026.86,3026.86,3026.86
1990-12-03,2962.6,2962.6,2962.6,2962.6
1990-12-10,2942,2942,2942,2942
1990-12-17,2968.36,2968.36,2968.36,2968.36
1990-12-24,2968.36,2968.36,2968.36,2968.36
1991-01-02,3061.46,3061.46,3061.46,3061.46
1991-01-03,3043.33,3043.33,3043.33,3043.33
1991-01-04,3030.15,3030.15,3030.15,3030.15
1991-01-07,3101.01,3101.01,3101.01,3101.01
1991-01-08,3070.52,3070.52,3070.52,3070.52
1991-01-09,3076.29,3076.29,3076.29,3076.29
1991-01-10,3068.87,3068.87,3068.87,3068.87
1991-01-11,3077.94,3077.94,3077.94,3077.94
1991-01-14,3143.02,3143.02,3143.02,3143.02
1991-01-15,3132.31,3132.31,3132.31,3132.31
1991-01-16,3166.09,3166.09,3166.09,3166.09
1991-01-17,2930.47,2930.47,2930.47,2930.47
1991-01-18,2936.23,2936.23,2936.23,2936.23
1991-01-21,2970.01,2970.01,2970.01,2970.01
1991-01-22,2974.95,2974.95,2974.95,2974.95
1991-01-23,2965.07,2965.07,2965.07,2965.07
1991-01-24,2923.05,2923.05,2923.05,2923.05
1991-01-25,2943.65,2943.65,2943.65,2943.65
1991-01-28,2951.06,2951.06,2951.06,2951.06
1991-01-29,2946.12,2946.12,2946.12,2946.12
1991-01-30,2907.4,2907.4,2907.4,2907.4
1991-01-31,2884.33,2884.33,2884.33,2884.33
1991-02-01,2885.98,2885.98,2885.98,2885.98
1991-02-04,2908.22,2908.22,2908.22,2908.22
1991-02-05,2886.8,2886.8,2886.8,2886.8
1991-02-06,2857.97,2857.97,2857.97,2857.97
1991-02-07,2895.86,2895.86,2895.86,2895.86
1991-02-08,2914.81,2914.81,2914.81,2914.81
1991-02-11,2888.45,2888.45,2888.45,2888.45
1991-02-12,2898.34,2898.34,2898.34,2898.34
1991-02-13,2891.74,2891.74,2891.74,2891.74
1991-02-14,2897.51,2897.51,2897.51,2897.51
1991-02-15,2865.38,2865.38,2865.38,2865.38
1991-02-18,2865.38,2865.38,2865.38,2865.38
1991-02-19,2865.38,2865.38,2865.38,2865.38
1991-02-20,2865.38,2865.38,2865.38,2865.38
1991-02-21,2849.73,2849.73,2849.73,2849.73
1991-02-22,2804.42,2804.42,2804.42,2804.42
1991-02-25,2824.19,2824.19,2824.19,2824.19
1991-02-26,2819.25,2819.25,2819.25,2819.25
1991-02-27,2843.14,2843.14,2843.14,2843.14
1991-02-28,2888.45,2888.45,2888.45,2888.45
1991-03-01,2885.15,2885.15,2885.15,2885.15
1991-03-04,2891.74,2891.74,2891.74,2891.74
1991-03-05,2867.03,2867.03,2867.03,2867.03
1991-03-06,2876.09,2876.09,2876.09,2876.09
1991-03-07,2884.33,2884.33,2884.33,2884.33
1991-03-08,2904.93,2904.93,2904.93,2904.93
1991-03-11,2866.21,2866.21,2866.21,2866.21
1991-03-12,2865.38,2865.38,2865.38,2865.38
1991-03-13,2881.03,2881.03,2881.03,2881.03
1991-03-14,2867.03,2867.03,2867.03,2867.03
1991-03-15,2862.91,2862.91,2862.91,2862.91
1991-03-18,2846.43,2846.43,2846.43,2846.43
1991-03-19,2853.02,2853.02,2853.02,2853.02
1991-03-20,2845.61,2845.61,2845.61,2845.61
1991-03-21,2844.78,2844.78,2844.78,2844.78
1991-03-22,2844.78,2844.78,2844.78,2844.78
1991-03-25,2812.65,2812.65,2812.65,2812.65
1991-03-26,2818.42,2818.42,2818.42,2818.42
1991-03-27,2805.24,2805.24,2805.24,2805.24
1991-03-28,2812.65,2812.65,2812.65,2812.65
1991-03-29,2812.65,2812.65,2812.65,2812.65
1991-04-02,2821.72,2821.72,2821.72,2821.72
1991-04-03,2834.9,2834.9,2834.9,2834.9
1991-04-04,2830.78,2830.78,2830.78,2830.78
1991-04-05,2834.07,2834.07,2834.07,2834.07
1991-04-08,2848.9,2848.9,2848.9,2848.9
1991-04-09,2902.31,2902.31,2902.31,2902.31
1991-04-10,2895.66,2895.66,2895.66,2895.66
1991-04-11,2884.01,2884.01,2884.01,2884.01
1991-04-12,2865.93,2865.93,2865.93,2865.93
1991-04-15,2869.26,2869.26,2869.26,2869.26
1991-04-16,2868.43,2868.43,2868.43,2868.43
1991-04-17,2873.42,2873.42,2873.42,2873.42
1991-04-18,2849.06,2849.06,2849.06,2849.06
1991-04-19,2844.63,2844.63,2844.63,2844.63
1991-04-22,2854.4,2854.4,2854.4,2854.4
1991-04-23,2846.29,2846.29,2846.29,2846.29
1991-04-24,2840.44,2840.44,2840.44,2840.44
1991-04-25,2822.08,2822.08,2822.08,2822.08
1991-04-26,2819.57,2819.57,2819.57,2819.57
1991-04-29,2808.72,2808.72,2808.72,2808.72
1991-04-30,2837.1,2837.1,2837.1,2837.1
1991-05-01,2835.45,2835.45,2835.45,2835.45
1991-05-06,2839.08,2839.08,2839.08,2839.08
1991-05-07,2848.29,2848.29,2848.29,2848.29
1991-05-08,2851.64,2851.64,2851.64,2851.64
1991-05-09,2860.62,2860.62,2860.62,2860.62
1991-05-10,2853.07,2853.07,2853.07,2853.07
1991-05-13,2864.81,2864.81,2864.81,2864.81
1991-05-14,2875.7,2875.7,2875.7,2875.7
1991-05-15,2870.9,2870.9,2870.9,2870.9
1991-05-16,2839.92,2839.92,2839.92,2839.92
1991-05-17,2832.97,2832.97,2832.97,2832.97
1991-05-20,2855.2,2855.2,2855.2,2855.2
1991-05-21,2853.8,2853.8,2853.8,2853.8
1991-05-22,2843.95,2843.95,2843.95,2843.95
1991-05-23,2836.82,2836.82,2836.82,2836.82
1991-05-24,2846.11,2846.11,2846.11,2846.11
1991-05-27,2846.21,2846.21,2846.21,2846.21
1991-05-28,2902.35,2902.35,2902.35,2902.35
1991-05-29,2905.49,2905.49,2905.49,2905.49
1991-05-31,2917.96,2917.96,2917.96,2917.96
1991-06-03,2933.45,2933.45,2933.45,2933.45
1991-06-04,2931.08,2931.08,2931.08,2931.08
1991-06-05,2931.05,2931.05,2931.05,2931.05
1991-06-06,2949.52,2949.52,2949.52,2949.52
1991-06-07,2960.15,2960.15,2960.15,2960.15
1991-06-10,3023.26,3023.26,3023.26,3023.26
1991-06-11,3001.2,3001.2,3001.2,3001.2
1991-06-12,2994.85,2994.85,2994.85,2994.85
1991-06-13,2996.97,2996.97,2996.97,2996.97
1991-06-14,2971.74,2971.74,2971.74,2971.74
1991-06-17,2979.5,2979.5,2979.5,2979.5
1991-06-18,2979.5,2979.5,2979.5,2979.5
1991-06-19,2982.25,2982.25,2982.25,2982.25
1991-06-20,2973.26,2973.26,2973.26,2973.26
1991-06-21,2955.57,2955.57,2955.57,2955.57
1991-06-24,2931.88,2931.88,2931.88,2931.88
1991-06-25,2944.59,2944.59,2944.59,2944.59
1991-06-26,2953.45,2953.45,2953.45,2953.45
1991-06-27,2952.91,2952.91,2952.91,2952.91
1991-06-28,2970.36,2970.36,2970.36,2970.36
1991-07-01,2969.83,2969.83,2969.83,2969.83
1991-07-02,2970.44,2970.44,2970.44,2970.44
1991-07-03,2991.38,2991.38,2991.38,2991.38
1991-07-04,2992.08,2992.08,2992.08,2992.08
1991-07-05,2992.63,2992.63,2992.63,2992.63
1991-07-08,2992.66,2992.66,2992.66,2992.66
1991-07-09,2978.86,2978.86,2978.86,2978.86
1991-07-10,2982.92,2982.92,2982.92,2982.92
1991-07-11,2964.95,2964.95,2964.95,2964.95
1991-07-12,2970.52,2970.52,2970.52,2970.52
1991-07-15,2970.4,2970.4,2970.4,2970.4
1991-07-16,2968.15,2968.15,2968.15,2968.15
1991-07-17,2973.16,2973.16,2973.16,2973.16
1991-07-18,2976.7,2976.7,2976.7,2976.7
1991-07-19,2980.03,2980.03,2980.03,2980.03
1991-07-22,2950.28,2950.28,2950.28,2950.28
1991-07-23,2953.95,2953.95,2953.95,2953.95
1991-07-24,2923.54,2923.54,2923.54,2923.54
1991-07-25,2923.25,2923.25,2923.25,2923.25
1991-07-26,2936.01,2936.01,2936.01,2936.01
1991-07-29,2972.97,2972.97,2972.97,2972.97
1991-07-30,2963.7,2963.7,2963.7,2963.7
1991-07-31,2972.26,2972.26,2972.26,2972.26
1991-08-01,2968.72,2968.72,2968.72,2968.72
1991-08-02,2903.43,2903.43,2903.43,2903.43
1991-08-05,2907.5,2907.5,2907.5,2907.5
1991-08-06,2908.85,2908.85,2908.85,2908.85
1991-08-07,2906.09,2906.09,2906.09,2906.09
1991-08-08,2909.75,2909.75,2909.75,2909.75
1991-08-09,2921.75,2921.75,2921.75,2921.75
1991-08-12,2914.22,2914.22,2914.22,2914.22
1991-08-13,2902.88,2902.88,2902.88,2902.88
1991-08-14,2915.75,2915.75,2915.75,2915.75
1991-08-16,2918.12,2918.12,2918.12,2918.12
1991-08-19,2928.89,2928.89,2928.89,2928.89
1991-08-20,2914.54,2914.54,2914.54,2914.54
1991-08-21,2918.25,2918.25,2918.25,2918.25
1991-08-22,2894.64,2894.64,2894.64,2894.64
1991-08-23,2887.19,2887.19,2887.19,2887.19
1991-08-26,2901.93,2901.93,2901.93,2901.93
1991-08-27,2894.62,2894.62,2894.62,2894.62
1991-08-28,2891.09,2891.09,2891.09,2891.09
1991-08-29,2864.96,2864.96,2864.96,2864.96
1991-08-30,2842.74,2842.74,2842.74,2842.74
1991-09-02,2842.97,2842.97,2842.97,2842.97
1991-09-03,2841.78,2841.78,2841.78,2841.78
1991-09-04,2843.68,2843.68,2843.68,2843.68
1991-09-05,2829.89,2829.89,2829.89,2829.89
1991-09-06,2846.33,2846.33,2846.33,2846.33
1991-09-09,2861.33,2861.33,2861.33,2861.33
1991-09-10,2849.32,2849.32,2849.32,2849.32
1991-09-11,2812.68,2812.68,2812.68,2812.68
1991-09-12,2802.63,2802.63,2802.63,2802.63
1991-09-13,2803.74,2803.74,2803.74,2803.74
1991-09-16,2803.04,2803.04,2803.04,2803.04
1991-09-17,2820.38,2820.38,2820.38,2820.38
1991-09-18,2836.1,2836.1,2836.1,2836.1
1991-09-19,2836.58,2836.58,2836.58,2836.58
1991-09-20,2837.54,2837.54,2837.54,2837.54
1991-09-23,2854.66,2854.66,2854.66,2854.66
1991-09-24,2879.13,2879.13,2879.13,2879.13
1991-09-25,2872.02,2872.02,2872.02,2872.02
1991-09-26,2854.54,2854.54,2854.54,2854.54
1991-09-27,2840,2840,2840,2840
1991-09-30,2879.45,2879.45,2879.45,2879.45
1991-10-01,2879.51,2879.51,2879.51,2879.51
1991-10-02,2890.63,2890.63,2890.63,2890.63
1991-10-03,2905.85,2905.85,2905.85,2905.85
1991-10-04,2913.16,2913.16,2913.16,2913.16
1991-10-07,2916.03,2916.03,2916.03,2916.03
1991-10-08,2901.09,2901.09,2901.09,2901.09
1991-10-09,2921.02,2921.02,2921.02,2921.02
1991-10-10,2913.36,2913.36,2913.36,2913.36
1991-10-11,2923.09,2923.09,2923.09,2923.09
1991-10-14,2914.74,2914.74,2914.74,2914.74
1991-10-15,2904.58,2904.58,2904.58,2904.58
1991-10-16,2908.54,2908.54,2908.54,2908.54
1991-10-17,2922.25,2922.25,2922.25,2922.25
1991-10-18,2939.52,2939.52,2939.52,2939.52
1991-10-21,2950.93,2950.93,2950.93,2950.93
1991-10-22,2952.95,2952.95,2952.95,2952.95
1991-10-23,2938.17,2938.17,2938.17,2938.17
1991-10-24,2935.44,2935.44,2935.44,2935.44
1991-10-25,2926.16,2926.16,2926.16,2926.16
1991-10-28,2909.65,2909.65,2909.65,2909.65
1991-10-29,2905.89,2905.89,2905.89,2905.89
1991-10-30,2908.03,2908.03,2908.03,2908.03
1991-10-31,2899.93,2899.93,2899.93,2899.93
1991-11-04,2888.23,2888.23,2888.23,2888.23
1991-11-05,2866.72,2866.72,2866.72,2866.72
1991-11-06,2870.74,2870.74,2870.74,2870.74
1991-11-07,2860.57,2860.57,2860.57,2860.57
1991-11-08,2866.91,2866.91,2866.91,2866.91
1991-11-12,2879.26,2879.26,2879.26,2879.26
1991-11-13,2883.08,2883.08,2883.08,2883.08
1991-11-14,2871.65,2871.65,2871.65,2871.65
1991-11-15,2906.45,2906.45,2906.45,2906.45
1991-11-18,2917.51,2917.51,2917.51,2917.51
1991-11-19,2941.05,2941.05,2941.05,2941.05
1991-11-20,2943.2,2943.2,2943.2,2943.2
1991-11-21,2973.8,2973.8,2973.8,2973.8
1991-11-22,2984.9,2984.9,2984.9,2984.9
1991-11-25,2975.25,2975.25,2975.25,2975.25
1991-11-26,2982.64,2982.64,2982.64,2982.64
1991-11-27,2998.69,2998.69,2998.69,2998.69
1991-11-28,2998.62,2998.62,2998.62,2998.62
1991-11-29,3002.97,3002.97,3002.97,3002.97
1991-12-02,2993.51,2993.51,2993.51,2993.51
1991-12-03,2964.52,2964.52,2964.52,2964.52
1991-12-04,2977.55,2977.55,2977.55,2977.55
1991-12-05,2994.99,2994.99,2994.99,2994.99
1991-12-06,3008.87,3008.87,3008.87,3008.87
1991-12-09,3007.36,3007.36,3007.36,3007.36
1991-12-10,3003.88,3003.88,3003.88,3003.88
1991-12-11,2987.76,2987.76,2987.76,2987.76
1991-12-12,2917.15,2917.15,2917.15,2917.15
1991-12-13,2927.72,2927.72,2927.72,2927.72
1991-12-16,2930.02,2930.02,2930.02,2930.02
1991-12-17,2914.14,2914.14,2914.14,2914.14
1991-12-18,2927.17,2927.17,2927.17,2927.17
1991-12-19,2913.86,2913.86,2913.86,2913.86
1991-12-20,2923.45,2923.45,2923.45,2923.45
1991-12-23,2928.24,2928.24,2928.24,2928.24
1991-12-24,2928.28,2928.28,2928.28,2928.28
1991-12-27,2882.17,2882.17,2882.17,2882.17
1991-12-30,2883.31,2883.31,2883.31,2883.31
1991-12-31,2893.9,2893.9,2893.9,2893.9
1992-01-02,2877.74,2877.74,2877.74,2877.74
1992-01-03,2867.88,2867.88,2867.88,2867.88
1992-01-06,2857.78,2857.78,2857.78,2857.78
1992-01-07,2855.35,2855.35,2855.35,2855.35
1992-01-08,2864.56,2864.56,2864.56,2864.56
1992-01-09,2913.51,2913.51,2913.51,2913.51
1992-01-10,2913.71,2913.71,2913.71,2913.71
1992-01-13,2896.62,2896.62,2896.62,2896.62
1992-01-14,2902.87,2902.87,2902.87,2902.87
1992-01-15,2897.79,2897.79,2897.79,2897.79
1992-01-16,2920.06,2920.06,2920.06,2920.06
1992-01-17,2899.34,2899.34,2899.34,2899.34
1992-01-20,2929.33,2929.33,2929.33,2929.33
1992-01-21,2927.29,2927.29,2927.29,2927.29
1992-01-22,2928.07,2928.07,2928.07,2928.07
1992-01-23,2899.19,2899.19,2899.19,2899.19
1992-01-24,2898.76,2898.76,2898.76,2898.76
1992-01-27,2902.33,2902.33,2902.33,2902.33
1992-01-28,2927.12,2927.12,2927.12,2927.12
1992-01-29,2928.62,2928.62,2928.62,2928.62
1992-01-30,2907.48,2907.48,2907.48,2907.48
1992-01-31,2934.35,2934.35,2934.35,2934.35
1992-02-03,2930.41,2930.41,2930.41,2930.41
1992-02-04,2926.59,2926.59,2926.59,2926.59
1992-02-05,2921.5,2921.5,2921.5,2921.5
1992-02-06,2922.2,2922.2,2922.2,2922.2
1992-02-07,2914.64,2914.64,2914.64,2914.64
1992-02-10,2918.63,2918.63,2918.63,2918.63
1992-02-11,2927.36,2927.36,2927.36,2927.36
1992-02-12,2947.26,2947.26,2947.26,2947.26
1992-02-13,2930.24,2930.24,2930.24,2930.24
1992-02-14,2911.2,2911.2,2911.2,2911.2
1992-02-17,2911.86,2911.86,2911.86,2911.86
1992-02-18,2909.14,2909.14,2909.14,2909.14
1992-02-19,2906.42,2906.42,2906.42,2906.42
1992-02-20,2907.76,2907.76,2907.76,2907.76
1992-02-21,2890.65,2890.65,2890.65,2890.65
1992-02-24,2879.04,2879.04,2879.04,2879.04
1992-02-25,2874.53,2874.53,2874.53,2874.53
1992-02-26,2876.61,2876.61,2876.61,2876.61
1992-02-27,2910.39,2910.39,2910.39,2910.39
1992-02-28,2903.65,2903.65,2903.65,2903.65
1992-03-02,2890.1,2890.1,2890.1,2890.1
1992-03-03,2880.35,2880.35,2880.35,2880.35
1992-03-04,2885.84,2885.84,2885.84,2885.84
1992-03-05,2891.18,2891.18,2891.18,2891.18
1992-03-06,2874.6,2874.6,2874.6,2874.6
1992-03-09,2869.38,2869.38,2869.38,2869.38
1992-03-10,2870.77,2870.77,2870.77,2870.77
1992-03-11,2883.63,2883.63,2883.63,2883.63
1992-03-12,2855.58,2855.58,2855.58,2855.58
1992-03-13,2850.53,2850.53,2850.53,2850.53
1992-03-16,2822.51,2822.51,2822.51,2822.51
1992-03-17,2796.32,2796.32,2796.32,2796.32
1992-03-18,2778.35,2778.35,2778.35,2778.35
1992-03-19,2780.53,2780.53,2780.53,2780.53
1992-03-20,2780.52,2780.52,2780.52,2780.52
1992-03-23,2780.94,2780.94,2780.94,2780.94
1992-03-24,2790.09,2790.09,2790.09,2790.09
1992-03-25,2801.33,2801.33,2801.33,2801.33
1992-03-26,2812.82,2812.82,2812.82,2812.82
1992-03-27,2824.36,2824.36,2824.36,2824.36
1992-03-30,2817.95,2817.95,2817.95,2817.95
1992-03-31,2832.07,2832.07,2832.07,2832.07
1992-04-01,2824.17,2824.17,2824.17,2824.17
1992-04-02,2806.26,2806.26,2806.26,2806.26
1992-04-03,2808.7,2808.7,2808.7,2808.7
1992-04-06,2801.09,2801.09,2801.09,2801.09
1992-04-07,2787.82,2787.82,2787.82,2787.82
1992-04-08,2781.25,2781.25,2781.25,2781.25
1992-04-09,2793.2,2793.2,2793.2,2793.2
1992-04-10,2806.66,2806.66,2806.66,2806.66
1992-04-13,2804.39,2804.39,2804.39,2804.39
1992-04-14,2806.68,2806.68,2806.68,2806.68
1992-04-15,2787.7,2787.7,2787.7,2787.7
1992-04-16,2799.49,2799.49,2799.49,2799.49
1992-04-17,2799.42,2799.42,2799.42,2799.42
1992-04-21,2826.86,2826.86,2826.86,2826.86
1992-04-22,2810.99,2810.99,2810.99,2810.99
1992-04-23,2806.99,2806.99,2806.99,2806.99
1992-04-24,2788,2788,2788,2788
1992-04-27,2784.82,2784.82,2784.82,2784.82
1992-04-28,2785.62,2785.62,2785.62,2785.62
1992-04-29,2779.01,2779.01,2779.01,2779.01
1992-04-30,2791.38,2791.38,2791.38,2791.38
1992-05-04,2788.48,2788.48,2788.48,2788.48
1992-05-05,2789.55,2789.55,2789.55,2789.55
1992-05-06,2794.78,2794.78,2794.78,2794.78
1992-05-07,2779.66,2779.66,2779.66,2779.66
1992-05-08,2783.29,2783.29,2783.29,2783.29
1992-05-11,2786.57,2786.57,2786.57,2786.57
1992-05-12,2776.01,2776.01,2776.01,2776.01
1992-05-13,2770.53,2770.53,2770.53,2770.53
1992-05-14,2789.39,2789.39,2789.39,2789.39
1992-05-15,2795.79,2795.79,2795.79,2795.79
1992-05-18,2797.11,2797.11,2797.11,2797.11
1992-05-19,2787.99,2787.99,2787.99,2787.99
1992-05-20,2790.16,2790.16,2790.16,2790.16
1992-05-21,2781.58,2781.58,2781.58,2781.58
1992-05-22,2788.32,2788.32,2788.32,2788.32
1992-05-25,2787.68,2787.68,2787.68,2787.68
1992-05-26,2787.68,2787.68,2787.68,2787.68
1992-05-27,2799.04,2799.04,2799.04,2799.04
1992-05-28,2790.05,2790.05,2790.05,2790.05
1992-05-29,2785.28,2785.28,2785.28,2785.28
1992-06-01,2792.63,2792.63,2792.63,2792.63
1992-06-02,2802.33,2802.33,2802.33,2802.33
1992-06-03,2797.92,2797.92,2797.92,2797.92
1992-06-04,2800.65,2800.65,2800.65,2800.65
1992-06-05,2802.05,2802.05,2802.05,2802.05
1992-06-08,2793.83,2793.83,2793.83,2793.83
1992-06-09,2795,2795,2795,2795
1992-06-10,2791.13,2791.13,2791.13,2791.13
1992-06-11,2811.62,2811.62,2811.62,2811.62
1992-06-12,2831.12,2831.12,2831.12,2831.12
1992-06-15,2833.88,2833.88,2833.88,2833.88
1992-06-16,2823.07,2823.07,2823.07,2823.07
1992-06-17,2814.5,2814.5,2814.5,2814.5
1992-06-19,2810.08,2810.08,2810.08,2810.08
1992-06-22,2833.09,2833.09,2833.09,2833.09
1992-06-23,2839.09,2839.09,2839.09,2839.09
1992-06-24,2823.51,2823.51,2823.51,2823.51
1992-06-25,2821.94,2821.94,2821.94,2821.94
1992-06-26,2815.64,2815.64,2815.64,2815.64
1992-06-29,2826.48,2826.48,2826.48,2826.48
1992-06-30,2819.75,2819.75,2819.75,2819.75
1992-07-01,2829.46,2829.46,2829.46,2829.46
1992-07-02,2845.81,2845.81,2845.81,2845.81
1992-07-03,2845.75,2845.75,2845.75,2845.75
1992-07-06,2845.38,2845.38,2845.38,2845.38
1992-07-07,2841.94,2841.94,2841.94,2841.94
1992-07-08,2852.54,2852.54,2852.54,2852.54
1992-07-09,2854.01,2854.01,2854.01,2854.01
1992-07-10,2856.45,2856.45,2856.45,2856.45
1992-07-13,2861.62,2861.62,2861.62,2861.62
1992-07-14,2878.23,2878.23,2878.23,2878.23
1992-07-15,2902.52,2902.52,2902.52,2902.52
1992-07-16,2890.52,2890.52,2890.52,2890.52
1992-07-17,2912.87,2912.87,2912.87,2912.87
1992-07-20,2928.23,2928.23,2928.23,2928.23
1992-07-21,2917.4,2917.4,2917.4,2917.4
1992-07-22,2923.74,2923.74,2923.74,2923.74
1992-07-23,2919.27,2919.27,2919.27,2919.27
1992-07-24,2920.53,2920.53,2920.53,2920.53
1992-07-27,2909.16,2909.16,2909.16,2909.16
1992-07-28,2948.64,2948.64,2948.64,2948.64
1992-07-29,2928.26,2928.26,2928.26,2928.26
1992-07-30,2930.58,2930.58,2930.58,2930.58
1992-07-31,2936.33,2936.33,2936.33,2936.33
1992-08-03,2896.69,2896.69,2896.69,2896.69
1992-08-04,2905,2905,2905,2905
1992-08-05,2875.18,2875.18,2875.18,2875.18
1992-08-06,2880.43,2880.43,2880.43,2880.43
1992-08-07,2890.39,2890.39,2890.39,2890.39
1992-08-10,2891.34,2891.34,2891.34,2891.34
1992-08-11,2864.25,2864.25,2864.25,2864.25
1992-08-12,2791.83,2791.83,2791.83,2791.83
1992-08-13,2752.51,2752.51,2752.51,2752.51
1992-08-14,2755.51,2755.51,2755.51,2755.51
1992-08-17,2772.02,2772.02,2772.02,2772.02
1992-08-18,2763.25,2763.25,2763.25,2763.25
1992-08-19,2779.44,2779.44,2779.44,2779.44
1992-08-20,2774.92,2774.92,2774.92,2774.92
1992-08-21,2767.55,2767.55,2767.55,2767.55
1992-08-24,2790.67,2790.67,2790.67,2790.67
1992-08-25,2782.56,2782.56,2782.56,2782.56
1992-08-26,2762.48,2762.48,2762.48,2762.48
1992-08-27,2769.42,2769.42,2769.42,2769.42
1992-08-28,2775.37,2775.37,2775.37,2775.37
1992-08-31,2798.94,2798.94,2798.94,2798.94
1992-09-01,2783.16,2783.16,2783.16,2783.16
1992-09-02,2760.28,2760.28,2760.28,2760.28
1992-09-03,2795.1,2795.1,2795.1,2795.1
1992-09-04,2815.99,2815.99,2815.99,2815.99
1992-09-07,2816.63,2816.63,2816.63,2816.63
1992-09-08,2822.96,2822.96,2822.96,2822.96
1992-09-09,2820.68,2820.68,2820.68,2820.68
1992-09-10,2837.53,2837.53,2837.53,2837.53
1992-09-11,2828.83,2828.83,2828.83,2828.83
1992-09-14,2880.91,2880.91,2880.91,2880.91
1992-09-15,2876.94,2876.94,2876.94,2876.94
1992-09-16,2909.78,2909.78,2909.78,2909.78
1992-09-17,2897.53,2897.53,2897.53,2897.53
1992-09-18,2918.85,2918.85,2918.85,2918.85
1992-09-21,2889.26,2889.26,2889.26,2889.26
1992-09-22,2902.08,2902.08,2902.08,2902.08
1992-09-23,2899.78,2899.78,2899.78,2899.78
1992-09-24,2904.14,2904.14,2904.14,2904.14
1992-09-25,2905.08,2905.08,2905.08,2905.08
1992-09-28,2890.3,2890.3,2890.3,2890.3
1992-09-29,2889.8,2889.8,2889.8,2889.8
1992-09-30,2881.54,2881.54,2881.54,2881.54
1992-10-01,2878,2878,2878,2878
1992-10-02,2881.98,2881.98,2881.98,2881.98
1992-10-05,2902.88,2902.88,2902.88,2902.88
1992-10-06,2897.44,2897.44,2897.44,2897.44
1992-10-07,2917.83,2917.83,2917.83,2917.83
1992-10-08,2910.21,2910.21,2910.21,2910.21
1992-10-09,2917.93,2917.93,2917.93,2917.93
1992-10-12,2874.7,2874.7,2874.7,2874.7
1992-10-13,2864.1,2864.1,2864.1,2864.1
1992-10-14,2854.17,2854.17,2854.17,2854.17
1992-10-15,2839.72,2839.72,2839.72,2839.72
1992-10-16,2850.06,2850.06,2850.06,2850.06
1992-10-19,2852.09,2852.09,2852.09,2852.09
1992-10-20,2866.51,2866.51,2866.51,2866.51
1992-10-21,2869.69,2869.69,2869.69,2869.69
1992-10-22,2860.47,2860.47,2860.47,2860.47
1992-10-23,2863.88,2863.88,2863.88,2863.88
1992-10-26,2843.22,2843.22,2843.22,2843.22
1992-10-27,2812.85,2812.85,2812.85,2812.85
1992-10-28,2830.23,2830.23,2830.23,2830.23
1992-10-29,2831.7,2831.7,2831.7,2831.7
1992-10-30,2830.59,2830.59,2830.59,2830.59
1992-11-02,2836.02,2836.02,2836.02,2836.02
1992-11-03,2821.5,2821.5,2821.5,2821.5
1992-11-04,2817.7,2817.7,2817.7,2817.7
1992-11-05,2809.21,2809.21,2809.21,2809.21
1992-11-06,2804.6,2804.6,2804.6,2804.6
1992-11-09,2779.03,2779.03,2779.03,2779.03
1992-11-10,2761.67,2761.67,2761.67,2761.67
1992-11-12,2789.61,2789.61,2789.61,2789.61
1992-11-13,2802.54,2802.54,2802.54,2802.54
1992-11-16,2790.43,2790.43,2790.43,2790.43
1992-11-17,2793.65,2793.65,2793.65,2793.65
1992-11-18,2800.46,2800.46,2800.46,2800.46
1992-11-19,2820.57,2820.57,2820.57,2820.57
1992-11-20,2845.08,2845.08,2845.08,2845.08
1992-11-23,2836.92,2836.92,2836.92,2836.92
1992-11-24,2845.18,2845.18,2845.18,2845.18
1992-11-25,2839.66,2839.66,2839.66,2839.66
1992-11-26,2839.86,2839.86,2839.86,2839.86
1992-11-27,2864.12,2864.12,2864.12,2864.12
1992-11-30,2876.88,2876.88,2876.88,2876.88
1992-12-01,2891.65,2891.65,2891.65,2891.65
1992-12-02,2898.53,2898.53,2898.53,2898.53
1992-12-03,2894.29,2894.29,2894.29,2894.29
1992-12-04,2920.03,2920.03,2920.03,2920.03
1992-12-07,2923.88,2923.88,2923.88,2923.88
1992-12-08,2936.6,2936.6,2936.6,2936.6
1992-12-09,2921.25,2921.25,2921.25,2921.25
1992-12-10,2925.26,2925.26,2925.26,2925.26
1992-12-11,2944.12,2944.12,2944.12,2944.12
1992-12-14,2938.3,2938.3,2938.3,2938.3
1992-12-15,2958.51,2958.51,2958.51,2958.51
1992-12-16,2987.8,2987.8,2987.8,2987.8
1992-12-17,2992.36,2992.36,2992.36,2992.36
1992-12-18,2961.33,2961.33,2961.33,2961.33
1992-12-21,2933.71,2933.71,2933.71,2933.71
1992-12-22,2886.6,2886.6,2886.6,2886.6
1992-12-23,2891.83,2891.83,2891.83,2891.83
1992-12-24,2891.05,2891.05,2891.05,2891.05
1992-12-28,2874.66,2874.66,2874.66,2874.66
1992-12-29,2870.11,2870.11,2870.11,2870.11
1992-12-30,2873.69,2873.69,2873.69,2873.69
1992-12-31,2872.46,2872.46,2872.46,2872.46
1993-01-04,2831.07,2831.07,2831.07,2831.07
1993-01-05,2838.69,2838.69,2838.69,2838.69
1993-01-06,2848.46,2848.46,2848.46,2848.46
1993-01-07,2841.43,2841.43,2841.43,2841.43
1993-01-08,2845.04,2845.04,2845.04,2845.04
1993-01-11,2829.68,2829.68,2829.68,2829.68
1993-01-12,2836.53,2836.53,2836.53,2836.53
1993-01-13,2830.91,2830.91,2830.91,2830.91
1993-01-14,2828.04,2828.04,2828.04,2828.04
1993-01-15,2821.33,2821.33,2821.33,2821.33
1993-01-18,2830.19,2830.19,2830.19,2830.19
1993-01-19,2834.53,2834.53,2834.53,2834.53
1993-01-20,2848.46,2848.46,2848.46,2848.46
1993-01-21,2848.72,2848.72,2848.72,2848.72
1993-01-22,2841.77,2841.77,2841.77,2841.77
1993-01-25,2845.04,2845.04,2845.04,2845.04
1993-01-26,2866.99,2866.99,2866.99,2866.99
1993-01-27,2861.21,2861.21,2861.21,2861.21
1993-01-28,2867.13,2867.13,2867.13,2867.13
1993-01-29,2864.95,2864.95,2864.95,2864.95
1993-02-01,2861.33,2861.33,2861.33,2861.33
1993-02-02,2862.04,2862.04,2862.04,2862.04
1993-02-03,2853.62,2853.62,2853.62,2853.62
1993-02-04,2850.31,2850.31,2850.31,2850.31
1993-02-05,2854.72,2854.72,2854.72,2854.72
1993-02-08,2854.72,2854.72,2854.72,2854.72
1993-02-09,2859.11,2859.11,2859.11,2859.11
1993-02-10,2893.26,2893.26,2893.26,2893.26
1993-02-11,2883.39,2883.39,2883.39,2883.39
1993-02-12,2860.76,2860.76,2860.76,2860.76
1993-02-16,2891.6,2891.6,2891.6,2891.6
1993-02-17,2873.17,2873.17,2873.17,2873.17
1993-02-18,2877.81,2877.81,2877.81,2877.81
1993-02-19,2856.39,2856.39,2856.39,2856.39
1993-02-22,2835.61,2835.61,2835.61,2835.61
1993-02-23,2858.8,2858.8,2858.8,2858.8
1993-02-24,2845.25,2845.25,2845.25,2845.25
1993-02-25,2843.88,2843.88,2843.88,2843.88
1993-02-26,2832.27,2832.27,2832.27,2832.27
1993-03-01,2834.03,2834.03,2834.03,2834.03
1993-03-02,2841.83,2841.83,2841.83,2841.83
1993-03-03,2832.3,2832.3,2832.3,2832.3
1993-03-04,2830.04,2830.04,2830.04,2830.04
1993-03-05,2837.84,2837.84,2837.84,2837.84
1993-03-08,2815.15,2815.15,2815.15,2815.15
1993-03-09,2808.9,2808.9,2808.9,2808.9
1993-03-10,2808.9,2808.9,2808.9,2808.9
1993-03-11,2816.54,2816.54,2816.54,2816.54
1993-03-12,2821.03,2821.03,2821.03,2821.03
1993-03-15,2839.88,2839.88,2839.88,2839.88
1993-03-16,2839.18,2839.18,2839.18,2839.18
1993-03-17,2839.88,2839.88,2839.88,2839.88
1993-03-18,2852.43,2852.43,2852.43,2852.43
1993-03-19,2854.06,2854.06,2854.06,2854.06
1993-03-22,2860.99,2860.99,2860.99,2860.99
1993-03-23,2852.85,2852.85,2852.85,2852.85
1993-03-24,2851.24,2851.24,2851.24,2851.24
1993-03-25,2864.66,2864.66,2864.66,2864.66
1993-03-26,2865.83,2865.83,2865.83,2865.83
1993-03-29,2859.79,2859.79,2859.79,2859.79
1993-03-30,2905.96,2905.96,2905.96,2905.96
1993-03-31,2908.12,2908.12,2908.12,2908.12
1993-04-01,2916.04,2916.04,2916.04,2916.04
1993-04-02,2935.69,2935.69,2935.69,2935.69
1993-04-05,2923.85,2923.85,2923.85,2923.85
1993-04-06,2908.64,2908.64,2908.64,2908.64
1993-04-07,2912.82,2912.82,2912.82,2912.82
1993-04-08,2906.8,2906.8,2906.8,2906.8
1993-04-13,2893.69,2893.69,2893.69,2893.69
1993-04-14,2913.88,2913.88,2913.88,2913.88
1993-04-15,2892,2892,2892,2892
1993-04-16,2907.01,2907.01,2907.01,2907.01
1993-04-19,2915.62,2915.62,2915.62,2915.62
1993-04-20,2908.64,2908.64,2908.64,2908.64
1993-04-21,2908.96,2908.96,2908.96,2908.96
1993-04-22,2911.57,2911.57,2911.57,2911.57
1993-04-23,2964.9,2964.9,2964.9,2964.9
1993-04-26,3021.57,3021.57,3021.57,3021.57
1993-04-27,3006.23,3006.23,3006.23,3006.23
1993-04-28,3025.91,3025.91,3025.91,3025.91
1993-04-29,3050.25,3050.25,3050.25,3050.25
1993-04-30,3049.38,3049.38,3049.38,3049.38
1993-05-04,3046.45,3046.45,3046.45,3046.45
1993-05-05,3039.25,3039.25,3039.25,3039.25
1993-05-06,3064.18,3064.18,3064.18,3064.18
1993-05-07,3055.64,3055.64,3055.64,3055.64
1993-05-10,3057.85,3057.85,3057.85,3057.85
1993-05-11,3061.59,3061.59,3061.59,3061.59
1993-05-12,3100.78,3100.78,3100.78,3100.78
1993-05-13,3170.31,3170.31,3170.31,3170.31
1993-05-14,3163.85,3163.85,3163.85,3163.85
1993-05-17,3161.97,3161.97,3161.97,3161.97
1993-05-18,3229.43,3229.43,3229.43,3229.43
1993-05-19,3215.52,3215.52,3215.52,3215.52
1993-05-20,3216.97,3216.97,3216.97,3216.97
1993-05-21,3246.26,3246.26,3246.26,3246.26
1993-05-24,3212.26,3212.26,3212.26,3212.26
1993-05-25,3252.07,3252.07,3252.07,3252.07
1993-05-26,3239.11,3239.11,3239.11,3239.11
1993-05-27,3293.16,3293.16,3293.16,3293.16
1993-05-28,3263.45,3263.45,3263.45,3263.45
1993-06-01,3189.05,3189.05,3189.05,3189.05
1993-06-02,3183.97,3183.97,3183.97,3183.97
1993-06-03,3228.91,3228.91,3228.91,3228.91
1993-06-04,3241.74,3241.74,3241.74,3241.74
1993-06-07,3214.98,3214.98,3214.98,3214.98
1993-06-08,3212.79,3212.79,3212.79,3212.79
1993-06-09,3192.18,3192.18,3192.18,3192.18
1993-06-11,3145.65,3145.65,3145.65,3145.65
1993-06-14,3140.68,3140.68,3140.68,3140.68
1993-06-15,3190.64,3190.64,3190.64,3190.64
1993-06-16,3202.88,3202.88,3202.88,3202.88
1993-06-17,3208.11,3208.11,3208.11,3208.11
1993-06-18,3212.39,3212.39,3212.39,3212.39
1993-06-21,3198.62,3198.62,3198.62,3198.62
1993-06-22,3187.85,3187.85,3187.85,3187.85
1993-06-23,3241.28,3241.28,3241.28,3241.28
1993-06-24,3248.75,3248.75,3248.75,3248.75
1993-06-25,3266.36,3266.36,3266.36,3266.36
1993-06-28,3249.59,3249.59,3249.59,3249.59
1993-06-29,3276.62,3276.62,3276.62,3276.62
1993-06-30,3274.39,3274.39,3274.39,3274.39
1993-07-01,3353.32,3353.32,3353.32,3353.32
1993-07-02,3341.27,3341.27,3341.27,3341.27
1993-07-06,3392.95,3392.95,3392.95,3392.95
1993-07-07,3437.27,3437.27,3437.27,3437.27
1993-07-08,3414.26,3414.26,3414.26,3414.26
1993-07-09,3387.21,3387.21,3387.21,3387.21
1993-07-12,3412.41,3412.41,3412.41,3412.41
1993-07-13,3406.65,3406.65,3406.65,3406.65
1993-07-14,3379.28,3379.28,3379.28,3379.28
1993-07-15,3402.63,3402.63,3402.63,3402.63
1993-07-16,3392.1,3392.1,3392.1,3392.1
1993-07-19,3386.6,3386.6,3386.6,3386.6
1993-07-20,3386.75,3386.75,3386.75,3386.75
1993-07-21,3362.23,3362.23,3362.23,3362.23
1993-07-22,3379.42,3379.42,3379.42,3379.42
1993-07-23,3368.58,3368.58,3368.58,3368.58
1993-07-26,3393.3,3393.3,3393.3,3393.3
1993-07-27,3417.83,3417.83,3417.83,3417.83
1993-07-28,3436.82,3436.82,3436.82,3436.82
1993-07-29,3473.8,3473.8,3473.8,3473.8
1993-07-30,3552.12,3552.12,3552.12,3552.12
1993-08-02,3541.66,3541.66,3541.66,3541.66
1993-08-03,3520.26,3520.26,3520.26,3520.26
1993-08-04,3481.85,3481.85,3481.85,3481.85
1993-08-05,3289.26,3289.26,3289.26,3289.26
1993-08-06,3283.03,3283.03,3283.03,3283.03
1993-08-09,3339.16,3339.16,3339.16,3339.16
1993-08-10,3319.29,3319.29,3319.29,3319.29
1993-08-11,3282.34,3282.34,3282.34,3282.34
1993-08-12,3211.36,3211.36,3211.36,3211.36
1993-08-13,3228.84,3228.84,3228.84,3228.84
1993-08-16,3261.79,3261.79,3261.79,3261.79
1993-08-17,3250.73,3250.73,3250.73,3250.73
1993-08-18,3271.94,3271.94,3271.94,3271.94
1993-08-19,3244.11,3244.11,3244.11,3244.11
1993-08-20,3260.25,3260.25,3260.25,3260.25
1993-08-23,3252.99,3252.99,3252.99,3252.99
1993-08-24,3249.68,3249.68,3249.68,3249.68
1993-08-25,3255.22,3255.22,3255.22,3255.22
1993-08-26,3212.7,3212.7,3212.7,3212.7
1993-08-27,3224.39,3224.39,3224.39,3224.39
1993-08-30,3243.27,3243.27,3243.27,3243.27
1993-08-31,3260.39,3260.39,3260.39,3260.39
1993-09-01,3236.57,3236.57,3236.57,3236.57
1993-09-02,3177.32,3177.32,3177.32,3177.32
1993-09-03,3186.06,3186.06,3186.06,3186.06
1993-09-07,3059.14,3059.14,3059.14,3059.14
1993-09-08,3067.02,3067.02,3067.02,3067.02
1993-09-09,3094.48,3094.48,3094.48,3094.48
1993-09-10,3056.46,3056.46,3056.46,3056.46
1993-09-13,2993.24,2993.24,2993.24,2993.24
1993-09-14,3007.62,3007.62,3007.62,3007.62
1993-09-15,3031.38,3031.38,3031.38,3031.38
1993-09-16,3075.97,3075.97,3075.97,3075.97
1993-09-17,3061.09,3061.09,3061.09,3061.09
1993-09-20,3086.17,3086.17,3086.17,3086.17
1993-09-21,3165.23,3165.23,3165.23,3165.23
1993-09-22,3087.21,3087.21,3087.21,3087.21
1993-09-23,3122.12,3122.12,3122.12,3122.12
1993-09-24,3118.69,3118.69,3118.69,3118.69
1993-09-27,3086.29,3086.29,3086.29,3086.29
1993-09-28,3099.15,3099.15,3099.15,3099.15
1993-09-29,3078.13,3078.13,3078.13,3078.13
1993-09-30,3098.76,3098.76,3098.76,3098.76
1993-10-01,3095.72,3095.72,3095.72,3095.72
1993-10-04,3074.92,3074.92,3074.92,3074.92
1993-10-05,3075.92,3075.92,3075.92,3075.92
1993-10-06,3106.13,3106.13,3106.13,3106.13
1993-10-07,3110.03,3110.03,3110.03,3110.03
1993-10-08,3137.27,3137.27,3137.27,3137.27
1993-10-11,3138.84,3138.84,3138.84,3138.84
1993-10-12,3204.59,3204.59,3204.59,3204.59
1993-10-13,3189.49,3189.49,3189.49,3189.49
1993-10-14,3182.32,3182.32,3182.32,3182.32
1993-10-15,3178.7,3178.7,3178.7,3178.7
1993-10-18,3206.77,3206.77,3206.77,3206.77
1993-10-19,3212,3212,3212,3212
1993-10-20,3241.08,3241.08,3241.08,3241.08
1993-10-21,3232.44,3232.44,3232.44,3232.44
1993-10-22,3219.02,3219.02,3219.02,3219.02
1993-10-25,3212.2,3212.2,3212.2,3212.2
1993-10-26,3212.51,3212.51,3212.51,3212.51
1993-10-27,3217.61,3217.61,3217.61,3217.61
1993-10-28,3211.16,3211.16,3211.16,3211.16
1993-10-29,3208.19,3208.19,3208.19,3208.19
1993-11-02,3155.84,3155.84,3155.84,3155.84
1993-11-03,3194.08,3194.08,3194.08,3194.08
1993-11-04,3229.47,3229.47,3229.47,3229.47
1993-11-05,3277.52,3277.52,3277.52,3277.52
1993-11-08,3255.85,3255.85,3255.85,3255.85
1993-11-09,3268.77,3268.77,3268.77,3268.77
1993-11-10,3274.76,3274.76,3274.76,3274.76
1993-11-12,3240.55,3240.55,3240.55,3240.55
1993-11-15,3257.37,3257.37,3257.37,3257.37
1993-11-16,3249.23,3249.23,3249.23,3249.23
1993-11-17,3271.83,3271.83,3271.83,3271.83
1993-11-18,3276.16,3276.16,3276.16,3276.16
1993-11-19,3290.46,3290.46,3290.46,3290.46
1993-11-22,3294.74,3294.74,3294.74,3294.74
1993-11-23,3284.98,3284.98,3284.98,3284.98
1993-11-24,3299.73,3299.73,3299.73,3299.73
1993-11-29,3231.57,3231.57,3231.57,3231.57
1993-11-30,3235.31,3235.31,3235.31,3235.31
1993-12-01,3275.35,3275.35,3275.35,3275.35
1993-12-02,3267.84,3267.84,3267.84,3267.84
1993-12-03,3293.93,3293.93,3293.93,3293.93
1993-12-06,3288.03,3288.03,3288.03,3288.03
1993-12-07,3300.85,3300.85,3300.85,3300.85
1993-12-08,3357.99,3357.99,3357.99,3357.99
1993-12-09,3343.69,3343.69,3343.69,3343.69
1993-12-10,3349.2,3349.2,3349.2,3349.2
1993-12-13,3382.44,3382.44,3382.44,3382.44
1993-12-14,3364.87,3364.87,3364.87,3364.87
1993-12-15,3369.67,3369.67,3369.67,3369.67
1993-12-16,3355.87,3355.87,3355.87,3355.87
1993-12-17,3371.53,3371.53,3371.53,3371.53
1993-12-20,3388.5,3388.5,3388.5,3388.5
1993-12-21,3372.87,3372.87,3372.87,3372.87
1993-12-22,3362.31,3362.31,3362.31,3362.31
1993-12-23,3360.96,3360.96,3360.96,3360.96
1993-12-24,3365.54,3365.54,3365.54,3365.54
1993-12-27,3375.75,3375.75,3375.75,3375.75
1993-12-28,3372.87,3372.87,3372.87,3372.87
1993-12-29,3392.83,3392.83,3392.83,3392.83
1993-12-30,3397.12,3397.12,3397.12,3397.12
1993-12-31,3397.15,3397.15,3397.15,3397.15
1994-01-03,3433.81,3433.81,3433.81,3433.81
1994-01-04,3431.01,3431.01,3431.01,3431.01
1994-01-05,3406.41,3406.41,3406.41,3406.41
1994-01-06,3390.24,3390.24,3390.24,3390.24
1994-01-07,3367.1,3367.1,3367.1,3367.1
1994-01-10,3352.25,3352.25,3352.25,3352.25
1994-01-11,3380.74,3380.74,3380.74,3380.74
1994-01-12,3368.42,3368.42,3368.42,3368.42
1994-01-13,3398.14,3398.14,3398.14,3398.14
1994-01-14,3394.01,3394.01,3394.01,3394.01
1994-01-17,3413.95,3413.95,3413.95,3413.95
1994-01-18,3421.9,3421.9,3421.9,3421.9
1994-01-19,3420.52,3420.52,3420.52,3420.52
1994-01-20,3378.98,3378.98,3378.98,3378.98
1994-01-21,3326.63,3326.63,3326.63,3326.63
1994-01-24,3322.58,3322.58,3322.58,3322.58
1994-01-25,3329.32,3329.32,3329.32,3329.32
1994-01-26,3350.7,3350.7,3350.7,3350.7
1994-01-27,3273.16,3273.16,3273.16,3273.16
1994-01-28,3289.21,3289.21,3289.21,3289.21
1994-01-31,3333.33,3333.33,3333.33,3333.33
1994-02-01,3350.7,3350.7,3350.7,3350.7
1994-02-02,3357.43,3357.43,3357.43,3357.43
1994-02-03,3378.87,3378.87,3378.87,3378.87
1994-02-04,3372.05,3372.05,3372.05,3372.05
1994-02-07,3302.72,3302.72,3302.72,3302.72
1994-02-08,3335.98,3335.98,3335.98,3335.98
1994-02-09,3343.92,3343.92,3343.92,3343.92
1994-02-10,3330.69,3330.69,3330.69,3330.69
1994-02-11,3317.5,3317.5,3317.5,3317.5
1994-02-14,3349.19,3349.19,3349.19,3349.19
1994-02-15,3343.92,3343.92,3343.92,3343.92
1994-02-16,3342.62,3342.62,3342.62,3342.62
1994-02-17,3339.98,3339.98,3339.98,3339.98
1994-02-18,3312.1,3312.1,3312.1,3312.1
1994-02-21,3316.06,3316.06,3316.06,3316.06
1994-02-22,3293.6,3293.6,3293.6,3293.6
1994-02-23,3289.73,3289.73,3289.73,3289.73
1994-02-24,3281.75,3281.75,3281.75,3281.75
1994-02-25,3299.05,3299.05,3299.05,3299.05
1994-02-28,3326.71,3326.71,3326.71,3326.71
1994-03-01,3301.51,3301.51,3301.51,3301.51
1994-03-02,3294.77,3294.77,3294.77,3294.77
1994-03-03,3292.1,3292.1,3292.1,3292.1
1994-03-04,3286.96,3286.96,3286.96,3286.96
1994-03-07,3281.75,3281.75,3281.75,3281.75
1994-03-08,3287.18,3287.18,3287.18,3287.18
1994-03-09,3305.62,3305.62,3305.62,3305.62
1994-03-10,3370.3,3370.3,3370.3,3370.3
1994-03-11,3359.84,3359.84,3359.84,3359.84
1994-03-14,3370.52,3370.52,3370.52,3370.52
1994-03-15,3370.43,3370.43,3370.43,3370.43
1994-03-16,3354.46,3354.46,3354.46,3354.46
1994-03-17,3334.65,3334.65,3334.65,3334.65
1994-03-18,3374.26,3374.26,3374.26,3374.26
1994-03-21,3368.92,3368.92,3368.92,3368.92
1994-03-22,3391.17,3391.17,3391.17,3391.17
1994-03-23,3368.92,3368.92,3368.92,3368.92
1994-03-24,3412.32,3412.32,3412.32,3412.32
1994-03-25,3409.81,3409.81,3409.81,3409.81
1994-03-28,3382.35,3382.35,3382.35,3382.35
1994-03-29,3365,3365,3365,3365
1994-03-30,3367.67,3367.67,3367.67,3367.67
1994-03-31,3417.52,3417.52,3417.52,3417.52
1994-04-01,3396.6,3396.6,3396.6,3396.6
1994-04-05,3354.38,3354.38,3354.38,3354.38
1994-04-06,3358.18,3358.18,3358.18,3358.18
1994-04-07,3355.42,3355.42,3355.42,3355.42
1994-04-08,3351.52,3351.52,3351.52,3351.52
1994-04-11,3304.79,3304.79,3304.79,3304.79
1994-04-12,3307.36,3307.36,3307.36,3307.36
1994-04-13,3301.01,3301.01,3301.01,3301.01
1994-04-14,3301.01,3301.01,3301.01,3301.01
1994-04-15,3299.65,3299.65,3299.65,3299.65
1994-04-18,3288.15,3288.15,3288.15,3288.15
1994-04-19,3240.53,3240.53,3240.53,3240.53
1994-04-20,3244.19,3244.19,3244.19,3244.19
1994-04-21,3251.94,3251.94,3251.94,3251.94
1994-04-22,3230.95,3230.95,3230.95,3230.95
1994-04-25,3263.32,3263.32,3263.32,3263.32
1994-04-26,3258.16,3258.16,3258.16,3258.16
1994-04-27,3264.67,3264.67,3264.67,3264.67
1994-04-28,3277.47,3277.47,3277.47,3277.47
1994-04-29,3284.05,3284.05,3284.05,3284.05
1994-05-04,3273.23,3273.23,3273.23,3273.23
1994-05-05,3242.72,3242.72,3242.72,3242.72
1994-05-06,3329.46,3329.46,3329.46,3329.46
1994-05-09,3310.13,3310.13,3310.13,3310.13
1994-05-10,3289.37,3289.37,3289.37,3289.37
1994-05-11,3316.58,3316.58,3316.58,3316.58
1994-05-12,3311.44,3311.44,3311.44,3311.44
1994-05-13,3301.23,3301.23,3301.23,3301.23
1994-05-16,3319.23,3319.23,3319.23,3319.23
1994-05-17,3307.72,3307.72,3307.72,3307.72
1994-05-18,3310.27,3310.27,3310.27,3310.27
1994-05-19,3311.51,3311.51,3311.51,3311.51
1994-05-20,3347.47,3347.47,3347.47,3347.47
1994-05-23,3374.47,3374.47,3374.47,3374.47
1994-05-24,3359.07,3359.07,3359.07,3359.07
1994-05-25,3356.45,3356.45,3356.45,3356.45
1994-05-26,3333.33,3333.33,3333.33,3333.33
1994-05-27,3338.47,3338.47,3338.47,3338.47
1994-05-30,3339.75,3339.75,3339.75,3339.75
1994-05-31,3355.14,3355.14,3355.14,3355.14
1994-06-01,3325.64,3325.64,3325.64,3325.64
1994-06-03,3314.04,3314.04,3314.04,3314.04
1994-06-06,3302.75,3302.75,3302.75,3302.75
1994-06-07,3319.31,3319.31,3319.31,3319.31
1994-06-08,3326.97,3326.97,3326.97,3326.97
1994-06-09,3333.33,3333.33,3333.33,3333.33
1994-06-10,3338.42,3338.42,3338.42,3338.42
1994-06-13,3325.73,3325.73,3325.73,3325.73
1994-06-14,3333.33,3333.33,3333.33,3333.33
1994-06-15,3355.01,3355.01,3355.01,3355.01
1994-06-16,3344.8,3344.8,3344.8,3344.8
1994-06-17,3397.24,3397.24,3397.24,3397.24
1994-06-20,3379.2,3379.2,3379.2,3379.2
1994-06-21,3411.81,3411.81,3411.81,3411.81
1994-06-22,3379.63,3379.63,3379.63,3379.63
1994-06-23,3380.93,3380.93,3380.93,3380.93
1994-06-24,3388.46,3388.46,3388.46,3388.46
1994-06-27,3338.48,3338.48,3338.48,3338.48
1994-06-28,3348.84,3348.84,3348.84,3348.84
1994-06-29,3339.77,3339.77,3339.77,3339.77
1994-06-30,3344.92,3344.92,3344.92,3344.92
1994-07-01,3362.9,3362.9,3362.9,3362.9
1994-07-04,3362.83,3362.83,3362.83,3362.83
1994-07-05,3344.84,3344.84,3344.84,3344.84
1994-07-06,3325.64,3325.64,3325.64,3325.64
1994-07-07,3330.76,3330.76,3330.76,3330.76
1994-07-08,3328.2,3328.2,3328.2,3328.2
1994-07-11,3353.87,3353.87,3353.87,3353.87
1994-07-12,3339.8,3339.8,3339.8,3339.8
1994-07-13,3322.93,3322.93,3322.93,3322.93
1994-07-14,3325.55,3325.55,3325.55,3325.55
1994-07-15,3342.37,3342.37,3342.37,3342.37
1994-07-18,3341.05,3341.05,3341.05,3341.05
1994-07-19,3347.52,3347.52,3347.52,3347.52
1994-07-20,3335.9,3335.9,3335.9,3335.9
1994-07-21,3326.97,3326.97,3326.97,3326.97
1994-07-22,3329.5,3329.5,3329.5,3329.5
1994-07-25,3328.28,3328.28,3328.28,3328.28
1994-07-26,3345.96,3345.96,3345.96,3345.96
1994-07-27,3349.72,3349.72,3349.72,3349.72
1994-07-28,3327.01,3327.01,3327.01,3327.01
1994-07-29,3311.81,3311.81,3311.81,3311.81
1994-08-01,3310.73,3310.73,3310.73,3310.73
1994-08-02,3275.14,3275.14,3275.14,3275.14
1994-08-03,3262.76,3262.76,3262.76,3262.76
1994-08-04,3258,3258,3258,3258
1994-08-05,3256.52,3256.52,3256.52,3256.52
1994-08-08,3249.44,3249.44,3249.44,3249.44
1994-08-09,3256.86,3256.86,3256.86,3256.86
1994-08-10,3253.28,3253.28,3253.28,3253.28
1994-08-11,3263.16,3263.16,3263.16,3263.16
1994-08-12,3244.66,3244.66,3244.66,3244.66
1994-08-16,3247.64,3247.64,3247.64,3247.64
1994-08-17,3245.38,3245.38,3245.38,3245.38
1994-08-18,3279.43,3279.43,3279.43,3279.43
1994-08-19,3285.55,3285.55,3285.55,3285.55
1994-08-22,3280.36,3280.36,3280.36,3280.36
1994-08-23,3277.88,3277.88,3277.88,3277.88
1994-08-24,3296.79,3296.79,3296.79,3296.79
1994-08-25,3290.66,3290.66,3290.66,3290.66
1994-08-26,3284.64,3284.64,3284.64,3284.64
1994-08-29,3319.56,3319.56,3319.56,3319.56
1994-08-30,3314.79,3314.79,3314.79,3314.79
1994-08-31,3313.59,3313.59,3313.59,3313.59
1994-09-01,3318.55,3318.55,3318.55,3318.55
1994-09-02,3318.55,3318.55,3318.55,3318.55
1994-09-05,3321.01,3321.01,3321.01,3321.01
1994-09-06,3323.42,3323.42,3323.42,3323.42
1994-09-07,3337.06,3337.06,3337.06,3337.06
1994-09-08,3340.78,3340.78,3340.78,3340.78
1994-09-09,3355.61,3355.61,3355.61,3355.61
1994-09-12,3343.2,3343.2,3343.2,3343.2
1994-09-13,3343.26,3343.26,3343.26,3343.26
1994-09-14,3323.42,3323.42,3323.42,3323.42
1994-09-15,3318.45,3318.45,3318.45,3318.45
1994-09-16,3334.57,3334.57,3334.57,3334.57
1994-09-19,3339.5,3339.5,3339.5,3339.5
1994-09-20,3365.46,3365.46,3365.46,3365.46
1994-09-21,3366.56,3366.56,3366.56,3366.56
1994-09-22,3388.77,3388.77,3388.77,3388.77
1994-09-23,3386.32,3386.32,3386.32,3386.32
1994-09-26,3369.04,3369.04,3369.04,3369.04
1994-09-27,3395.95,3395.95,3395.95,3395.95
1994-09-28,3372.65,3372.65,3372.65,3372.65
1994-09-29,3380.02,3380.02,3380.02,3380.02
1994-09-30,3373.85,3373.85,3373.85,3373.85
1994-10-03,3375.05,3375.05,3375.05,3375.05
1994-10-04,3354.11,3354.11,3354.11,3354.11
1994-10-05,3350.48,3350.48,3350.48,3350.48
1994-10-06,3354.17,3354.17,3354.17,3354.17
1994-10-07,3341.91,3341.91,3341.91,3341.91
1994-10-10,3340.69,3340.69,3340.69,3340.69
1994-10-11,3316.23,3316.23,3316.23,3316.23
1994-10-12,3316.21,3316.21,3316.21,3316.21
1994-10-13,3306.45,3306.45,3306.45,3306.45
1994-10-14,3311.33,3311.33,3311.33,3311.33
1994-10-17,3329.65,3329.65,3329.65,3329.65
1994-10-18,3322.21,3322.21,3322.21,3322.21
1994-10-19,3333.33,3333.33,3333.33,3333.33
1994-10-20,3340.76,3340.76,3340.76,3340.76
1994-10-21,3339.51,3339.51,3339.51,3339.51
1994-10-24,3329.62,3329.62,3329.62,3329.62
1994-10-25,3325.93,3325.93,3325.93,3325.93
1994-10-26,3325.89,3325.89,3325.89,3325.89
1994-10-27,3316.06,3316.06,3316.06,3316.06
1994-10-28,3307.41,3307.41,3307.41,3307.41
1994-11-02,3281.6,3281.6,3281.6,3281.6
1994-11-03,3276.69,3276.69,3276.69,3276.69
1994-11-04,3273.46,3273.46,3273.46,3273.46
1994-11-07,3267.62,3267.62,3267.62,3267.62
1994-11-08,3278.45,3278.45,3278.45,3278.45
1994-11-09,3276.05,3276.05,3276.05,3276.05
1994-11-10,3287.32,3287.32,3287.32,3287.32
1994-11-14,3283.69,3283.69,3283.69,3283.69
1994-11-15,3297.26,3297.26,3297.26,3297.26
1994-11-16,3294.88,3294.88,3294.88,3294.88
1994-11-17,3287.97,3287.97,3287.97,3287.97
1994-11-18,3275.92,3275.92,3275.92,3275.92
1994-11-21,3267.79,3267.79,3267.79,3267.79
1994-11-22,3271.49,3271.49,3271.49,3271.49
1994-11-23,3279.74,3279.74,3279.74,3279.74
1994-11-24,3279.69,3279.69,3279.69,3279.69
1994-11-25,3283.53,3283.53,3283.53,3283.53
1994-11-28,3265.74,3265.74,3265.74,3265.74
1994-11-29,3267.12,3267.12,3267.12,3267.12
1994-11-30,3248.23,3248.23,3248.23,3248.23
1994-12-01,3235.5,3235.5,3235.5,3235.5
1994-12-02,3210.75,3210.75,3210.75,3210.75
1994-12-05,3205.22,3205.22,3205.22,3205.22
1994-12-06,3207.75,3207.75,3207.75,3207.75
1994-12-07,3208.74,3208.74,3208.74,3208.74
1994-12-08,3213.53,3213.53,3213.53,3213.53
1994-12-09,3212.78,3212.78,3212.78,3212.78
1994-12-12,3215.41,3215.41,3215.41,3215.41
1994-12-13,3215.41,3215.41,3215.41,3215.41
1994-12-14,3224.79,3224.79,3224.79,3224.79
1994-12-15,3234.16,3234.16,3234.16,3234.16
1994-12-16,3223.78,3223.78,3223.78,3223.78
1994-12-19,3228.51,3228.51,3228.51,3228.51
1994-12-20,3240.42,3240.42,3240.42,3240.42
1994-12-21,3240.42,3240.42,3240.42,3240.42
1994-12-22,3231.2,3231.2,3231.2,3231.2
1994-12-23,3225.81,3225.81,3225.81,3225.81
1994-12-27,3233.97,3233.97,3233.97,3233.97
1994-12-28,3249.13,3249.13,3249.13,3249.13
1994-12-29,3236.51,3236.51,3236.51,3236.51
1994-12-30,3237.24,3237.24,3237.24,3237.24
1995-01-03,3227.94,3227.94,3227.94,3227.94
1995-01-04,3180.71,3180.71,3180.71,3180.71
1995-01-05,3179.77,3179.77,3179.77,3179.77
1995-01-06,3147.31,3147.31,3147.31,3147.31
1995-01-09,3154.06,3154.06,3154.06,3154.06
1995-01-10,3150.07,3150.07,3150.07,3150.07
1995-01-11,3183.72,3183.72,3183.72,3183.72
1995-01-12,3215.03,3215.03,3215.03,3215.03
1995-01-13,3189.72,3189.72,3189.72,3189.72
1995-01-16,3176.76,3176.76,3176.76,3176.76
1995-01-17,3195.55,3195.55,3195.55,3195.55
1995-01-18,3216.27,3216.27,3216.27,3216.27
1995-01-19,3233.55,3233.55,3233.55,3233.55
1995-01-20,3213.17,3213.17,3213.17,3213.17
1995-01-23,3200.7,3200.7,3200.7,3200.7
1995-01-24,3205.44,3205.44,3205.44,3205.44
1995-01-25,3202.93,3202.93,3202.93,3202.93
1995-01-26,3218.03,3218.03,3218.03,3218.03
1995-01-27,3169.8,3169.8,3169.8,3169.8
1995-01-30,3162.84,3162.84,3162.84,3162.84
1995-01-31,3160.64,3160.64,3160.64,3160.64
1995-02-01,3185.93,3185.93,3185.93,3185.93
1995-02-02,3164.99,3164.99,3164.99,3164.99
1995-02-03,3175.21,3175.21,3175.21,3175.21
1995-02-06,3179.93,3179.93,3179.93,3179.93
1995-02-07,3164.6,3164.6,3164.6,3164.6
1995-02-08,3160.43,3160.43,3160.43,3160.43
1995-02-09,3157.17,3157.17,3157.17,3157.17
1995-02-10,3151.39,3151.39,3151.39,3151.39
1995-02-13,3149.04,3149.04,3149.04,3149.04
1995-02-14,3169.14,3169.14,3169.14,3169.14
1995-02-15,3151.2,3151.2,3151.2,3151.2
1995-02-16,3143.55,3143.55,3143.55,3143.55
1995-02-17,3168.28,3168.28,3168.28,3168.28
1995-02-20,3169.97,3169.97,3169.97,3169.97
1995-02-21,3182.29,3182.29,3182.29,3182.29
1995-02-22,3192.9,3192.9,3192.9,3192.9
1995-02-23,3186.09,3186.09,3186.09,3186.09
1995-02-24,3169.8,3169.8,3169.8,3169.8
1995-02-27,3148.73,3148.73,3148.73,3148.73
1995-02-28,3174.99,3174.99,3174.99,3174.99
1995-03-01,3146.34,3146.34,3146.34,3146.34
1995-03-02,3161.56,3161.56,3161.56,3161.56
1995-03-03,3127.62,3127.62,3127.62,3127.62
1995-03-06,3136.36,3136.36,3136.36,3136.36
1995-03-07,3222.82,3222.82,3222.82,3222.82
1995-03-08,3193.31,3193.31,3193.31,3193.31
1995-03-09,3231.6,3231.6,3231.6,3231.6
1995-03-10,3229.02,3229.02,3229.02,3229.02
1995-03-13,3201.55,3201.55,3201.55,3201.55
1995-03-14,3206.08,3206.08,3206.08,3206.08
1995-03-15,3205.08,3205.08,3205.08,3205.08
1995-03-16,3179.25,3179.25,3179.25,3179.25
1995-03-17,3176.01,3176.01,3176.01,3176.01
1995-03-20,3187.94,3187.94,3187.94,3187.94
1995-03-21,3172.02,3172.02,3172.02,3172.02
1995-03-22,3203.68,3203.68,3203.68,3203.68
1995-03-23,3177.5,3177.5,3177.5,3177.5
1995-03-24,3174.44,3174.44,3174.44,3174.44
1995-03-27,3174.77,3174.77,3174.77,3174.77
1995-03-28,3164.73,3164.73,3164.73,3164.73
1995-03-29,3162.73,3162.73,3162.73,3162.73
1995-03-30,3244.4,3244.4,3244.4,3244.4
1995-03-31,3231.36,3231.36,3231.36,3231.36
1995-04-03,3261.18,3261.18,3261.18,3261.18
1995-04-04,3263.35,3263.35,3263.35,3263.35
1995-04-05,3263.49,3263.49,3263.49,3263.49
1995-04-06,3262.18,3262.18,3262.18,3262.18
1995-04-07,3245.92,3245.92,3245.92,3245.92
1995-04-10,3278.98,3278.98,3278.98,3278.98
1995-04-11,3251.4,3251.4,3251.4,3251.4
1995-04-12,3223.78,3223.78,3223.78,3223.78
1995-04-13,3215.41,3215.41,3215.41,3215.41
1995-04-14,3231.69,3231.69,3231.69,3231.69
1995-04-18,3278.29,3278.29,3278.29,3278.29
1995-04-19,3261.18,3261.18,3261.18,3261.18
1995-04-20,3256.47,3256.47,3256.47,3256.47
1995-04-21,3241.53,3241.53,3241.53,3241.53
1995-04-24,3217.54,3217.54,3217.54,3217.54
1995-04-25,3225.01,3225.01,3225.01,3225.01
1995-04-26,3225.12,3225.12,3225.12,3225.12
1995-04-27,3213.03,3213.03,3213.03,3213.03
1995-04-28,3217.3,3217.3,3217.3,3217.3
1995-05-04,3210.05,3210.05,3210.05,3210.05
1995-05-05,3206.96,3206.96,3206.96,3206.96
1995-05-09,3146.54,3146.54,3146.54,3146.54
1995-05-10,3166.09,3166.09,3166.09,3166.09
1995-05-11,3188.71,3188.71,3188.71,3188.71
1995-05-12,3203.13,3203.13,3203.13,3203.13
1995-05-15,3119.14,3119.14,3119.14,3119.14
1995-05-16,3177.31,3177.31,3177.31,3177.31
1995-05-17,3178.85,3178.85,3178.85,3178.85
1995-05-18,3189.74,3189.74,3189.74,3189.74
1995-05-19,3165.69,3165.69,3165.69,3165.69
1995-05-22,3155.88,3155.88,3155.88,3155.88
1995-05-23,3178.78,3178.78,3178.78,3178.78
1995-05-24,3178.46,3178.46,3178.46,3178.46
1995-05-25,3181.34,3181.34,3181.34,3181.34
1995-05-26,3201.86,3201.86,3201.86,3201.86
1995-05-29,3213.9,3213.9,3213.9,3213.9
1995-05-30,3195.84,3195.84,3195.84,3195.84
1995-05-31,3212.62,3212.62,3212.62,3212.62
1995-06-01,3189.02,3189.02,3189.02,3189.02
1995-06-02,3179.23,3179.23,3179.23,3179.23
1995-06-05,3192.32,3192.32,3192.32,3192.32
1995-06-06,3193.9,3193.9,3193.9,3193.9
1995-06-07,3197.45,3197.45,3197.45,3197.45
1995-06-08,3210.88,3210.88,3210.88,3210.88
1995-06-09,3207.95,3207.95,3207.95,3207.95
1995-06-12,3211.5,3211.5,3211.5,3211.5
1995-06-13,3211.11,3211.11,3211.11,3211.11
1995-06-14,3209.35,3209.35,3209.35,3209.35
1995-06-16,3225.81,3225.81,3225.81,3225.81
1995-06-19,3253.91,3253.91,3253.91,3253.91
1995-06-20,3244.49,3244.49,3244.49,3244.49
1995-06-21,3243.24,3243.24,3243.24,3243.24
1995-06-22,3247.77,3247.77,3247.77,3247.77
1995-06-23,3243.44,3243.44,3243.44,3243.44
1995-06-26,3244.3,3244.3,3244.3,3244.3
1995-06-27,3231.53,3231.53,3231.53,3231.53
1995-06-28,3212.77,3212.77,3212.77,3212.77
1995-06-29,3226.03,3226.03,3226.03,3226.03
1995-06-30,3194.74,3194.74,3194.74,3194.74
1995-07-03,3196.02,3196.02,3196.02,3196.02
1995-07-04,3198.44,3198.44,3198.44,3198.44
1995-07-05,3187.94,3187.94,3187.94,3187.94
1995-07-06,3194.05,3194.05,3194.05,3194.05
1995-07-07,3203.1,3203.1,3203.1,3203.1
1995-07-10,3205.76,3205.76,3205.76,3205.76
1995-07-11,3202.52,3202.52,3202.52,3202.52
1995-07-12,3228.29,3228.29,3228.29,3228.29
1995-07-13,3216.91,3216.91,3216.91,3216.91
1995-07-14,3233.74,3233.74,3233.74,3233.74
1995-07-17,3235.29,3235.29,3235.29,3235.29
1995-07-18,3230.45,3230.45,3230.45,3230.45
1995-07-19,3226.71,3226.71,3226.71,3226.71
1995-07-20,3206.62,3206.62,3206.62,3206.62
1995-07-21,3210.4,3210.4,3210.4,3210.4
1995-07-24,3217.42,3217.42,3217.42,3217.42
1995-07-25,3224.45,3224.45,3224.45,3224.45
1995-07-26,3200.28,3200.28,3200.28,3200.28
1995-07-27,3181.34,3181.34,3181.34,3181.34
1995-07-28,3181.34,3181.34,3181.34,3181.34
1995-07-31,3182.3,3182.3,3182.3,3182.3
1995-08-01,3181.34,3181.34,3181.34,3181.34
1995-08-02,3185.62,3185.62,3185.62,3185.62
1995-08-03,3193.72,3193.72,3193.72,3193.72
1995-08-04,3173.44,3173.44,3173.44,3173.44
1995-08-07,3189.57,3189.57,3189.57,3189.57
1995-08-08,3194.59,3194.59,3194.59,3194.59
1995-08-09,3198.06,3198.06,3198.06,3198.06
1995-08-10,3206.37,3206.37,3206.37,3206.37
1995-08-11,3188.21,3188.21,3188.21,3188.21
1995-08-16,3184.89,3184.89,3184.89,3184.89
1995-08-17,3187.77,3187.77,3187.77,3187.77
1995-08-18,3195.15,3195.15,3195.15,3195.15
1995-08-21,3201.75,3201.75,3201.75,3201.75
1995-08-22,3191.28,3191.28,3191.28,3191.28
1995-08-23,3187.77,3187.77,3187.77,3187.77
1995-08-24,3183.65,3183.65,3183.65,3183.65
1995-08-25,3189.77,3189.77,3189.77,3189.77
1995-08-28,3191.35,3191.35,3191.35,3191.35
1995-08-29,3181.82,3181.82,3181.82,3181.82
1995-08-30,3174.5,3174.5,3174.5,3174.5
1995-08-31,3180.59,3180.59,3180.59,3180.59
1995-09-01,3164.98,3164.98,3164.98,3164.98
1995-09-04,3160.03,3160.03,3160.03,3160.03
1995-09-05,3157.19,3157.19,3157.19,3157.19
1995-09-06,3162.48,3162.48,3162.48,3162.48
1995-09-07,3183.65,3183.65,3183.65,3183.65
1995-09-08,3171.39,3171.39,3171.39,3171.39
1995-09-11,3186.44,3186.44,3186.44,3186.44
1995-09-12,3200.27,3200.27,3200.27,3200.27
1995-09-13,3199.6,3199.6,3199.6,3199.6
1995-09-14,3212.12,3212.12,3212.12,3212.12
1995-09-15,3210.08,3210.08,3210.08,3210.08
1995-09-18,3211.04,3211.04,3211.04,3211.04
1995-09-19,3201.21,3201.21,3201.21,3201.21
1995-09-20,3184.11,3184.11,3184.11,3184.11
1995-09-21,3185.84,3185.84,3185.84,3185.84
1995-09-22,3185.57,3185.57,3185.57,3185.57
1995-09-25,3179.01,3179.01,3179.01,3179.01
1995-09-26,3196.86,3196.86,3196.86,3196.86
1995-09-27,3191.93,3191.93,3191.93,3191.93
1995-09-28,3190.54,3190.54,3190.54,3190.54
1995-09-29,3193.97,3193.97,3193.97,3193.97
1995-10-02,3177.47,3177.47,3177.47,3177.47
1995-10-03,3182.44,3182.44,3182.44,3182.44
1995-10-04,3188.16,3188.16,3188.16,3188.16
1995-10-05,3189.24,3189.24,3189.24,3189.24
1995-10-06,3203.29,3203.29,3203.29,3203.29
1995-10-09,3207.81,3207.81,3207.81,3207.81
1995-10-10,3203.55,3203.55,3203.55,3203.55
1995-10-11,3205.04,3205.04,3205.04,3205.04
1995-10-12,3201.63,3201.63,3201.63,3201.63
1995-10-13,3198.5,3198.5,3198.5,3198.5
1995-10-16,3192.65,3192.65,3192.65,3192.65
1995-10-17,3185.99,3185.99,3185.99,3185.99
1995-10-18,3197.42,3197.42,3197.42,3197.42
1995-10-19,3180.27,3180.27,3180.27,3180.27
1995-10-20,3171.73,3171.73,3171.73,3171.73
1995-10-23,3176.67,3176.67,3176.67,3176.67
1995-10-24,3185.87,3185.87,3185.87,3185.87
1995-10-25,3185.24,3185.24,3185.24,3185.24
1995-10-26,3185.39,3185.39,3185.39,3185.39
1995-10-27,3196.3,3196.3,3196.3,3196.3
1995-10-30,3177.95,3177.95,3177.95,3177.95
1995-10-31,3188.31,3188.31,3188.31,3188.31
1995-11-02,3183.2,3183.2,3183.2,3183.2
1995-11-03,3176.59,3176.59,3176.59,3176.59
1995-11-06,3188.46,3188.46,3188.46,3188.46
1995-11-07,3211.38,3211.38,3211.38,3211.38
1995-11-08,3206.91,3206.91,3206.91,3206.91
1995-11-09,3207.42,3207.42,3207.42,3207.42
1995-11-10,3238.58,3238.58,3238.58,3238.58
1995-11-13,3225.04,3225.04,3225.04,3225.04
1995-11-14,3206.47,3206.47,3206.47,3206.47
1995-11-15,3206.91,3206.91,3206.91,3206.91
1995-11-16,3209.46,3209.46,3209.46,3209.46
1995-11-17,3222.86,3222.86,3222.86,3222.86
1995-11-20,3213.45,3213.45,3213.45,3213.45
1995-11-21,3208.75,3208.75,3208.75,3208.75
1995-11-22,3182.89,3182.89,3182.89,3182.89
1995-11-23,3188.7,3188.7,3188.7,3188.7
1995-11-24,3197.85,3197.85,3197.85,3197.85
1995-11-27,3214.17,3214.17,3214.17,3214.17
1995-11-28,3237.84,3237.84,3237.84,3237.84
1995-11-29,3239.11,3239.11,3239.11,3239.11
1995-11-30,3235.98,3235.98,3235.98,3235.98
1995-12-01,3210.16,3210.16,3210.16,3210.16
1995-12-04,3217.36,3217.36,3217.36,3217.36
1995-12-05,3222.92,3222.92,3222.92,3222.92
1995-12-06,3238.5,3238.5,3238.5,3238.5
1995-12-07,3239.67,3239.67,3239.67,3239.67
1995-12-08,3247.69,3247.69,3247.69,3247.69
1995-12-11,3226.87,3226.87,3226.87,3226.87
1995-12-12,3236.75,3236.75,3236.75,3236.75
1995-12-13,3218.39,3218.39,3218.39,3218.39
1995-12-14,3209.59,3209.59,3209.59,3209.59
1995-12-15,3218.05,3218.05,3218.05,3218.05
1995-12-18,3217.94,3217.94,3217.94,3217.94
1995-12-19,3226.55,3226.55,3226.55,3226.55
1995-12-20,3240.13,3240.13,3240.13,3240.13
1995-12-21,3231.43,3231.43,3231.43,3231.43
1995-12-22,3219.94,3219.94,3219.94,3219.94
1995-12-27,3221.88,3221.88,3221.88,3221.88
1995-12-28,3221.77,3221.77,3221.77,3221.77
1995-12-29,3219.59,3219.59,3219.59,3219.59
1996-01-02,3254.56,3254.56,3254.56,3254.56
1996-01-03,3287.3,3287.3,3287.3,3287.3
1996-01-04,3296.45,3296.45,3296.45,3296.45
1996-01-05,3287.49,3287.49,3287.49,3287.49
1996-01-08,3305.34,3305.34,3305.34,3305.34
1996-01-09,3303.15,3303.15,3303.15,3303.15
1996-01-10,3331.1,3331.1,3331.1,3331.1
1996-01-11,3326.62,3326.62,3326.62,3326.62
1996-01-12,3321.08,3321.08,3321.08,3321.08
1996-01-15,3301.04,3301.04,3301.04,3301.04
1996-01-16,3321.13,3321.13,3321.13,3321.13
1996-01-17,3332.23,3332.23,3332.23,3332.23
1996-01-18,3311.28,3311.28,3311.28,3311.28
1996-01-19,3330.04,3330.04,3330.04,3330.04
1996-01-22,3356.34,3356.34,3356.34,3356.34
1996-01-23,3367.41,3367.41,3367.41,3367.41
1996-01-24,3361.79,3361.79,3361.79,3361.79
1996-01-25,3391.39,3391.39,3391.39,3391.39
1996-01-26,3392.27,3392.27,3392.27,3392.27
1996-01-29,3377.98,3377.98,3377.98,3377.98
1996-01-30,3380.24,3380.24,3380.24,3380.24
1996-01-31,3380.14,3380.14,3380.14,3380.14
1996-02-01,3425.96,3425.96,3425.96,3425.96
1996-02-02,3456.39,3456.39,3456.39,3456.39
1996-02-05,3438.32,3438.32,3438.32,3438.32
1996-02-06,3418.8,3418.8,3418.8,3418.8
1996-02-07,3406.56,3406.56,3406.56,3406.56
1996-02-08,3406.41,3406.41,3406.41,3406.41
1996-02-09,3379.22,3379.22,3379.22,3379.22
1996-02-12,3336.6,3336.6,3336.6,3336.6
1996-02-13,3363.84,3363.84,3363.84,3363.84
1996-02-14,3365.01,3365.01,3365.01,3365.01
1996-02-15,3362.83,3362.83,3362.83,3362.83
1996-02-16,3368.32,3368.32,3368.32,3368.32
1996-02-19,3380.7,3380.7,3380.7,3380.7
1996-02-20,3331.14,3331.14,3331.14,3331.14
1996-02-21,3347.53,3347.53,3347.53,3347.53
1996-02-22,3331.16,3331.16,3331.16,3331.16
1996-02-23,3320.26,3320.26,3320.26,3320.26
1996-02-26,3323.48,3323.48,3323.48,3323.48
1996-02-27,3318.03,3318.03,3318.03,3318.03
1996-02-28,3311.52,3311.52,3311.52,3311.52
1996-02-29,3327.91,3327.91,3327.91,3327.91
1996-03-01,3324.68,3324.68,3324.68,3324.68
1996-03-04,3285.67,3285.67,3285.67,3285.67
1996-03-05,3281.4,3281.4,3281.4,3281.4
1996-03-06,3279.22,3279.22,3279.22,3279.22
1996-03-08,3319.27,3319.27,3319.27,3319.27
1996-03-11,3305.25,3305.25,3305.25,3305.25
1996-03-12,3309.59,3309.59,3309.59,3309.59
1996-03-13,3311.65,3311.65,3311.65,3311.65
1996-03-14,3305.17,3305.17,3305.17,3305.17
1996-03-15,3300.88,3300.88,3300.88,3300.88
1996-03-18,3305.19,3305.19,3305.19,3305.19
1996-03-19,3295.53,3295.53,3295.53,3295.53
1996-03-20,3301.98,3301.98,3301.98,3301.98
1996-03-21,3322.54,3322.54,3322.54,3322.54
1996-03-22,3322.55,3322.55,3322.55,3322.55
1996-03-25,3325.78,3325.78,3325.78,3325.78
1996-03-26,3339.82,3339.82,3339.82,3339.82
1996-03-27,3336.57,3336.57,3336.57,3336.57
1996-03-28,3305.36,3305.36,3305.36,3305.36
1996-03-29,3299.97,3299.97,3299.97,3299.97
1996-04-01,3299.97,3299.97,3299.97,3299.97
1996-04-02,3290.2,3290.2,3290.2,3290.2
1996-04-03,3293.51,3293.51,3293.51,3293.51
1996-04-04,3300.06,3300.06,3300.06,3300.06
1996-04-05,3283.97,3283.97,3283.97,3283.97
1996-04-09,3293.78,3293.78,3293.78,3293.78
1996-04-10,3298.18,3298.18,3298.18,3298.18
1996-04-11,3302.49,3302.49,3302.49,3302.49
1996-04-12,3296.14,3296.14,3296.14,3296.14
1996-04-15,3284.58,3284.58,3284.58,3284.58
1996-04-16,3266.48,3266.48,3266.48,3266.48
1996-04-17,3262.32,3262.32,3262.32,3262.32
1996-04-18,3267.7,3267.7,3267.7,3267.7
1996-04-19,3263.36,3263.36,3263.36,3263.36
1996-04-22,3269.96,3269.96,3269.96,3269.96
1996-04-23,3266.86,3266.86,3266.86,3266.86
1996-04-24,3259.56,3259.56,3259.56,3259.56
1996-04-25,3289.22,3289.22,3289.22,3289.22
1996-04-26,3254.72,3254.72,3254.72,3254.72
1996-04-29,3266.08,3266.08,3266.08,3266.08
1996-04-30,3270.5,3270.5,3270.5,3270.5
1996-05-06,3281.94,3281.94,3281.94,3281.94
1996-05-07,3279.82,3279.82,3279.82,3279.82
1996-05-08,3272.44,3272.44,3272.44,3272.44
1996-05-09,3280.71,3280.71,3280.71,3280.71
1996-05-10,3269.23,3269.23,3269.23,3269.23
1996-05-13,3266.39,3266.39,3266.39,3266.39
1996-05-14,3270.62,3270.62,3270.62,3270.62
1996-05-15,3272.78,3272.78,3272.78,3272.78
1996-05-16,3272.84,3272.84,3272.84,3272.84
1996-05-17,3275.97,3275.97,3275.97,3275.97
1996-05-20,3259.38,3259.38,3259.38,3259.38
1996-05-21,3264.6,3264.6,3264.6,3264.6
1996-05-22,3270.19,3270.19,3270.19,3270.19
1996-05-23,3264.1,3264.1,3264.1,3264.1
1996-05-24,3263.09,3263.09,3263.09,3263.09
1996-05-27,3261.07,3261.07,3261.07,3261.07
1996-05-28,3264.42,3264.42,3264.42,3264.42
1996-05-29,3241.25,3241.25,3241.25,3241.25
1996-05-30,3267.57,3267.57,3267.57,3267.57
1996-05-31,3243.41,3243.41,3243.41,3243.41
1996-06-03,3262.08,3262.08,3262.08,3262.08
1996-06-04,3237.57,3237.57,3237.57,3237.57
1996-06-05,3218.25,3218.25,3218.25,3218.25
1996-06-07,3224.31,3224.31,3224.31,3224.31
1996-06-10,3218.46,3218.46,3218.46,3218.46
1996-06-11,3207.14,3207.14,3207.14,3207.14
1996-06-12,3201.59,3201.59,3201.59,3201.59
1996-06-13,3197.2,3197.2,3197.2,3197.2
1996-06-14,3208.18,3208.18,3208.18,3208.18
1996-06-17,3216.37,3216.37,3216.37,3216.37
1996-06-18,3218.25,3218.25,3218.25,3218.25
1996-06-19,3206.39,3206.39,3206.39,3206.39
1996-06-20,3203.44,3203.44,3203.44,3203.44
1996-06-21,3213.85,3213.85,3213.85,3213.85
1996-06-24,3203.68,3203.68,3203.68,3203.68
1996-06-25,3192.4,3192.4,3192.4,3192.4
1996-06-26,3192.01,3192.01,3192.01,3192.01
1996-06-27,3179.72,3179.72,3179.72,3179.72
1996-06-28,3170.81,3170.81,3170.81,3170.81
1996-07-01,3183.35,3183.35,3183.35,3183.35
1996-07-02,3180.71,3180.71,3180.71,3180.71
1996-07-03,3175.57,3175.57,3175.57,3175.57
1996-07-04,3176.94,3176.94,3176.94,3176.94
1996-07-05,3186.14,3186.14,3186.14,3186.14
1996-07-08,3174.31,3174.31,3174.31,3174.31
1996-07-09,3192.79,3192.79,3192.79,3192.79
1996-07-10,3184.73,3184.73,3184.73,3184.73
1996-07-11,3188.89,3188.89,3188.89,3188.89
1996-07-12,3200.49,3200.49,3200.49,3200.49
1996-07-15,3193.64,3193.64,3193.64,3193.64
1996-07-16,3205.8,3205.8,3205.8,3205.8
1996-07-17,3198.14,3198.14,3198.14,3198.14
1996-07-18,3198.77,3198.77,3198.77,3198.77
1996-07-19,3206.15,3206.15,3206.15,3206.15
1996-07-22,3200,3200,3200,3200
1996-07-23,3213.95,3213.95,3213.95,3213.95
1996-07-24,3215.06,3215.06,3215.06,3215.06
1996-07-25,3207.78,3207.78,3207.78,3207.78
1996-07-26,3213.07,3213.07,3213.07,3213.07
1996-07-29,3197.53,3197.53,3197.53,3197.53
1996-07-30,3206.79,3206.79,3206.79,3206.79
1996-07-31,3236.57,3236.57,3236.57,3236.57
1996-08-01,3221.23,3221.23,3221.23,3221.23
1996-08-02,3216.37,3216.37,3216.37,3216.37
1996-08-05,3245.07,3245.07,3245.07,3245.07
1996-08-06,3237.28,3237.28,3237.28,3237.28
1996-08-07,3241.42,3241.42,3241.42,3241.42
1996-08-08,3234.39,3234.39,3234.39,3234.39
1996-08-09,3228.08,3228.08,3228.08,3228.08
1996-08-12,3232.14,3232.14,3232.14,3232.14
1996-08-13,3228.18,3228.18,3228.18,3228.18
1996-08-14,3223.44,3223.44,3223.44,3223.44
1996-08-16,3218.84,3218.84,3218.84,3218.84
1996-08-19,3223.74,3223.74,3223.74,3223.74
1996-08-20,3228.85,3228.85,3228.85,3228.85
1996-08-21,3222.46,3222.46,3222.46,3222.46
1996-08-22,3224.04,3224.04,3224.04,3224.04
1996-08-23,3222.76,3222.76,3222.76,3222.76
1996-08-26,3247.86,3247.86,3247.86,3247.86
1996-08-27,3242.75,3242.75,3242.75,3242.75
1996-08-28,3232.78,3232.78,3232.78,3232.78
1996-08-29,3228.85,3228.85,3228.85,3228.85
1996-08-30,3216.78,3216.78,3216.78,3216.78
1996-09-02,3227.96,3227.96,3227.96,3227.96
1996-09-03,3217.1,3217.1,3217.1,3217.1
1996-09-04,3209.95,3209.95,3209.95,3209.95
1996-09-05,3220.13,3220.13,3220.13,3220.13
1996-09-06,3216.13,3216.13,3216.13,3216.13
1996-09-09,3202.54,3202.54,3202.54,3202.54
1996-09-10,3201.2,3201.2,3201.2,3201.2
1996-09-11,3193.53,3193.53,3193.53,3193.53
1996-09-12,3186.71,3186.71,3186.71,3186.71
1996-09-13,3193.65,3193.65,3193.65,3193.65
1996-09-16,3189.71,3189.71,3189.71,3189.71
1996-09-17,3195.57,3195.57,3195.57,3195.57
1996-09-18,3186.58,3186.58,3186.58,3186.58
1996-09-19,3190.79,3190.79,3190.79,3190.79
1996-09-20,3177.21,3177.21,3177.21,3177.21
1996-09-23,3174.22,3174.22,3174.22,3174.22
1996-09-24,3178.02,3178.02,3178.02,3178.02
1996-09-25,3192.57,3192.57,3192.57,3192.57
1996-09-26,3173.85,3173.85,3173.85,3173.85
1996-09-27,3170.73,3170.73,3170.73,3170.73
1996-09-30,3144.64,3144.64,3144.64,3144.64
1996-10-01,3155.24,3155.24,3155.24,3155.24
1996-10-02,3173.33,3173.33,3173.33,3173.33
1996-10-03,3165.53,3165.53,3165.53,3165.53
1996-10-04,3170.52,3170.52,3170.52,3170.52
1996-10-07,3168.49,3168.49,3168.49,3168.49
1996-10-08,3176.02,3176.02,3176.02,3176.02
1996-10-09,3172.25,3172.25,3172.25,3172.25
1996-10-10,3178.18,3178.18,3178.18,3178.18
1996-10-11,3174.56,3174.56,3174.56,3174.56
1996-10-14,3177.51,3177.51,3177.51,3177.51
1996-10-15,3179.81,3179.81,3179.81,3179.81
1996-10-16,3176.33,3176.33,3176.33,3176.33
1996-10-17,3170.59,3170.59,3170.59,3170.59
1996-10-18,3165,3165,3165,3165
1996-10-21,3176.33,3176.33,3176.33,3176.33
1996-10-22,3187.98,3187.98,3187.98,3187.98
1996-10-23,3192.43,3192.43,3192.43,3192.43
1996-10-24,3184.77,3184.77,3184.77,3184.77
1996-10-25,3181.95,3181.95,3181.95,3181.95
1996-10-28,3185.58,3185.58,3185.58,3185.58
1996-10-29,3170.23,3170.23,3170.23,3170.23
1996-10-30,3169.29,3169.29,3169.29,3169.29
1996-10-31,3153.53,3153.53,3153.53,3153.53
1996-11-04,3147.76,3147.76,3147.76,3147.76
1996-11-05,3166.32,3166.32,3166.32,3166.32
1996-11-06,3149.02,3149.02,3149.02,3149.02
1996-11-07,3170.37,3170.37,3170.37,3170.37
1996-11-08,3151.5,3151.5,3151.5,3151.5
1996-11-12,3186.42,3186.42,3186.42,3186.42
1996-11-13,3191.81,3191.81,3191.81,3191.81
1996-11-14,3185.05,3185.05,3185.05,3185.05
1996-11-15,3160.55,3160.55,3160.55,3160.55
1996-11-18,3149.79,3149.79,3149.79,3149.79
1996-11-19,3154.3,3154.3,3154.3,3154.3
1996-11-20,3156.18,3156.18,3156.18,3156.18
1996-11-21,3127.96,3127.96,3127.96,3127.96
1996-11-22,3145.57,3145.57,3145.57,3145.57
1996-11-25,3132.74,3132.74,3132.74,3132.74
1996-11-26,3114.18,3114.18,3114.18,3114.18
1996-11-27,3113.79,3113.79,3113.79,3113.79
1996-11-28,3102.34,3102.34,3102.34,3102.34
1996-11-29,3100.32,3100.32,3100.32,3100.32
1996-12-02,3088.62,3088.62,3088.62,3088.62
1996-12-03,3067.52,3067.52,3067.52,3067.52
1996-12-04,3079.38,3079.38,3079.38,3079.38
1996-12-05,3076.48,3076.48,3076.48,3076.48
1996-12-06,3074.22,3074.22,3074.22,3074.22
1996-12-09,3074.91,3074.91,3074.91,3074.91
1996-12-10,3067.29,3067.29,3067.29,3067.29
1996-12-11,3064.56,3064.56,3064.56,3064.56
1996-12-12,3067.72,3067.72,3067.72,3067.72
1996-12-13,3075.35,3075.35,3075.35,3075.35
1996-12-16,3061.7,3061.7,3061.7,3061.7
1996-12-17,3064.8,3064.8,3064.8,3064.8
1996-12-18,3077.6,3077.6,3077.6,3077.6
1996-12-19,3074.91,3074.91,3074.91,3074.91
1996-12-20,3071.32,3071.32,3071.32,3071.32
1996-12-23,3069.31,3069.31,3069.31,3069.31
1996-12-24,3071.78,3071.78,3071.78,3071.78
1996-12-30,3076.25,3076.25,3076.25,3076.25
1996-12-31,3066.9,3066.9,3066.9,3066.9
1997-01-02,3047.4,3047.4,3047.4,3047.4
1997-01-03,3012.19,3012.19,3012.19,3012.19
1997-01-06,2975.71,2975.71,2975.71,2975.71
1997-01-07,2988.14,2988.14,2988.14,2988.14
1997-01-08,2962.54,2962.54,2962.54,2962.54
1997-01-09,2972.97,2972.97,2972.97,2972.97
1997-01-10,2996.84,2996.84,2996.84,2996.84
1997-01-13,2987.39,2987.39,2987.39,2987.39
1997-01-14,2949.78,2949.78,2949.78,2949.78
1997-01-15,2924.18,2924.18,2924.18,2924.18
1997-01-16,2943.54,2943.54,2943.54,2943.54
1997-01-17,2966.47,2966.47,2966.47,2966.47
1997-01-20,2927.93,2927.93,2927.93,2927.93
1997-01-21,2936.85,2936.85,2936.85,2936.85
1997-01-22,2914.91,2914.91,2914.91,2914.91
1997-01-23,2923.55,2923.55,2923.55,2923.55
1997-01-24,2930.7,2930.7,2930.7,2930.7
1997-01-27,2966.76,2966.76,2966.76,2966.76
1997-01-28,2935.32,2935.32,2935.32,2935.32
1997-01-29,2921.29,2921.29,2921.29,2921.29
1997-01-30,2871.4,2871.4,2871.4,2871.4
1997-01-31,2863.49,2863.49,2863.49,2863.49
1997-02-03,2881.22,2881.22,2881.22,2881.22
1997-02-04,2868.63,2868.63,2868.63,2868.63
1997-02-05,2859.12,2859.12,2859.12,2859.12
1997-02-06,2849.63,2849.63,2849.63,2849.63
1997-02-07,2834.67,2834.67,2834.67,2834.67
1997-02-10,2843.68,2843.68,2843.68,2843.68
1997-02-11,2827.53,2827.53,2827.53,2827.53
1997-02-12,2856.36,2856.36,2856.36,2856.36
1997-02-13,2861.45,2861.45,2861.45,2861.45
1997-02-14,2847.34,2847.34,2847.34,2847.34
1997-02-17,2865.37,2865.37,2865.37,2865.37
1997-02-18,2863.8,2863.8,2863.8,2863.8
1997-02-19,2868.43,2868.43,2868.43,2868.43
1997-02-20,2921.56,2921.56,2921.56,2921.56
1997-02-21,2928.96,2928.96,2928.96,2928.96
1997-02-24,2932.64,2932.64,2932.64,2932.64
1997-02-25,2949.88,2949.88,2949.88,2949.88
1997-02-26,2959.21,2959.21,2959.21,2959.21
1997-02-27,2987.47,2987.47,2987.47,2987.47
1997-02-28,3024.78,3024.78,3024.78,3024.78
1997-03-03,3015.53,3015.53,3015.53,3015.53
1997-03-04,2991.06,2991.06,2991.06,2991.06
1997-03-05,2934.81,2934.81,2934.81,2934.81
1997-03-06,2926.43,2926.43,2926.43,2926.43
1997-03-07,2903.31,2903.31,2903.31,2903.31
1997-03-10,2921.96,2921.96,2921.96,2921.96
1997-03-11,2940.38,2940.38,2940.38,2940.38
1997-03-12,2918.47,2918.47,2918.47,2918.47
1997-03-13,2949.13,2949.13,2949.13,2949.13
1997-03-14,2927.22,2927.22,2927.22,2927.22
1997-03-17,2897.37,2897.37,2897.37,2897.37
1997-03-18,2893.52,2893.52,2893.52,2893.52
1997-03-19,2929.87,2929.87,2929.87,2929.87
1997-03-20,2934.64,2934.64,2934.64,2934.64
1997-03-21,2931.17,2931.17,2931.17,2931.17
1997-03-24,2912.73,2912.73,2912.73,2912.73
1997-03-25,2907.76,2907.76,2907.76,2907.76
1997-03-26,2918.02,2918.02,2918.02,2918.02
1997-03-27,2897.37,2897.37,2897.37,2897.37
1997-03-28,2902,2902,2902,2902
1997-04-01,2923.79,2923.79,2923.79,2923.79
1997-04-02,2904.45,2904.45,2904.45,2904.45
1997-04-03,2900.95,2900.95,2900.95,2900.95
1997-04-04,2904.36,2904.36,2904.36,2904.36
1997-04-07,2902.45,2902.45,2902.45,2902.45
1997-04-08,2896.57,2896.57,2896.57,2896.57
1997-04-09,2902.28,2902.28,2902.28,2902.28
1997-04-10,2896.15,2896.15,2896.15,2896.15
1997-04-11,2886.87,2886.87,2886.87,2886.87
1997-04-14,2884.97,2884.97,2884.97,2884.97
1997-04-15,2843.84,2843.84,2843.84,2843.84
1997-04-16,2842.27,2842.27,2842.27,2842.27
1997-04-17,2845.81,2845.81,2845.81,2845.81
1997-04-18,2834.79,2834.79,2834.79,2834.79
1997-04-21,2850.31,2850.31,2850.31,2850.31
1997-04-22,2846.52,2846.52,2846.52,2846.52
1997-04-23,2832.54,2832.54,2832.54,2832.54
1997-04-24,2830.34,2830.34,2830.34,2830.34
1997-04-25,2850.34,2850.34,2850.34,2850.34
1997-04-28,2825.17,2825.17,2825.17,2825.17
1997-04-29,2821.8,2821.8,2821.8,2821.8
1997-04-30,2827.4,2827.4,2827.4,2827.4
1997-05-05,2855.26,2855.26,2855.26,2855.26
1997-05-06,2821.86,2821.86,2821.86,2821.86
1997-05-07,2837.55,2837.55,2837.55,2837.55
1997-05-08,2857.52,2857.52,2857.52,2857.52
1997-05-09,2889.65,2889.65,2889.65,2889.65
1997-05-12,2898.01,2898.01,2898.01,2898.01
1997-05-13,2903.57,2903.57,2903.57,2903.57
1997-05-14,2885.78,2885.78,2885.78,2885.78
1997-05-15,2889.3,2889.3,2889.3,2889.3
1997-05-16,2853.75,2853.75,2853.75,2853.75
1997-05-19,2845.46,2845.46,2845.46,2845.46
1997-05-20,2849.22,2849.22,2849.22,2849.22
1997-05-21,2853.74,2853.74,2853.74,2853.74
1997-05-22,2865.31,2865.31,2865.31,2865.31
1997-05-23,2835.36,2835.36,2835.36,2835.36
1997-05-26,2855.29,2855.29,2855.29,2855.29
1997-05-27,2854.57,2854.57,2854.57,2854.57
1997-05-28,2859.74,2859.74,2859.74,2859.74
1997-05-30,2872.76,2872.76,2872.76,2872.76
1997-06-02,2861.2,2861.2,2861.2,2861.2
1997-06-03,2860.1,2860.1,2860.1,2860.1
1997-06-04,2839.82,2839.82,2839.82,2839.82
1997-06-05,2848.67,2848.67,2848.67,2848.67
1997-06-09,2857.51,2857.51,2857.51,2857.51
1997-06-10,2863.05,2863.05,2863.05,2863.05
1997-06-11,2863.41,2863.41,2863.41,2863.41
1997-06-12,2846.11,2846.11,2846.11,2846.11
1997-06-13,2846.13,2846.13,2846.13,2846.13
1997-06-16,2843.57,2843.57,2843.57,2843.57
1997-06-17,2841.75,2841.75,2841.75,2841.75
1997-06-18,2827.76,2827.76,2827.76,2827.76
1997-06-19,2814.99,2814.99,2814.99,2814.99
1997-06-20,2808.73,2808.73,2808.73,2808.73
1997-06-23,2820.05,2820.05,2820.05,2820.05
1997-06-24,2810.49,2810.49,2810.49,2810.49
1997-06-25,2806.48,2806.48,2806.48,2806.48
1997-06-26,2803.17,2803.17,2803.17,2803.17
1997-06-27,2788.98,2788.98,2788.98,2788.98
1997-06-30,2777.92,2777.92,2777.92,2777.92
1997-07-01,2772.58,2772.58,2772.58,2772.58
1997-07-02,2758.1,2758.1,2758.1,2758.1
1997-07-03,2696.09,2696.09,2696.09,2696.09
1997-07-04,2704.55,2704.55,2704.55,2704.55
1997-07-07,2651.4,2651.4,2651.4,2651.4
1997-07-08,2669.87,2669.87,2669.87,2669.87
1997-07-09,2647.21,2647.21,2647.21,2647.21
1997-07-10,2656.76,2656.76,2656.76,2656.76
1997-07-11,2677.68,2677.68,2677.68,2677.68
1997-07-14,2656.17,2656.17,2656.17,2656.17
1997-07-15,2617.04,2617.04,2617.04,2617.04
1997-07-16,2608.8,2608.8,2608.8,2608.8
1997-07-17,2689.66,2689.66,2689.66,2689.66
1997-07-18,2707.74,2707.74,2707.74,2707.74
1997-07-21,2715.93,2715.93,2715.93,2715.93
1997-07-22,2720.27,2720.27,2720.27,2720.27
1997-07-23,2674.25,2674.25,2674.25,2674.25
1997-07-24,2684.81,2684.81,2684.81,2684.81
1997-07-25,2708.13,2708.13,2708.13,2708.13
1997-07-28,2717.05,2717.05,2717.05,2717.05
1997-07-29,2700.31,2700.31,2700.31,2700.31
1997-07-30,2701.22,2701.22,2701.22,2701.22
1997-07-31,2690.93,2690.93,2690.93,2690.93
1997-08-01,2700.43,2700.43,2700.43,2700.43
1997-08-04,2687.43,2687.43,2687.43,2687.43
1997-08-05,2654.57,2654.57,2654.57,2654.57
1997-08-06,2648.94,2648.94,2648.94,2648.94
1997-08-07,2671.25,2671.25,2671.25,2671.25
1997-08-08,2699.74,2699.74,2699.74,2699.74
1997-08-11,2735.98,2735.98,2735.98,2735.98
1997-08-12,2721.43,2721.43,2721.43,2721.43
1997-08-13,2723.59,2723.59,2723.59,2723.59
1997-08-14,2702.77,2702.77,2702.77,2702.77
1997-08-18,2674.34,2674.34,2674.34,2674.34
1997-08-19,2691.94,2691.94,2691.94,2691.94
1997-08-20,2674.25,2674.25,2674.25,2674.25
1997-08-21,2681.07,2681.07,2681.07,2681.07
1997-08-25,2697.27,2697.27,2697.27,2697.27
1997-08-26,2708.89,2708.89,2708.89,2708.89
1997-08-27,2706.33,2706.33,2706.33,2706.33
1997-08-28,2685.32,2685.32,2685.32,2685.32
1997-08-29,2697.65,2697.65,2697.65,2697.65
1997-09-01,2696.07,2696.07,2696.07,2696.07
1997-09-02,2689.02,2689.02,2689.02,2689.02
1997-09-03,2675.69,2675.69,2675.69,2675.69
1997-09-04,2666.82,2666.82,2666.82,2666.82
1997-09-05,2671.72,2671.72,2671.72,2671.72
1997-09-08,2682.81,2682.81,2682.81,2682.81
1997-09-09,2671.25,2671.25,2671.25,2671.25
1997-09-10,2667.14,2667.14,2667.14,2667.14
1997-09-11,2689.28,2689.28,2689.28,2689.28
1997-09-12,2685.74,2685.74,2685.74,2685.74
1997-09-15,2687.73,2687.73,2687.73,2687.73
1997-09-16,2660.86,2660.86,2660.86,2660.86
1997-09-17,2662.13,2662.13,2662.13,2662.13
1997-09-18,2665.37,2665.37,2665.37,2665.37
1997-09-19,2658.26,2658.26,2658.26,2658.26
1997-09-22,2665.38,2665.38,2665.38,2665.38
1997-09-23,2673.91,2673.91,2673.91,2673.91
1997-09-24,2687.26,2687.26,2687.26,2687.26
1997-09-25,2711.82,2711.82,2711.82,2711.82
1997-09-26,2717.74,2717.74,2717.74,2717.74
1997-09-29,2723.29,2723.29,2723.29,2723.29
1997-09-30,2775.89,2775.89,2775.89,2775.89
1997-10-01,2781.15,2781.15,2781.15,2781.15
1997-10-02,2755.1,2755.1,2755.1,2755.1
1997-10-03,2768.22,2768.22,2768.22,2768.22
1997-10-06,2765.08,2765.08,2765.08,2765.08
1997-10-07,2757.44,2757.44,2757.44,2757.44
1997-10-08,2767.2,2767.2,2767.2,2767.2
1997-10-09,2714.36,2714.36,2714.36,2714.36
1997-10-10,2740.87,2740.87,2740.87,2740.87
1997-10-13,2725.27,2725.27,2725.27,2725.27
1997-10-14,2722.82,2722.82,2722.82,2722.82
1997-10-15,2713.69,2713.69,2713.69,2713.69
1997-10-16,2706.55,2706.55,2706.55,2706.55
1997-10-17,2707.72,2707.72,2707.72,2707.72
1997-10-20,2683.58,2683.58,2683.58,2683.58
1997-10-21,2686.86,2686.86,2686.86,2686.86
1997-10-22,2674.79,2674.79,2674.79,2674.79
1997-10-23,2713.27,2713.27,2713.27,2713.27
1997-10-24,2568.39,2568.39,2568.39,2568.39
1997-10-27,2593.48,2593.48,2593.48,2593.48
1997-10-28,2624,2624,2624,2624
1997-10-29,2618.82,2618.82,2618.82,2618.82
1997-10-30,2627.08,2627.08,2627.08,2627.08
1997-10-31,2582.8,2582.8,2582.8,2582.8
1997-11-03,2597.15,2597.15,2597.15,2597.15
1997-11-04,2607.12,2607.12,2607.12,2607.12
1997-11-05,2606.08,2606.08,2606.08,2606.08
1997-11-06,2596.94,2596.94,2596.94,2596.94
1997-11-07,2571.63,2571.63,2571.63,2571.63
1997-11-12,2558.91,2558.91,2558.91,2558.91
1997-11-13,2558.03,2558.03,2558.03,2558.03
1997-11-14,2510.12,2510.12,2510.12,2510.12
1997-11-17,2518.94,2518.94,2518.94,2518.94
1997-11-18,2545.15,2545.15,2545.15,2545.15
1997-11-19,2527.86,2527.86,2527.86,2527.86
1997-11-20,2521.92,2521.92,2521.92,2521.92
1997-11-21,2532.42,2532.42,2532.42,2532.42
1997-11-24,2521.86,2521.86,2521.86,2521.86
1997-11-25,2495.87,2495.87,2495.87,2495.87
1997-11-26,2466.4,2466.4,2466.4,2466.4
1997-11-27,2461.21,2461.21,2461.21,2461.21
1997-11-28,2460.67,2460.67,2460.67,2460.67
1997-12-01,2442.27,2442.27,2442.27,2442.27
1997-12-02,2441.48,2441.48,2441.48,2441.48
1997-12-03,2424.95,2424.95,2424.95,2424.95
1997-12-04,2375.26,2375.26,2375.26,2375.26
1997-12-05,2400.47,2400.47,2400.47,2400.47
1997-12-08,2390.19,2390.19,2390.19,2390.19
1997-12-09,2346.49,2346.49,2346.49,2346.49
1997-12-10,2380.39,2380.39,2380.39,2380.39
1997-12-11,2354.6,2354.6,2354.6,2354.6
1997-12-12,2354.32,2354.32,2354.32,2354.32
1997-12-15,2360.79,2360.79,2360.79,2360.79
1997-12-16,2358.34,2358.34,2358.34,2358.34
1997-12-17,2395.54,2395.54,2395.54,2395.54
1997-12-18,2385.58,2385.58,2385.58,2385.58
1997-12-19,2396.77,2396.77,2396.77,2396.77
1997-12-22,2418.97,2418.97,2418.97,2418.97
1997-12-23,2435.96,2435.96,2435.96,2435.96
1997-12-24,2457.85,2457.85,2457.85,2457.85
1997-12-29,2414.04,2414.04,2414.04,2414.04
1997-12-30,2409.55,2409.55,2409.55,2409.55
1997-12-31,2401.98,2401.98,2401.98,2401.98
1998-01-02,2395.1,2395.1,2395.1,2395.1
1998-01-05,2346.29,2346.29,2346.29,2346.29
1998-01-06,2337.57,2337.57,2337.57,2337.57
1998-01-07,2352.8,2352.8,2352.8,2352.8
1998-01-08,2323.35,2323.35,2323.35,2323.35
1998-01-09,2314.55,2314.55,2314.55,2314.55
1998-01-12,2313.47,2313.47,2313.47,2313.47
1998-01-13,2347.97,2347.97,2347.97,2347.97
1998-01-14,2334.58,2334.58,2334.58,2334.58
1998-01-15,2377.49,2377.49,2377.49,2377.49
1998-01-16,2405.8,2405.8,2405.8,2405.8
1998-01-19,2385.19,2385.19,2385.19,2385.19
1998-01-20,2413.39,2413.39,2413.39,2413.39
1998-01-21,2434.33,2434.33,2434.33,2434.33
1998-01-22,2411.35,2411.35,2411.35,2411.35
1998-01-23,2476.91,2476.91,2476.91,2476.91
1998-01-26,2476.8,2476.8,2476.8,2476.8
1998-01-27,2496.44,2496.44,2496.44,2496.44
1998-01-28,2544.94,2544.94,2544.94,2544.94
1998-01-29,2524.16,2524.16,2524.16,2524.16
1998-01-30,2517.6,2517.6,2517.6,2517.6
1998-02-02,2496.5,2496.5,2496.5,2496.5
1998-02-03,2449.94,2449.94,2449.94,2449.94
1998-02-04,2480.55,2480.55,2480.55,2480.55
1998-02-05,2475.11,2475.11,2475.11,2475.11
1998-02-06,2484.09,2484.09,2484.09,2484.09
1998-02-09,2488.31,2488.31,2488.31,2488.31
1998-02-10,2495.31,2495.31,2495.31,2495.31
1998-02-11,2489.49,2489.49,2489.49,2489.49
1998-02-12,2478.91,2478.91,2478.91,2478.91
1998-02-13,2488.33,2488.33,2488.33,2488.33
1998-02-16,2476.61,2476.61,2476.61,2476.61
1998-02-17,2480.13,2480.13,2480.13,2480.13
1998-02-18,2466.78,2466.78,2466.78,2466.78
1998-02-19,2487.16,2487.16,2487.16,2487.16
1998-02-20,2471.99,2471.99,2471.99,2471.99
1998-02-23,2423.46,2423.46,2423.46,2423.46
1998-02-24,2421.25,2421.25,2421.25,2421.25
1998-02-25,2413.87,2413.87,2413.87,2413.87
1998-02-26,2423.52,2423.52,2423.52,2423.52
1998-02-27,2483.88,2483.88,2483.88,2483.88
1998-03-02,2493.43,2493.43,2493.43,2493.43
1998-03-03,2468.55,2468.55,2468.55,2468.55
1998-03-04,2460.58,2460.58,2460.58,2460.58
1998-03-05,2451.03,2451.03,2451.03,2451.03
1998-03-06,2448.3,2448.3,2448.3,2448.3
1998-03-09,2445.82,2445.82,2445.82,2445.82
1998-03-10,2451.66,2451.66,2451.66,2451.66
1998-03-11,2437.92,2437.92,2437.92,2437.92
1998-03-12,2441.78,2441.78,2441.78,2441.78
1998-03-13,2439.96,2439.96,2439.96,2439.96
1998-03-16,2433.93,2433.93,2433.93,2433.93
1998-03-17,2422.71,2422.71,2422.71,2422.71
1998-03-18,2416.45,2416.45,2416.45,2416.45
1998-03-19,2422.93,2422.93,2422.93,2422.93
1998-03-20,2414.46,2414.46,2414.46,2414.46
1998-03-23,2478.26,2478.26,2478.26,2478.26
1998-03-24,2481.29,2481.29,2481.29,2481.29
1998-03-25,2467.38,2467.38,2467.38,2467.38
1998-03-26,2502.42,2502.42,2502.42,2502.42
1998-03-27,2506.68,2506.68,2506.68,2506.68
1998-03-30,2513.32,2513.32,2513.32,2513.32
1998-03-31,2492.2,2492.2,2492.2,2492.2
1998-04-01,2492.77,2492.77,2492.77,2492.77
1998-04-02,2507.22,2507.22,2507.22,2507.22
1998-04-03,2541.24,2541.24,2541.24,2541.24
1998-04-06,2567.37,2567.37,2567.37,2567.37
1998-04-07,2572.94,2572.94,2572.94,2572.94
1998-04-08,2550.68,2550.68,2550.68,2550.68
1998-04-09,2562.36,2562.36,2562.36,2562.36
1998-04-10,2548.5,2548.5,2548.5,2548.5
1998-04-15,2542.08,2542.08,2542.08,2542.08
1998-04-16,2552.46,2552.46,2552.46,2552.46
1998-04-17,2553.82,2553.82,2553.82,2553.82
1998-04-20,2550.22,2550.22,2550.22,2550.22
1998-04-21,2542.12,2542.12,2542.12,2542.12
1998-04-22,2604.45,2604.45,2604.45,2604.45
1998-04-23,2612.3,2612.3,2612.3,2612.3
1998-04-24,2582.93,2582.93,2582.93,2582.93
1998-04-27,2561.72,2561.72,2561.72,2561.72
1998-04-28,2555.47,2555.47,2555.47,2555.47
1998-04-29,2571.92,2571.92,2571.92,2571.92
1998-04-30,2545.85,2545.85,2545.85,2545.85
1998-05-04,2522.1,2522.1,2522.1,2522.1
1998-05-05,2517.91,2517.91,2517.91,2517.91
1998-05-06,2492.6,2492.6,2492.6,2492.6
1998-05-07,2477.27,2477.27,2477.27,2477.27
1998-05-08,2487.68,2487.68,2487.68,2487.68
1998-05-11,2495.08,2495.08,2495.08,2495.08
1998-05-12,2479.72,2479.72,2479.72,2479.72
1998-05-13,2478.67,2478.67,2478.67,2478.67
1998-05-14,2487.17,2487.17,2487.17,2487.17
1998-05-15,2505.49,2505.49,2505.49,2505.49
1998-05-18,2481.88,2481.88,2481.88,2481.88
1998-05-19,2478.39,2478.39,2478.39,2478.39
1998-05-20,2503.62,2503.62,2503.62,2503.62
1998-05-22,2479.94,2479.94,2479.94,2479.94
1998-05-25,2489.06,2489.06,2489.06,2489.06
1998-05-26,2454.74,2454.74,2454.74,2454.74
1998-05-27,2431.28,2431.28,2431.28,2431.28
1998-05-28,2419.09,2419.09,2419.09,2419.09
1998-05-29,2432.69,2432.69,2432.69,2432.69
1998-06-01,2405.87,2405.87,2405.87,2405.87
1998-06-02,2411.5,2411.5,2411.5,2411.5
1998-06-04,2430.22,2430.22,2430.22,2430.22
1998-06-05,2421.33,2421.33,2421.33,2421.33
1998-06-08,2457.16,2457.16,2457.16,2457.16
1998-06-09,2442.03,2442.03,2442.03,2442.03
1998-06-10,2431.72,2431.72,2431.72,2431.72
1998-06-12,2361.14,2361.14,2361.14,2361.14
1998-06-15,2366.12,2366.12,2366.12,2366.12
1998-06-16,2380.95,2380.95,2380.95,2380.95
1998-06-17,2436.39,2436.39,2436.39,2436.39
1998-06-18,2432.17,2432.17,2432.17,2432.17
1998-06-19,2474.82,2474.82,2474.82,2474.82
1998-06-22,2452.83,2452.83,2452.83,2452.83
1998-06-23,2450.35,2450.35,2450.35,2450.35
1998-06-24,2431.72,2431.72,2431.72,2431.72
1998-06-25,2443.17,2443.17,2443.17,2443.17
1998-06-26,2447.72,2447.72,2447.72,2447.72
1998-06-29,2439.02,2439.02,2439.02,2439.02
1998-06-30,2469.58,2469.58,2469.58,2469.58
1998-07-01,2459.49,2459.49,2459.49,2459.49
1998-07-02,2442.17,2442.17,2442.17,2442.17
1998-07-03,2444.44,2444.44,2444.44,2444.44
1998-07-06,2440.25,2440.25,2440.25,2440.25
1998-07-07,2442.33,2442.33,2442.33,2442.33
1998-07-08,2431.02,2431.02,2431.02,2431.02
1998-07-09,2422.73,2422.73,2422.73,2422.73
1998-07-10,2414.62,2414.62,2414.62,2414.62
1998-07-13,2408.92,2408.92,2408.92,2408.92
1998-07-14,2430.87,2430.87,2430.87,2430.87
1998-07-15,2443.48,2443.48,2443.48,2443.48
1998-07-16,2452.47,2452.47,2452.47,2452.47
1998-07-17,2447.55,2447.55,2447.55,2447.55
1998-07-20,2450.36,2450.36,2450.36,2450.36
1998-07-21,2452.19,2452.19,2452.19,2452.19
1998-07-22,2446.22,2446.22,2446.22,2446.22
1998-07-23,2436.21,2436.21,2436.21,2436.21
1998-07-24,2413.88,2413.88,2413.88,2413.88
1998-07-27,2411.3,2411.3,2411.3,2411.3
1998-07-28,2414.88,2414.88,2414.88,2414.88
1998-07-29,2410.78,2410.78,2410.78,2410.78
1998-07-30,2401.56,2401.56,2401.56,2401.56
1998-07-31,2378.42,2378.42,2378.42,2378.42
1998-08-03,2356.21,2356.21,2356.21,2356.21
1998-08-04,2389.83,2389.83,2389.83,2389.83
1998-08-05,2390.2,2390.2,2390.2,2390.2
1998-08-06,2388.82,2388.82,2388.82,2388.82
1998-08-07,2378.2,2378.2,2378.2,2378.2
1998-08-10,2394.5,2394.5,2394.5,2394.5
1998-08-11,2345.24,2345.24,2345.24,2345.24
1998-08-12,2360.44,2360.44,2360.44,2360.44
1998-08-13,2354.75,2354.75,2354.75,2354.75
1998-08-14,2358.11,2358.11,2358.11,2358.11
1998-08-17,2367.24,2367.24,2367.24,2367.24
1998-08-18,2381.63,2381.63,2381.63,2381.63
1998-08-19,2361.5,2361.5,2361.5,2361.5
1998-08-20,2401.54,2401.54,2401.54,2401.54
1998-08-21,2347.27,2347.27,2347.27,2347.27
1998-08-24,2374.15,2374.15,2374.15,2374.15
1998-08-25,2352.68,2352.68,2352.68,2352.68
1998-08-26,2342.2,2342.2,2342.2,2342.2
1998-08-27,2294.72,2294.72,2294.72,2294.72
1998-08-28,2252.23,2252.23,2252.23,2252.23
1998-08-31,2259.5,2259.5,2259.5,2259.5
1998-09-01,2304.92,2304.92,2304.92,2304.92
1998-09-03,2358.66,2358.66,2358.66,2358.66
1998-09-04,2368.18,2368.18,2368.18,2368.18
1998-09-07,2393.95,2393.95,2393.95,2393.95
1998-09-08,2374.8,2374.8,2374.8,2374.8
1998-09-09,2349.56,2349.56,2349.56,2349.56
1998-09-10,2410.26,2410.26,2410.26,2410.26
1998-09-11,2417.56,2417.56,2417.56,2417.56
1998-09-14,2412.51,2412.51,2412.51,2412.51
1998-09-15,2400.93,2400.93,2400.93,2400.93
1998-09-16,2386.47,2386.47,2386.47,2386.47
1998-09-17,2432.56,2432.56,2432.56,2432.56
1998-09-18,2412.36,2412.36,2412.36,2412.36
1998-09-21,2401.76,2401.76,2401.76,2401.76
1998-09-22,2384.04,2384.04,2384.04,2384.04
1998-09-23,2396.75,2396.75,2396.75,2396.75
1998-09-24,2432.69,2432.69,2432.69,2432.69
1998-09-25,2450.8,2450.8,2450.8,2450.8
1998-09-28,2447.13,2447.13,2447.13,2447.13
1998-09-29,2437.09,2437.09,2437.09,2437.09
1998-09-30,2451.43,2451.43,2451.43,2451.43
1998-10-01,2485.56,2485.56,2485.56,2485.56
1998-10-02,2473.42,2473.42,2473.42,2473.42
1998-10-05,2462.32,2462.32,2462.32,2462.32
1998-10-06,2451.64,2451.64,2451.64,2451.64
1998-10-07,2493.53,2493.53,2493.53,2493.53
1998-10-08,2474.9,2474.9,2474.9,2474.9
1998-10-09,2456.67,2456.67,2456.67,2456.67
1998-10-12,2449.65,2449.65,2449.65,2449.65
1998-10-13,2441.26,2441.26,2441.26,2441.26
1998-10-14,2449.22,2449.22,2449.22,2449.22
1998-10-15,2440.7,2440.7,2440.7,2440.7
1998-10-16,2483.77,2483.77,2483.77,2483.77
1998-10-19,2449.47,2449.47,2449.47,2449.47
1998-10-20,2448.59,2448.59,2448.59,2448.59
1998-10-21,2440.31,2440.31,2440.31,2440.31
1998-10-22,2404.31,2404.31,2404.31,2404.31
1998-10-23,2413.46,2413.46,2413.46,2413.46
1998-10-26,2412.8,2412.8,2412.8,2412.8
1998-10-27,2431.79,2431.79,2431.79,2431.79
1998-10-28,2398.57,2398.57,2398.57,2398.57
1998-10-29,2429.64,2429.64,2429.64,2429.64
1998-10-30,2404.52,2404.52,2404.52,2404.52
1998-11-02,2399.61,2399.61,2399.61,2399.61
1998-11-03,2386.36,2386.36,2386.36,2386.36
1998-11-04,2404.15,2404.15,2404.15,2404.15
1998-11-05,2429.23,2429.23,2429.23,2429.23
1998-11-06,2425.63,2425.63,2425.63,2425.63
1998-11-09,2427.61,2427.61,2427.61,2427.61
1998-11-10,2427.82,2427.82,2427.82,2427.82
1998-11-12,2464.01,2464.01,2464.01,2464.01
1998-11-13,2444.5,2444.5,2444.5,2444.5
1998-11-17,2436.79,2436.79,2436.79,2436.79
1998-11-18,2459.76,2459.76,2459.76,2459.76
1998-11-19,2442.95,2442.95,2442.95,2442.95
1998-11-20,2450.93,2450.93,2450.93,2450.93
1998-11-23,2446.5,2446.5,2446.5,2446.5
1998-11-24,2447.57,2447.57,2447.57,2447.57
1998-11-25,2457.53,2457.53,2457.53,2457.53
1998-11-26,2452.83,2452.83,2452.83,2452.83
1998-11-27,2455.85,2455.85,2455.85,2455.85
1998-11-30,2423.45,2423.45,2423.45,2423.45
1998-12-01,2422.88,2422.88,2422.88,2422.88
1998-12-02,2422.15,2422.15,2422.15,2422.15
1998-12-03,2392.23,2392.23,2392.23,2392.23
1998-12-04,2417.4,2417.4,2417.4,2417.4
1998-12-07,2440.29,2440.29,2440.29,2440.29
1998-12-08,2433.96,2433.96,2433.96,2433.96
1998-12-09,2422.52,2422.52,2422.52,2422.52
1998-12-10,2432.18,2432.18,2432.18,2432.18
1998-12-11,2396.48,2396.48,2396.48,2396.48
1998-12-14,2405.51,2405.51,2405.51,2405.51
1998-12-15,2424.1,2424.1,2424.1,2424.1
1998-12-16,2445.5,2445.5,2445.5,2445.5
1998-12-17,2407.36,2407.36,2407.36,2407.36
1998-12-21,2393.69,2393.69,2393.69,2393.69
1998-12-22,2377.99,2377.99,2377.99,2377.99
1998-12-23,2373.57,2373.57,2373.57,2373.57
1998-12-24,2369.74,2369.74,2369.74,2369.74
1998-12-28,2368.3,2368.3,2368.3,2368.3
1998-12-29,2368.55,2368.55,2368.55,2368.55
1998-12-30,2374.41,2374.41,2374.41,2374.41
1998-12-31,2386.58,2386.58,2386.58,2386.58
1999-01-01,2384.78,2384.78,2384.78,2384.78
1999-01-04,2368.61,2368.61,2368.61,2368.61
1999-01-05,2372.63,2372.63,2372.63,2372.63
1999-01-06,2384.19,2384.19,2384.19,2384.19
1999-01-07,2410.74,2410.74,2410.74,2410.74
1999-01-08,2416.35,2416.35,2416.35,2416.35
1999-01-11,2444.81,2444.81,2444.81,2444.81
1999-01-12,2400.76,2400.76,2400.76,2400.76
1999-01-13,2364.35,2364.35,2364.35,2364.35
1999-01-14,2380.28,2380.28,2380.28,2380.28
1999-01-15,2358.53,2358.53,2358.53,2358.53
1999-01-18,2373.64,2373.64,2373.64,2373.64
1999-01-19,2366.45,2366.45,2366.45,2366.45
1999-01-20,2375.03,2375.03,2375.03,2375.03
1999-01-21,2367.26,2367.26,2367.26,2367.26
1999-01-22,2370.42,2370.42,2370.42,2370.42
1999-01-25,2382.93,2382.93,2382.93,2382.93
1999-01-26,2359.42,2359.42,2359.42,2359.42
1999-01-27,2339.45,2339.45,2339.45,2339.45
1999-01-28,2354.55,2354.55,2354.55,2354.55
1999-01-29,2371.04,2371.04,2371.04,2371.04
1999-02-01,2375.89,2375.89,2375.89,2375.89
1999-02-02,2378.1,2378.1,2378.1,2378.1
1999-02-03,2374.89,2374.89,2374.89,2374.89
1999-02-04,2400.63,2400.63,2400.63,2400.63
1999-02-05,2393.64,2393.64,2393.64,2393.64
1999-02-08,2408.44,2408.44,2408.44,2408.44
1999-02-09,2373.18,2373.18,2373.18,2373.18
1999-02-10,2369.99,2369.99,2369.99,2369.99
1999-02-11,2379.38,2379.38,2379.38,2379.38
1999-02-12,2406.51,2406.51,2406.51,2406.51
1999-02-15,2398.52,2398.52,2398.52,2398.52
1999-02-16,2353.32,2353.32,2353.32,2353.32
1999-02-17,2364.98,2364.98,2364.98,2364.98
1999-02-18,2359.33,2359.33,2359.33,2359.33
1999-02-19,2395.92,2395.92,2395.92,2395.92
1999-02-22,2371.29,2371.29,2371.29,2371.29
1999-02-23,2381.67,2381.67,2381.67,2381.67
1999-02-24,2373.75,2373.75,2373.75,2373.75
1999-02-25,2379.64,2379.64,2379.64,2379.64
1999-02-26,2376.55,2376.55,2376.55,2376.55
1999-03-01,2370.59,2370.59,2370.59,2370.59
1999-03-02,2370.12,2370.12,2370.12,2370.12
1999-03-03,2371.16,2371.16,2371.16,2371.16
1999-03-04,2382.64,2382.64,2382.64,2382.64
1999-03-05,2385.17,2385.17,2385.17,2385.17
1999-03-08,2411.89,2411.89,2411.89,2411.89
1999-03-09,2414.66,2414.66,2414.66,2414.66
1999-03-10,2421.12,2421.12,2421.12,2421.12
1999-03-11,2441.23,2441.23,2441.23,2441.23
1999-03-12,2407.84,2407.84,2407.84,2407.84
1999-03-15,2368.14,2368.14,2368.14,2368.14
1999-03-16,2340.51,2340.51,2340.51,2340.51
1999-03-17,2337.83,2337.83,2337.83,2337.83
1999-03-18,2334.39,2334.39,2334.39,2334.39
1999-03-19,2347.7,2347.7,2347.7,2347.7
1999-03-22,2353.44,2353.44,2353.44,2353.44
1999-03-23,2364.82,2364.82,2364.82,2364.82
1999-03-24,2330.76,2330.76,2330.76,2330.76
1999-03-25,2337.45,2337.45,2337.45,2337.45
1999-03-26,2324.27,2324.27,2324.27,2324.27
1999-03-29,2315.03,2315.03,2315.03,2315.03
1999-03-30,2301.77,2301.77,2301.77,2301.77
1999-03-31,2306.42,2306.42,2306.42,2306.42
1999-04-01,2318.81,2318.81,2318.81,2318.81
1999-04-06,2295.66,2295.66,2295.66,2295.66
1999-04-07,2315.53,2315.53,2315.53,2315.53
1999-04-08,2320.53,2320.53,2320.53,2320.53
1999-04-09,2321.28,2321.28,2321.28,2321.28
1999-04-12,2336.47,2336.47,2336.47,2336.47
1999-04-13,2340.38,2340.38,2340.38,2340.38
1999-04-14,2325.63,2325.63,2325.63,2325.63
1999-04-15,2349.51,2349.51,2349.51,2349.51
1999-04-16,2341.65,2341.65,2341.65,2341.65
1999-04-19,2353.91,2353.91,2353.91,2353.91
1999-04-20,2355.37,2355.37,2355.37,2355.37
1999-04-21,2338.28,2338.28,2338.28,2338.28
1999-04-22,2343.88,2343.88,2343.88,2343.88
1999-04-23,2332.92,2332.92,2332.92,2332.92
1999-04-26,2330.02,2330.02,2330.02,2330.02
1999-04-27,2331.61,2331.61,2331.61,2331.61
1999-04-28,2340.12,2340.12,2340.12,2340.12
1999-04-29,2366.51,2366.51,2366.51,2366.51
1999-04-30,2366,2366,2366,2366
1999-05-04,2353.19,2353.19,2353.19,2353.19
1999-05-05,2373.71,2373.71,2373.71,2373.71
1999-05-06,2396.76,2396.76,2396.76,2396.76
1999-05-07,2339.21,2339.21,2339.21,2339.21
1999-05-10,2296.26,2296.26,2296.26,2296.26
1999-05-11,2304.42,2304.42,2304.42,2304.42
1999-05-12,2290,2290,2290,2290
1999-05-13,2289.66,2289.66,2289.66,2289.66
1999-05-14,2287.94,2287.94,2287.94,2287.94
1999-05-17,2269.56,2269.56,2269.56,2269.56
1999-05-18,2264.95,2264.95,2264.95,2264.95
1999-05-19,2252.01,2252.01,2252.01,2252.01
1999-05-20,2268.32,2268.32,2268.32,2268.32
1999-05-21,2257.25,2257.25,2257.25,2257.25
1999-05-24,2254.94,2254.94,2254.94,2254.94
1999-05-25,2238.09,2238.09,2238.09,2238.09
1999-05-26,2228.49,2228.49,2228.49,2228.49
1999-05-27,2244.39,2244.39,2244.39,2244.39
1999-05-28,2234.46,2234.46,2234.46,2234.46
1999-05-31,2235.2,2235.2,2235.2,2235.2
1999-06-01,2216.22,2216.22,2216.22,2216.22
1999-06-02,2197.35,2197.35,2197.35,2197.35
1999-06-04,2186.66,2186.66,2186.66,2186.66
1999-06-07,2192.15,2192.15,2192.15,2192.15
1999-06-08,2163.23,2163.23,2163.23,2163.23
1999-06-09,2140.02,2140.02,2140.02,2140.02
1999-06-10,2133.39,2133.39,2133.39,2133.39
1999-06-11,2160.79,2160.79,2160.79,2160.79
1999-06-14,2160.29,2160.29,2160.29,2160.29
1999-06-15,2137.76,2137.76,2137.76,2137.76
1999-06-16,2140,2140,2140,2140
1999-06-17,2138.48,2138.48,2138.48,2138.48
1999-06-18,2138.18,2138.18,2138.18,2138.18
1999-06-21,2138.92,2138.92,2138.92,2138.92
1999-06-22,2137.11,2137.11,2137.11,2137.11
1999-06-23,2159.48,2159.48,2159.48,2159.48
1999-06-24,2169.03,2169.03,2169.03,2169.03
1999-06-25,2143.31,2143.31,2143.31,2143.31
1999-06-28,2160.51,2160.51,2160.51,2160.51
1999-06-29,2155.5,2155.5,2155.5,2155.5
1999-06-30,2150.83,2150.83,2150.83,2150.83
1999-07-01,2178.7,2178.7,2178.7,2178.7
1999-07-02,2180.9,2180.9,2180.9,2180.9
1999-07-05,2169.87,2169.87,2169.87,2169.87
1999-07-06,2120.83,2120.83,2120.83,2120.83
1999-07-07,2124.55,2124.55,2124.55,2124.55
1999-07-08,2134.66,2134.66,2134.66,2134.66
1999-07-09,2126.22,2126.22,2126.22,2126.22
1999-07-12,2117.62,2117.62,2117.62,2117.62
1999-07-13,2117.57,2117.57,2117.57,2117.57
1999-07-14,2096.16,2096.16,2096.16,2096.16
1999-07-15,2094.45,2094.45,2094.45,2094.45
1999-07-16,2104.26,2104.26,2104.26,2104.26
1999-07-19,2089.96,2089.96,2089.96,2089.96
1999-07-20,2093.02,2093.02,2093.02,2093.02
1999-07-21,2108.1,2108.1,2108.1,2108.1
1999-07-22,2121.15,2121.15,2121.15,2121.15
1999-07-23,2097.78,2097.78,2097.78,2097.78
1999-07-26,2092.62,2092.62,2092.62,2092.62
1999-07-27,2101.04,2101.04,2101.04,2101.04
1999-07-28,2096.39,2096.39,2096.39,2096.39
1999-07-29,2126.83,2126.83,2126.83,2126.83
1999-07-30,2114.52,2114.52,2114.52,2114.52
1999-08-02,2125.8,2125.8,2125.8,2125.8
1999-08-03,2117.4,2117.4,2117.4,2117.4
1999-08-04,2121.6,2121.6,2121.6,2121.6
1999-08-05,2118.61,2118.61,2118.61,2118.61
1999-08-06,2113.29,2113.29,2113.29,2113.29
1999-08-09,2121.09,2121.09,2121.09,2121.09
1999-08-10,2125.03,2125.03,2125.03,2125.03
1999-08-11,2131.91,2131.91,2131.91,2131.91
1999-08-12,2156.41,2156.41,2156.41,2156.41
1999-08-13,2169.13,2169.13,2169.13,2169.13
1999-08-16,2156.2,2156.2,2156.2,2156.2
1999-08-17,2160.02,2160.02,2160.02,2160.02
1999-08-18,2144.65,2144.65,2144.65,2144.65
1999-08-19,2132.72,2132.72,2132.72,2132.72
1999-08-20,2129.13,2129.13,2129.13,2129.13
1999-08-23,2105.7,2105.7,2105.7,2105.7
1999-08-24,2091.67,2091.67,2091.67,2091.67
1999-08-25,2088.28,2088.28,2088.28,2088.28
1999-08-26,2095.3,2095.3,2095.3,2095.3
1999-08-31,2110.19,2110.19,2110.19,2110.19
1999-09-01,2104.61,2104.61,2104.61,2104.61
1999-09-03,2080.43,2080.43,2080.43,2080.43
1999-09-06,2104.09,2104.09,2104.09,2104.09
1999-09-07,2128.82,2128.82,2128.82,2128.82
1999-09-08,2111.94,2111.94,2111.94,2111.94
1999-09-09,2113.08,2113.08,2113.08,2113.08
1999-09-10,2128.41,2128.41,2128.41,2128.41
1999-09-13,2123.3,2123.3,2123.3,2123.3
1999-09-14,2138.55,2138.55,2138.55,2138.55
1999-09-15,2121.39,2121.39,2121.39,2121.39
1999-09-16,2118.07,2118.07,2118.07,2118.07
1999-09-17,2108.43,2108.43,2108.43,2108.43
1999-09-20,2109.63,2109.63,2109.63,2109.63
1999-09-21,2150.93,2150.93,2150.93,2150.93
1999-09-22,2183.77,2183.77,2183.77,2183.77
1999-09-23,2212.75,2212.75,2212.75,2212.75
1999-09-24,2224.02,2224.02,2224.02,2224.02
1999-09-27,2318.75,2318.75,2318.75,2318.75
1999-09-28,2561.1,2561.1,2561.1,2561.1
1999-09-29,2498.49,2498.49,2498.49,2498.49
1999-09-30,2466.8,2466.8,2466.8,2466.8
1999-10-01,2546.82,2546.82,2546.82,2546.82
1999-10-04,2634.56,2634.56,2634.56,2634.56
1999-10-05,2686.54,2686.54,2686.54,2686.54
1999-10-06,2701.38,2701.38,2701.38,2701.38
1999-10-07,2672.75,2672.75,2672.75,2672.75
1999-10-08,2658.3,2658.3,2658.3,2658.3
1999-10-11,2641.7,2641.7,2641.7,2641.7
1999-10-12,2624.21,2624.21,2624.21,2624.21
1999-10-13,2654.47,2654.47,2654.47,2654.47
1999-10-14,2590.48,2590.48,2590.48,2590.48
1999-10-15,2612.94,2612.94,2612.94,2612.94
1999-10-18,2565.03,2565.03,2565.03,2565.03
1999-10-19,2556.36,2556.36,2556.36,2556.36
1999-10-20,2536.74,2536.74,2536.74,2536.74
1999-10-21,2525.15,2525.15,2525.15,2525.15
1999-10-22,2504.02,2504.02,2504.02,2504.02
1999-10-25,2484.42,2484.42,2484.42,2484.42
1999-10-26,2411.3,2411.3,2411.3,2411.3
1999-10-27,2444.53,2444.53,2444.53,2444.53
1999-10-28,2468.22,2468.22,2468.22,2468.22
1999-10-29,2485.72,2485.72,2485.72,2485.72
1999-11-02,2411.5,2411.5,2411.5,2411.5
1999-11-03,2447.18,2447.18,2447.18,2447.18
1999-11-04,2447.49,2447.49,2447.49,2447.49
1999-11-05,2362.01,2362.01,2362.01,2362.01
1999-11-08,2434.58,2434.58,2434.58,2434.58
1999-11-09,2422.53,2422.53,2422.53,2422.53
1999-11-10,2478.72,2478.72,2478.72,2478.72
1999-11-15,2391.72,2391.72,2391.72,2391.72
1999-11-16,2421.42,2421.42,2421.42,2421.42
1999-11-17,2415.61,2415.61,2415.61,2415.61
1999-11-18,2446.2,2446.2,2446.2,2446.2
1999-11-19,2433.44,2433.44,2433.44,2433.44
1999-11-22,2442.82,2442.82,2442.82,2442.82
1999-11-23,2469.36,2469.36,2469.36,2469.36
1999-11-24,2474.78,2474.78,2474.78,2474.78
1999-11-25,2472.46,2472.46,2472.46,2472.46
1999-11-26,2468.24,2468.24,2468.24,2468.24
1999-11-29,2438.93,2438.93,2438.93,2438.93
1999-11-30,2373.6,2373.6,2373.6,2373.6
1999-12-01,2403.51,2403.51,2403.51,2403.51
1999-12-02,2340.96,2340.96,2340.96,2340.96
1999-12-03,2306.34,2306.34,2306.34,2306.34
1999-12-06,2259.2,2259.2,2259.2,2259.2
1999-12-07,2347.59,2347.59,2347.59,2347.59
1999-12-08,2322.03,2322.03,2322.03,2322.03
1999-12-09,2299.12,2299.12,2299.12,2299.12
1999-12-10,2301.54,2301.54,2301.54,2301.54
1999-12-13,2325.63,2325.63,2325.63,2325.63
1999-12-14,2325.03,2325.03,2325.03,2325.03
1999-12-15,2328.23,2328.23,2328.23,2328.23
1999-12-16,2323.69,2323.69,2323.69,2323.69
1999-12-17,2355.64,2355.64,2355.64,2355.64
1999-12-20,2339.62,2339.62,2339.62,2339.62
1999-12-21,2371.26,2371.26,2371.26,2371.26
1999-12-22,2383.15,2383.15,2383.15,2383.15
1999-12-23,2359.78,2359.78,2359.78,2359.78
1999-12-24,2380.76,2380.76,2380.76,2380.76
1999-12-27,2386.89,2386.89,2386.89,2386.89
1999-12-28,2402.73,2402.73,2402.73,2402.73
1999-12-29,2406.81,2406.81,2406.81,2406.81
1999-12-30,2383.23,2383.23,2383.23,2383.23
2000-01-03,2396.94,2396.94,2396.94,2396.94
2000-01-04,2333.47,2333.47,2333.47,2333.47
2000-01-05,2323.58,2323.58,2323.58,2323.58
2000-01-06,2308.78,2308.78,2308.78,2308.78
2000-01-07,2321.86,2321.86,2321.86,2321.86
2000-01-10,2333.88,2333.88,2333.88,2333.88
2000-01-11,2355.71,2355.71,2355.71,2355.71
2000-01-12,2332.25,2332.25,2332.25,2332.25
2000-01-13,2351.86,2351.86,2351.86,2351.86
2000-01-14,2355.94,2355.94,2355.94,2355.94
2000-01-17,2357.59,2357.59,2357.59,2357.59
2000-01-18,2403.26,2403.26,2403.26,2403.26
2000-01-19,2387.31,2387.31,2387.31,2387.31
2000-01-20,2382.4,2382.4,2382.4,2382.4
2000-01-21,2390.82,2390.82,2390.82,2390.82
2000-01-24,2384.52,2384.52,2384.52,2384.52
2000-01-25,2371.49,2371.49,2371.49,2371.49
2000-01-26,2370.43,2370.43,2370.43,2370.43
2000-01-27,2389.26,2389.26,2389.26,2389.26
2000-01-28,2363.82,2363.82,2363.82,2363.82
2000-01-31,2345.07,2345.07,2345.07,2345.07
2000-02-01,2351.79,2351.79,2351.79,2351.79
2000-02-02,2344.24,2344.24,2344.24,2344.24
2000-02-03,2349.14,2349.14,2349.14,2349.14
2000-02-04,2581.93,2581.93,2581.93,2581.93
2000-02-07,2527.76,2527.76,2527.76,2527.76
2000-02-08,2457.29,2457.29,2457.29,2457.29
2000-02-09,2541.02,2541.02,2541.02,2541.02
2000-02-10,2611.55,2611.55,2611.55,2611.55
2000-02-11,2581.55,2581.55,2581.55,2581.55
2000-02-14,2556.47,2556.47,2556.47,2556.47
2000-02-15,2488.54,2488.54,2488.54,2488.54
2000-02-16,2499.5,2499.5,2499.5,2499.5
2000-02-17,2484.91,2484.91,2484.91,2484.91
2000-02-18,2528.25,2528.25,2528.25,2528.25
2000-02-21,2521.63,2521.63,2521.63,2521.63
2000-02-22,2519.24,2519.24,2519.24,2519.24
2000-02-23,2470.21,2470.21,2470.21,2470.21
2000-02-24,2479.19,2479.19,2479.19,2479.19
2000-02-25,2435.79,2435.79,2435.79,2435.79
2000-02-28,2418.11,2418.11,2418.11,2418.11
2000-02-29,2423.76,2423.76,2423.76,2423.76
2000-03-01,2361.72,2361.72,2361.72,2361.72
2000-03-02,2388.6,2388.6,2388.6,2388.6
2000-03-03,2382.1,2382.1,2382.1,2382.1
2000-03-06,2387.76,2387.76,2387.76,2387.76
2000-03-07,2432.38,2432.38,2432.38,2432.38
2000-03-08,2392.79,2392.79,2392.79,2392.79
2000-03-09,2388.6,2388.6,2388.6,2388.6
2000-03-10,2392.8,2392.8,2392.8,2392.8
2000-03-13,2403.63,2403.63,2403.63,2403.63
2000-03-14,2385.95,2385.95,2385.95,2385.95
2000-03-15,2395.05,2395.05,2395.05,2395.05
2000-03-16,2370.02,2370.02,2370.02,2370.02
2000-03-17,2353.3,2353.3,2353.3,2353.3
2000-03-20,2355.57,2355.57,2355.57,2355.57
2000-03-21,2399.75,2399.75,2399.75,2399.75
2000-03-22,2380.08,2380.08,2380.08,2380.08
2000-03-23,2349.83,2349.83,2349.83,2349.83
2000-03-24,2354.51,2354.51,2354.51,2354.51
2000-03-27,2318.42,2318.42,2318.42,2318.42
2000-03-28,2321.54,2321.54,2321.54,2321.54
2000-03-29,2295.98,2295.98,2295.98,2295.98
2000-03-30,2306.3,2306.3,2306.3,2306.3
2000-03-31,2300.16,2300.16,2300.16,2300.16
2000-04-03,2312.78,2312.78,2312.78,2312.78
2000-04-04,2355.27,2355.27,2355.27,2355.27
2000-04-05,2335.97,2335.97,2335.97,2335.97
2000-04-06,2312.25,2312.25,2312.25,2312.25
2000-04-07,2302.66,2302.66,2302.66,2302.66
2000-04-10,2332.6,2332.6,2332.6,2332.6
2000-04-11,2302.47,2302.47,2302.47,2302.47
2000-04-12,2363.16,2363.16,2363.16,2363.16
2000-04-13,2338.9,2338.9,2338.9,2338.9
2000-04-14,2375.57,2375.57,2375.57,2375.57
2000-04-17,2317.52,2317.52,2317.52,2317.52
2000-04-18,2321.71,2321.71,2321.71,2321.71
2000-04-19,2340.47,2340.47,2340.47,2340.47
2000-04-20,2318.98,2318.98,2318.98,2318.98
2000-04-21,2314.96,2314.96,2314.96,2314.96
2000-04-25,2309.77,2309.77,2309.77,2309.77
2000-04-26,2279.28,2279.28,2279.28,2279.28
2000-04-27,2336.09,2336.09,2336.09,2336.09
2000-04-28,2285.66,2285.66,2285.66,2285.66
2000-05-02,2289.96,2289.96,2289.96,2289.96
2000-05-04,2330.54,2330.54,2330.54,2330.54
2000-05-05,2303.02,2303.02,2303.02,2303.02
2000-05-08,2231.26,2231.26,2231.26,2231.26
2000-05-09,2275.14,2275.14,2275.14,2275.14
2000-05-10,2303.94,2303.94,2303.94,2303.94
2000-05-11,2267.87,2267.87,2267.87,2267.87
2000-05-12,2293.99,2293.99,2293.99,2293.99
2000-05-15,2238.58,2238.58,2238.58,2238.58
2000-05-16,2294.4,2294.4,2294.4,2294.4
2000-05-17,2278.13,2278.13,2278.13,2278.13
2000-05-18,2237.44,2237.44,2237.44,2237.44
2000-05-19,2266.81,2266.81,2266.81,2266.81
2000-05-22,2292.24,2292.24,2292.24,2292.24
2000-05-23,2270.56,2270.56,2270.56,2270.56
2000-05-24,2259.01,2259.01,2259.01,2259.01
2000-05-25,2250.83,2250.83,2250.83,2250.83
2000-05-26,2242.17,2242.17,2242.17,2242.17
2000-05-29,2258.01,2258.01,2258.01,2258.01
2000-05-30,2249.03,2249.03,2249.03,2249.03
2000-05-31,2252.59,2252.59,2252.59,2252.59
2000-06-01,2256.05,2256.05,2256.05,2256.05
2000-06-02,2304.78,2304.78,2304.78,2304.78
2000-06-05,2345.28,2345.28,2345.28,2345.28
2000-06-06,2384.02,2384.02,2384.02,2384.02
2000-06-07,2379.59,2379.59,2379.59,2379.59
2000-06-08,2353.61,2353.61,2353.61,2353.61
2000-06-09,2349.75,2349.75,2349.75,2349.75
2000-06-12,2372.08,2372.08,2372.08,2372.08
2000-06-13,2375.21,2375.21,2375.21,2375.21
2000-06-14,2422.3,2422.3,2422.3,2422.3
2000-06-15,2392.25,2392.25,2392.25,2392.25
2000-06-16,2393.18,2393.18,2393.18,2393.18
2000-06-19,2369.56,2369.56,2369.56,2369.56
2000-06-20,2365.69,2365.69,2365.69,2365.69
2000-06-21,2362.99,2362.99,2362.99,2362.99
2000-06-23,2343.6,2343.6,2343.6,2343.6
2000-06-26,2336.92,2336.92,2336.92,2336.92
2000-06-27,2352.06,2352.06,2352.06,2352.06
2000-06-28,2420.6,2420.6,2420.6,2420.6
2000-06-29,2384.27,2384.27,2384.27,2384.27
2000-06-30,2379.34,2379.34,2379.34,2379.34
2000-07-03,2349.71,2349.71,2349.71,2349.71
2000-07-04,2378.58,2378.58,2378.58,2378.58
2000-07-05,2356.57,2356.57,2356.57,2356.57
2000-07-06,2347.64,2347.64,2347.64,2347.64
2000-07-07,2347.19,2347.19,2347.19,2347.19
2000-07-10,2337.11,2337.11,2337.11,2337.11
2000-07-11,2331.59,2331.59,2331.59,2331.59
2000-07-12,2331.34,2331.34,2331.34,2331.34
2000-07-13,2310.05,2310.05,2310.05,2310.05
2000-07-14,2322.83,2322.83,2322.83,2322.83
2000-07-17,2330.91,2330.91,2330.91,2330.91
2000-07-18,2346.15,2346.15,2346.15,2346.15
2000-07-19,2308.28,2308.28,2308.28,2308.28
2000-07-20,2297.17,2297.17,2297.17,2297.17
2000-07-21,2315.83,2315.83,2315.83,2315.83
2000-07-24,2303.39,2303.39,2303.39,2303.39
2000-07-25,2303.55,2303.55,2303.55,2303.55
2000-07-26,2312.89,2312.89,2312.89,2312.89
2000-07-27,2308.29,2308.29,2308.29,2308.29
2000-07-28,2308.43,2308.43,2308.43,2308.43
2000-07-31,2293.46,2293.46,2293.46,2293.46
2000-08-01,2294.08,2294.08,2294.08,2294.08
2000-08-02,2297.94,2297.94,2297.94,2297.94
2000-08-03,2281.07,2281.07,2281.07,2281.07
2000-08-04,2248.12,2248.12,2248.12,2248.12
2000-08-07,2250.05,2250.05,2250.05,2250.05
2000-08-08,2256.05,2256.05,2256.05,2256.05
2000-08-09,2252.13,2252.13,2252.13,2252.13
2000-08-10,2250.28,2250.28,2250.28,2250.28
2000-08-11,2284.46,2284.46,2284.46,2284.46
2000-08-14,2271.43,2271.43,2271.43,2271.43
2000-08-16,2292.14,2292.14,2292.14,2292.14
2000-08-17,2295.3,2295.3,2295.3,2295.3
2000-08-18,2282.15,2282.15,2282.15,2282.15
2000-08-21,2265.16,2265.16,2265.16,2265.16
2000-08-22,2256.21,2256.21,2256.21,2256.21
2000-08-23,2246.38,2246.38,2246.38,2246.38
2000-08-24,2269.18,2269.18,2269.18,2269.18
2000-08-25,2259.16,2259.16,2259.16,2259.16
2000-08-28,2269.46,2269.46,2269.46,2269.46
2000-08-29,2269.71,2269.71,2269.71,2269.71
2000-08-30,2258.06,2258.06,2258.06,2258.06
2000-08-31,2294.03,2294.03,2294.03,2294.03
2000-09-01,2270.42,2270.42,2270.42,2270.42
2000-09-04,2270.66,2270.66,2270.66,2270.66
2000-09-05,2280.53,2280.53,2280.53,2280.53
2000-09-06,2280.83,2280.83,2280.83,2280.83
2000-09-07,2261.93,2261.93,2261.93,2261.93
2000-09-08,2264.72,2264.72,2264.72,2264.72
2000-09-11,2262.95,2262.95,2262.95,2262.95
2000-09-12,2269.94,2269.94,2269.94,2269.94
2000-09-13,2257.23,2257.23,2257.23,2257.23
2000-09-14,2253.68,2253.68,2253.68,2253.68
2000-09-15,2254.2,2254.2,2254.2,2254.2
2000-09-18,2248.54,2248.54,2248.54,2248.54
2000-09-19,2256.09,2256.09,2256.09,2256.09
2000-09-20,2228.42,2228.42,2228.42,2228.42
2000-09-21,2227.41,2227.41,2227.41,2227.41
2000-09-22,2240.48,2240.48,2240.48,2240.48
2000-09-25,2276.87,2276.87,2276.87,2276.87
2000-09-26,2270.09,2270.09,2270.09,2270.09
2000-09-27,2307.69,2307.69,2307.69,2307.69
2000-09-28,2262.3,2262.3,2262.3,2262.3
2000-09-29,2262.95,2262.95,2262.95,2262.95
2000-10-02,2284.4,2284.4,2284.4,2284.4
2000-10-03,2237.7,2237.7,2237.7,2237.7
2000-10-04,2241.03,2241.03,2241.03,2241.03
2000-10-05,2236.39,2236.39,2236.39,2236.39
2000-10-06,2227.46,2227.46,2227.46,2227.46
2000-10-09,2242.07,2242.07,2242.07,2242.07
2000-10-10,2271.82,2271.82,2271.82,2271.82
2000-10-11,2263.71,2263.71,2263.71,2263.71
2000-10-12,2313.57,2313.57,2313.57,2313.57
2000-10-13,2251.63,2251.63,2251.63,2251.63
2000-10-16,2256.64,2256.64,2256.64,2256.64
2000-10-17,2238.31,2238.31,2238.31,2238.31
2000-10-18,2260.58,2260.58,2260.58,2260.58
2000-10-19,2224.18,2224.18,2224.18,2224.18
2000-10-20,2262.88,2262.88,2262.88,2262.88
2000-10-23,2233.35,2233.35,2233.35,2233.35
2000-10-24,2218.89,2218.89,2218.89,2218.89
2000-10-25,2212.41,2212.41,2212.41,2212.41
2000-10-26,2198.62,2198.62,2198.62,2198.62
2000-10-30,2182.85,2182.85,2182.85,2182.85
2000-10-31,2171.76,2171.76,2171.76,2171.76
2000-11-02,2162.21,2162.21,2162.21,2162.21
2000-11-03,2183.91,2183.91,2183.91,2183.91
2000-11-06,2204.07,2204.07,2204.07,2204.07
2000-11-07,2204.97,2204.97,2204.97,2204.97
2000-11-08,2204.04,2204.04,2204.04,2204.04
2000-11-09,2195.39,2195.39,2195.39,2195.39
2000-11-10,2198.84,2198.84,2198.84,2198.84
2000-11-13,2185.36,2185.36,2185.36,2185.36
2000-11-14,2189.6,2189.6,2189.6,2189.6
2000-11-15,2206.23,2206.23,2206.23,2206.23
2000-11-16,2202.93,2202.93,2202.93,2202.93
2000-11-17,2200.29,2200.29,2200.29,2200.29
2000-11-20,2209.16,2209.16,2209.16,2209.16
2000-11-21,2196.05,2196.05,2196.05,2196.05
2000-11-22,2209.55,2209.55,2209.55,2209.55
2000-11-23,2198.56,2198.56,2198.56,2198.56
2000-11-24,2184.84,2184.84,2184.84,2184.84
2000-11-27,2204.62,2204.62,2204.62,2204.62
2000-11-28,2252.17,2252.17,2252.17,2252.17
2000-11-29,2200.81,2200.81,2200.81,2200.81
2000-11-30,2244.63,2244.63,2244.63,2244.63
2000-12-01,2231.1,2231.1,2231.1,2231.1
2000-12-04,2221.4,2221.4,2221.4,2221.4
2000-12-05,2237.19,2237.19,2237.19,2237.19
2000-12-06,2263.94,2263.94,2263.94,2263.94
2000-12-07,2278.48,2278.48,2278.48,2278.48
2000-12-08,2264.68,2264.68,2264.68,2264.68
2000-12-11,2239.11,2239.11,2239.11,2239.11
2000-12-12,2245.71,2245.71,2245.71,2245.71
2000-12-13,2224.52,2224.52,2224.52,2224.52
2000-12-14,2231.7,2231.7,2231.7,2231.7
2000-12-15,2235.36,2235.36,2235.36,2235.36
2000-12-18,2229.46,2229.46,2229.46,2229.46
2000-12-19,2236.97,2236.97,2236.97,2236.97
2000-12-20,2243.52,2243.52,2243.52,2243.52
2000-12-21,2261.09,2261.09,2261.09,2261.09
2000-12-22,2248.47,2248.47,2248.47,2248.47
2000-12-27,2266.56,2266.56,2266.56,2266.56
2000-12-28,2256.65,2256.65,2256.65,2256.65
2000-12-29,2245.75,2245.75,2245.75,2245.75
2001-01-02,2215.04,2215.04,2215.04,2215.04
2001-01-03,2243.9,2243.9,2243.9,2243.9
2001-01-04,2207.71,2207.71,2207.71,2207.71
2001-01-05,2216.82,2216.82,2216.82,2216.82
2001-01-08,2221.32,2221.32,2221.32,2221.32
2001-01-09,2229.15,2229.15,2229.15,2229.15
2001-01-10,2181.96,2181.96,2181.96,2181.96
2001-01-11,2166.63,2166.63,2166.63,2166.63
2001-01-12,2178.38,2178.38,2178.38,2178.38
2001-01-15,2185.74,2185.74,2185.74,2185.74
2001-01-16,2175.14,2175.14,2175.14,2175.14
2001-01-17,2192.17,2192.17,2192.17,2192.17
2001-01-18,2183.54,2183.54,2183.54,2183.54
2001-01-19,2203.97,2203.97,2203.97,2203.97
2001-01-22,2195.95,2195.95,2195.95,2195.95
2001-01-23,2213.02,2213.02,2213.02,2213.02
2001-01-24,2197.82,2197.82,2197.82,2197.82
2001-01-25,2184.94,2184.94,2184.94,2184.94
2001-01-26,2181.85,2181.85,2181.85,2181.85
2001-01-30,2181.75,2181.75,2181.75,2181.75
2001-01-31,2197.25,2197.25,2197.25,2197.25
2001-02-01,2203.67,2203.67,2203.67,2203.67
2001-02-02,2215.36,2215.36,2215.36,2215.36
2001-02-05,2194.62,2194.62,2194.62,2194.62
2001-02-06,2183.74,2183.74,2183.74,2183.74
2001-02-07,2161.39,2161.39,2161.39,2161.39
2001-02-08,2174.88,2174.88,2174.88,2174.88
2001-02-09,2142.71,2142.71,2142.71,2142.71
2001-02-12,2144.3,2144.3,2144.3,2144.3
2001-02-14,2150.82,2150.82,2150.82,2150.82
2001-02-15,2119.81,2119.81,2119.81,2119.81
2001-02-16,2133.63,2133.63,2133.63,2133.63
2001-02-19,2151.26,2151.26,2151.26,2151.26
2001-02-20,2122.37,2122.37,2122.37,2122.37
2001-02-21,2165.76,2165.76,2165.76,2165.76
2001-02-22,2141.86,2141.86,2141.86,2141.86
2001-02-23,2154.55,2154.55,2154.55,2154.55
2001-02-26,2196.79,2196.79,2196.79,2196.79
2001-02-27,2212.32,2212.32,2212.32,2212.32
2001-02-28,2192.2,2192.2,2192.2,2192.2
2001-03-01,2169.71,2169.71,2169.71,2169.71
2001-03-02,2186.72,2186.72,2186.72,2186.72
2001-03-05,2174.36,2174.36,2174.36,2174.36
2001-03-06,2142.56,2142.56,2142.56,2142.56
2001-03-07,2174.28,2174.28,2174.28,2174.28
2001-03-08,2204.45,2204.45,2204.45,2204.45
2001-03-09,2244.64,2244.64,2244.64,2244.64
2001-03-12,2280.85,2280.85,2280.85,2280.85
2001-03-13,2226.99,2226.99,2226.99,2226.99
2001-03-14,2177.71,2177.71,2177.71,2177.71
2001-03-15,2158.61,2158.61,2158.61,2158.61
2001-03-16,2159.82,2159.82,2159.82,2159.82
2001-03-19,2162.6,2162.6,2162.6,2162.6
2001-03-20,2137.83,2137.83,2137.83,2137.83
2001-03-21,2179.33,2179.33,2179.33,2179.33
2001-03-22,2179.56,2179.56,2179.56,2179.56
2001-03-23,2173.48,2173.48,2173.48,2173.48
2001-03-26,2164.99,2164.99,2164.99,2164.99
2001-03-27,2166.03,2166.03,2166.03,2166.03
2001-03-28,2143.14,2143.14,2143.14,2143.14
2001-03-29,2135.2,2135.2,2135.2,2135.2
2001-03-30,2130.02,2130.02,2130.02,2130.02
2001-04-02,2093.16,2093.16,2093.16,2093.16
2001-04-03,2118.01,2118.01,2118.01,2118.01
2001-04-04,2132.05,2132.05,2132.05,2132.05
2001-04-05,2139.92,2139.92,2139.92,2139.92
2001-04-06,2147.86,2147.86,2147.86,2147.86
2001-04-09,2132.06,2132.06,2132.06,2132.06
2001-04-10,2146.1,2146.1,2146.1,2146.1
2001-04-11,2144.91,2144.91,2144.91,2144.91
2001-04-12,2139.77,2139.77,2139.77,2139.77
2001-04-13,2146.54,2146.54,2146.54,2146.54
2001-04-17,2156.62,2156.62,2156.62,2156.62
2001-04-18,2151.82,2151.82,2151.82,2151.82
2001-04-19,2196.69,2196.69,2196.69,2196.69
2001-04-20,2206.28,2206.28,2206.28,2206.28
2001-04-23,2191.02,2191.02,2191.02,2191.02
2001-04-24,2166.23,2166.23,2166.23,2166.23
2001-04-25,2164.16,2164.16,2164.16,2164.16
2001-04-26,2161.55,2161.55,2161.55,2161.55
2001-04-27,2191.35,2191.35,2191.35,2191.35
2001-04-30,2177.35,2177.35,2177.35,2177.35
2001-05-02,2200.34,2200.34,2200.34,2200.34
2001-05-04,2191.29,2191.29,2191.29,2191.29
2001-05-07,2205.67,2205.67,2205.67,2205.67
2001-05-08,2193.79,2193.79,2193.79,2193.79
2001-05-09,2240.84,2240.84,2240.84,2240.84
2001-05-10,2222.45,2222.45,2222.45,2222.45
2001-05-11,2238.21,2238.21,2238.21,2238.21
2001-05-14,2211.5,2211.5,2211.5,2211.5
2001-05-15,2213.3,2213.3,2213.3,2213.3
2001-05-16,2246.47,2246.47,2246.47,2246.47
2001-05-17,2270.92,2270.92,2270.92,2270.92
2001-05-18,2387.41,2387.41,2387.41,2387.41
2001-05-21,2365.3,2365.3,2365.3,2365.3
2001-05-22,2365.9,2365.9,2365.9,2365.9
2001-05-23,2346.85,2346.85,2346.85,2346.85
2001-05-24,2314.7,2314.7,2314.7,2314.7
2001-05-25,2311.52,2311.52,2311.52,2311.52
2001-05-28,2300.56,2300.56,2300.56,2300.56
2001-05-29,2268.91,2268.91,2268.91,2268.91
2001-05-30,2189.3,2189.3,2189.3,2189.3
2001-05-31,2186.66,2186.66,2186.66,2186.66
2001-06-01,2213.68,2213.68,2213.68,2213.68
2001-06-04,2209.5,2209.5,2209.5,2209.5
2001-06-05,2201.45,2201.45,2201.45,2201.45
2001-06-06,2221.76,2221.76,2221.76,2221.76
2001-06-07,2204.97,2204.97,2204.97,2204.97
2001-06-08,2260.47,2260.47,2260.47,2260.47
2001-06-11,2222.69,2222.69,2222.69,2222.69
2001-06-12,2242.64,2242.64,2242.64,2242.64
2001-06-13,2263.28,2263.28,2263.28,2263.28
2001-06-15,2245.54,2245.54,2245.54,2245.54
2001-06-18,2260.76,2260.76,2260.76,2260.76
2001-06-19,2270.64,2270.64,2270.64,2270.64
2001-06-20,2256.53,2256.53,2256.53,2256.53
2001-06-21,2251.71,2251.71,2251.71,2251.71
2001-06-22,2250.47,2250.47,2250.47,2250.47
2001-06-25,2268.06,2268.06,2268.06,2268.06
2001-06-26,2286.91,2286.91,2286.91,2286.91
2001-06-27,2249.69,2249.69,2249.69,2249.69
2001-06-28,2244.34,2244.34,2244.34,2244.34
2001-06-29,2252.44,2252.44,2252.44,2252.44
2001-07-02,2229.34,2229.34,2229.34,2229.34
2001-07-03,2224.53,2224.53,2224.53,2224.53
2001-07-04,2218.54,2218.54,2218.54,2218.54
2001-07-05,2205.31,2205.31,2205.31,2205.31
2001-07-06,2269.88,2269.88,2269.88,2269.88
2001-07-09,2257.75,2257.75,2257.75,2257.75
2001-07-10,2259.75,2259.75,2259.75,2259.75
2001-07-11,2177.67,2177.67,2177.67,2177.67
2001-07-12,2214.51,2214.51,2214.51,2214.51
2001-07-13,2210.12,2210.12,2210.12,2210.12
2001-07-16,2219.16,2219.16,2219.16,2219.16
2001-07-17,2201.29,2201.29,2201.29,2201.29
2001-07-18,2265.72,2265.72,2265.72,2265.72
2001-07-19,2214.87,2214.87,2214.87,2214.87
2001-07-20,2225.92,2225.92,2225.92,2225.92
2001-07-23,2227.92,2227.92,2227.92,2227.92
2001-07-24,2229.45,2229.45,2229.45,2229.45
2001-07-25,2215.88,2215.88,2215.88,2215.88
2001-07-26,2205.53,2205.53,2205.53,2205.53
2001-07-27,2222.66,2222.66,2222.66,2222.66
2001-07-30,2196.08,2196.08,2196.08,2196.08
2001-07-31,2216.36,2216.36,2216.36,2216.36
2001-08-01,2215.3,2215.3,2215.3,2215.3
2001-08-02,2227.84,2227.84,2227.84,2227.84
2001-08-03,2200.47,2200.47,2200.47,2200.47
2001-08-06,2227.65,2227.65,2227.65,2227.65
2001-08-07,2211.8,2211.8,2211.8,2211.8
2001-08-08,2220.7,2220.7,2220.7,2220.7
2001-08-09,2263.45,2263.45,2263.45,2263.45
2001-08-10,2260.22,2260.22,2260.22,2260.22
2001-08-13,2287.95,2287.95,2287.95,2287.95
2001-08-14,2288.71,2288.71,2288.71,2288.71
2001-08-16,2285.6,2285.6,2285.6,2285.6
2001-08-17,2316.62,2316.62,2316.62,2316.62
2001-08-20,2273.69,2273.69,2273.69,2273.69
2001-08-21,2287.99,2287.99,2287.99,2287.99
2001-08-22,2264.44,2264.44,2264.44,2264.44
2001-08-23,2264.3,2264.3,2264.3,2264.3
2001-08-24,2269.25,2269.25,2269.25,2269.25
2001-08-27,2252.39,2252.39,2252.39,2252.39
2001-08-28,2250.78,2250.78,2250.78,2250.78
2001-08-29,2272.55,2272.55,2272.55,2272.55
2001-08-30,2275.22,2275.22,2275.22,2275.22
2001-08-31,2273.7,2273.7,2273.7,2273.7
2001-09-03,2263.37,2263.37,2263.37,2263.37
2001-09-04,2251.8,2251.8,2251.8,2251.8
2001-09-05,2251.9,2251.9,2251.9,2251.9
2001-09-06,2250.1,2250.1,2250.1,2250.1
2001-09-07,2256.99,2256.99,2256.99,2256.99
2001-09-10,2253.74,2253.74,2253.74,2253.74
2001-09-11,2389.09,2389.09,2389.09,2389.09
2001-09-12,2301.7,2301.7,2301.7,2301.7
2001-09-13,2333.4,2333.4,2333.4,2333.4
2001-09-14,2370.43,2370.43,2370.43,2370.43
2001-09-17,2395.63,2395.63,2395.63,2395.63
2001-09-18,2376.86,2376.86,2376.86,2376.86
2001-09-19,2386.92,2386.92,2386.92,2386.92
2001-09-20,2365.1,2365.1,2365.1,2365.1
2001-09-21,2438.88,2438.88,2438.88,2438.88
2001-09-24,2394.31,2394.31,2394.31,2394.31
2001-09-25,2408.97,2408.97,2408.97,2408.97
2001-09-26,2405.48,2405.48,2405.48,2405.48
2001-09-27,2437.19,2437.19,2437.19,2437.19
2001-09-28,2422.35,2422.35,2422.35,2422.35
2001-10-01,2417.78,2417.78,2417.78,2417.78
2001-10-02,2380.21,2380.21,2380.21,2380.21
2001-10-03,2389.03,2389.03,2389.03,2389.03
2001-10-04,2371.58,2371.58,2371.58,2371.58
2001-10-05,2408.77,2408.77,2408.77,2408.77
2001-10-08,2414.14,2414.14,2414.14,2414.14
2001-10-09,2378.87,2378.87,2378.87,2378.87
2001-10-10,2340.76,2340.76,2340.76,2340.76
2001-10-11,2333.8,2333.8,2333.8,2333.8
2001-10-12,2347.06,2347.06,2347.06,2347.06
2001-10-15,2317.59,2317.59,2317.59,2317.59
2001-10-16,2320.92,2320.92,2320.92,2320.92
2001-10-17,2338.19,2338.19,2338.19,2338.19
2001-10-18,2311.27,2311.27,2311.27,2311.27
2001-10-19,2324.46,2324.46,2324.46,2324.46
2001-10-22,2288.36,2288.36,2288.36,2288.36
2001-10-23,2280.03,2280.03,2280.03,2280.03
2001-10-24,2280.31,2280.31,2280.31,2280.31
2001-10-25,2281.02,2281.02,2281.02,2281.02
2001-10-26,2290.15,2290.15,2290.15,2290.15
2001-10-29,2310.97,2310.97,2310.97,2310.97
2001-10-30,2319.45,2319.45,2319.45,2319.45
2001-10-31,2308.16,2308.16,2308.16,2308.16
2001-11-02,2329.9,2329.9,2329.9,2329.9
2001-11-05,2304.6,2304.6,2304.6,2304.6
2001-11-06,2320.13,2320.13,2320.13,2320.13
2001-11-07,2326.48,2326.48,2326.48,2326.48
2001-11-08,2287.17,2287.17,2287.17,2287.17
2001-11-09,2300.02,2300.02,2300.02,2300.02
2001-11-12,2308.16,2308.16,2308.16,2308.16
2001-11-13,2310.81,2310.81,2310.81,2310.81
2001-11-14,2294.82,2294.82,2294.82,2294.82
2001-11-15,2289.35,2289.35,2289.35,2289.35
2001-11-16,2257.1,2257.1,2257.1,2257.1
2001-11-19,2256.38,2256.38,2256.38,2256.38
2001-11-20,2258.06,2258.06,2258.06,2258.06
2001-11-21,2261.59,2261.59,2261.59,2261.59
2001-11-22,2258.32,2258.32,2258.32,2258.32
2001-11-23,2267.96,2267.96,2267.96,2267.96
2001-11-26,2252.98,2252.98,2252.98,2252.98
2001-11-27,2267.1,2267.1,2267.1,2267.1
2001-11-28,2272.63,2272.63,2272.63,2272.63
2001-11-29,2265.8,2265.8,2265.8,2265.8
2001-11-30,2260.02,2260.02,2260.02,2260.02
2001-12-03,2298.1,2298.1,2298.1,2298.1
2001-12-04,2289.01,2289.01,2289.01,2289.01
2001-12-05,2292.22,2292.22,2292.22,2292.22
2001-12-06,2262.58,2262.58,2262.58,2262.58
2001-12-07,2289.92,2289.92,2289.92,2289.92
2001-12-10,2257.35,2257.35,2257.35,2257.35
2001-12-11,2250.46,2250.46,2250.46,2250.46
2001-12-12,2269.2,2269.2,2269.2,2269.2
2001-12-13,2262.83,2262.83,2262.83,2262.83
2001-12-14,2296.3,2296.3,2296.3,2296.3
2001-12-17,2294.61,2294.61,2294.61,2294.61
2001-12-18,2333.12,2333.12,2333.12,2333.12
2001-12-19,2261.88,2261.88,2261.88,2261.88
2001-12-20,2279.64,2279.64,2279.64,2279.64
2001-12-21,2314.43,2314.43,2314.43,2314.43
2001-12-24,2305.46,2305.46,2305.46,2305.46
2001-12-27,2282.05,2282.05,2282.05,2282.05
2001-12-28,2299.33,2299.33,2299.33,2299.33
2001-12-31,2294.44,2294.44,2294.44,2294.44
2002-01-02,2306.08,2306.08,2306.08,2306.08
2002-01-03,2304.96,2304.96,2304.96,2304.96
2002-01-04,2288.78,2288.78,2288.78,2288.78
2002-01-07,2314.7,2314.7,2314.7,2314.7
2002-01-08,2325.83,2325.83,2325.83,2325.83
2002-01-09,2347.17,2347.17,2347.17,2347.17
2002-01-10,2447.28,2447.28,2447.28,2447.28
2002-01-11,2373.95,2373.95,2373.95,2373.95
2002-01-14,2385.96,2385.96,2385.96,2385.96
2002-01-15,2384.57,2384.57,2384.57,2384.57
2002-01-16,2393.6,2393.6,2393.6,2393.6
2002-01-17,2371.11,2371.11,2371.11,2371.11
2002-01-18,2320.16,2320.16,2320.16,2320.16
2002-01-21,2336.13,2336.13,2336.13,2336.13
2002-01-22,2328.24,2328.24,2328.24,2328.24
2002-01-23,2305.68,2305.68,2305.68,2305.68
2002-01-24,2315.09,2315.09,2315.09,2315.09
2002-01-25,2302.19,2302.19,2302.19,2302.19
2002-01-28,2284.23,2284.23,2284.23,2284.23
2002-01-29,2341.8,2341.8,2341.8,2341.8
2002-01-30,2342,2342,2342,2342
2002-01-31,2347.45,2347.45,2347.45,2347.45
2002-02-01,2381.05,2381.05,2381.05,2381.05
2002-02-04,2386.1,2386.1,2386.1,2386.1
2002-02-05,2467.89,2467.89,2467.89,2467.89
2002-02-06,2500.98,2500.98,2500.98,2500.98
2002-02-07,2473.79,2473.79,2473.79,2473.79
2002-02-08,2505.88,2505.88,2505.88,2505.88
2002-02-11,2493.08,2493.08,2493.08,2493.08
2002-02-12,2479.67,2479.67,2479.67,2479.67
2002-02-13,2493.53,2493.53,2493.53,2493.53
2002-02-14,2464.05,2464.05,2464.05,2464.05
2002-02-15,2461.87,2461.87,2461.87,2461.87
2002-02-18,2459.11,2459.11,2459.11,2459.11
2002-02-19,2432.65,2432.65,2432.65,2432.65
2002-02-20,2420.45,2420.45,2420.45,2420.45
2002-02-21,2417.21,2417.21,2417.21,2417.21
2002-02-22,2421.18,2421.18,2421.18,2421.18
2002-02-25,2432.49,2432.49,2432.49,2432.49
2002-02-26,2473.82,2473.82,2473.82,2473.82
2002-02-27,2456.59,2456.59,2456.59,2456.59
2002-02-28,2466.54,2466.54,2466.54,2466.54
2002-03-01,2456,2456,2456,2456
2002-03-04,2451.6,2451.6,2451.6,2451.6
2002-03-05,2424.97,2424.97,2424.97,2424.97
2002-03-06,2428.66,2428.66,2428.66,2428.66
2002-03-07,2404.48,2404.48,2404.48,2404.48
2002-03-08,2394.59,2394.59,2394.59,2394.59
2002-03-11,2407.19,2407.19,2407.19,2407.19
2002-03-12,2438.1,2438.1,2438.1,2438.1
2002-03-13,2424.42,2424.42,2424.42,2424.42
2002-03-14,2389.7,2389.7,2389.7,2389.7
2002-03-15,2399.44,2399.44,2399.44,2399.44
2002-03-18,2420.46,2420.46,2420.46,2420.46
2002-03-19,2432.98,2432.98,2432.98,2432.98
2002-03-20,2409.01,2409.01,2409.01,2409.01
2002-03-21,2422.35,2422.35,2422.35,2422.35
2002-03-22,2465.75,2465.75,2465.75,2465.75
2002-03-25,2476.94,2476.94,2476.94,2476.94
2002-03-26,2436.44,2436.44,2436.44,2436.44
2002-03-27,2499.5,2499.5,2499.5,2499.5
2002-03-28,2501.01,2501.01,2501.01,2501.01
2002-03-29,2495.99,2495.99,2495.99,2495.99
2002-04-02,2528.69,2528.69,2528.69,2528.69
2002-04-03,2503.54,2503.54,2503.54,2503.54
2002-04-04,2497.97,2497.97,2497.97,2497.97
2002-04-05,2474.75,2474.75,2474.75,2474.75
2002-04-08,2497.47,2497.47,2497.47,2497.47
2002-04-09,2464.15,2464.15,2464.15,2464.15
2002-04-10,2491.39,2491.39,2491.39,2491.39
2002-04-11,2496.46,2496.46,2496.46,2496.46
2002-04-12,2507.13,2507.13,2507.13,2507.13
2002-04-15,2483.18,2483.18,2483.18,2483.18
2002-04-16,2473.51,2473.51,2473.51,2473.51
2002-04-17,2492.85,2492.85,2492.85,2492.85
2002-04-18,2510.76,2510.76,2510.76,2510.76
2002-04-19,2497.95,2497.95,2497.95,2497.95
2002-04-22,2505.12,2505.12,2505.12,2505.12
2002-04-23,2510.76,2510.76,2510.76,2510.76
2002-04-24,2515.35,2515.35,2515.35,2515.35
2002-04-25,2541.54,2541.54,2541.54,2541.54
2002-04-26,2555.99,2555.99,2555.99,2555.99
2002-04-29,2568.58,2568.58,2568.58,2568.58
2002-04-30,2559.78,2559.78,2559.78,2559.78
2002-05-02,2572.32,2572.32,2572.32,2572.32
2002-05-06,2572.8,2572.8,2572.8,2572.8
2002-05-07,2579.9,2579.9,2579.9,2579.9
2002-05-08,2561.28,2561.28,2561.28,2561.28
2002-05-09,2568.54,2568.54,2568.54,2568.54
2002-05-10,2582.78,2582.78,2582.78,2582.78
2002-05-13,2600,2600,2600,2600
2002-05-14,2537.79,2537.79,2537.79,2537.79
2002-05-15,2582.48,2582.48,2582.48,2582.48
2002-05-16,2563.02,2563.02,2563.02,2563.02
2002-05-17,2562.76,2562.76,2562.76,2562.76
2002-05-20,2565.14,2565.14,2565.14,2565.14
2002-05-21,2627.2,2627.2,2627.2,2627.2
2002-05-22,2625.3,2625.3,2625.3,2625.3
2002-05-23,2673.95,2673.95,2673.95,2673.95
2002-05-24,2643.49,2643.49,2643.49,2643.49
2002-05-27,2655.96,2655.96,2655.96,2655.96
2002-05-28,2682.18,2682.18,2682.18,2682.18
2002-05-29,2674.56,2674.56,2674.56,2674.56
2002-05-31,2694.05,2694.05,2694.05,2694.05
2002-06-03,2704.09,2704.09,2704.09,2704.09
2002-06-04,2693.73,2693.73,2693.73,2693.73
2002-06-05,2658.44,2658.44,2658.44,2658.44
2002-06-06,2680.82,2680.82,2680.82,2680.82
2002-06-07,2689.68,2689.68,2689.68,2689.68
2002-06-10,2651.59,2651.59,2651.59,2651.59
2002-06-11,2653.65,2653.65,2653.65,2653.65
2002-06-12,2633.53,2633.53,2633.53,2633.53
2002-06-13,2632.55,2632.55,2632.55,2632.55
2002-06-14,2680.37,2680.37,2680.37,2680.37
2002-06-17,2635.67,2635.67,2635.67,2635.67
2002-06-18,2619.19,2619.19,2619.19,2619.19
2002-06-19,2655.67,2655.67,2655.67,2655.67
2002-06-20,2657.5,2657.5,2657.5,2657.5
2002-06-21,2667.76,2667.76,2667.76,2667.76
2002-06-24,2711.34,2711.34,2711.34,2711.34
2002-06-25,2657.21,2657.21,2657.21,2657.21
2002-06-26,2714.49,2714.49,2714.49,2714.49
2002-06-27,2639.77,2639.77,2639.77,2639.77
2002-06-28,2643.87,2643.87,2643.87,2643.87
2002-07-01,2562.79,2562.79,2562.79,2562.79
2002-07-02,2638.54,2638.54,2638.54,2638.54
2002-07-03,2569.42,2569.42,2569.42,2569.42
2002-07-04,2564.41,2564.41,2564.41,2564.41
2002-07-05,2582.12,2582.12,2582.12,2582.12
2002-07-08,2605.48,2605.48,2605.48,2605.48
2002-07-09,2651.78,2651.78,2651.78,2651.78
2002-07-10,2595.16,2595.16,2595.16,2595.16
2002-07-11,2608.18,2608.18,2608.18,2608.18
2002-07-12,2609.04,2609.04,2609.04,2609.04
2002-07-15,2645.89,2645.89,2645.89,2645.89
2002-07-16,2610.25,2610.25,2610.25,2610.25
2002-07-17,2601.17,2601.17,2601.17,2601.17
2002-07-18,2610.46,2610.46,2610.46,2610.46
2002-07-19,2661.21,2661.21,2661.21,2661.21
2002-07-22,2702.76,2702.76,2702.76,2702.76
2002-07-23,2648.97,2648.97,2648.97,2648.97
2002-07-24,2554.3,2554.3,2554.3,2554.3
2002-07-25,2563.53,2563.53,2563.53,2563.53
2002-07-26,2531.85,2531.85,2531.85,2531.85
2002-07-29,2520.6,2520.6,2520.6,2520.6
2002-07-30,2541.43,2541.43,2541.43,2541.43
2002-07-31,2525.81,2525.81,2525.81,2525.81
2002-08-01,2511.89,2511.89,2511.89,2511.89
2002-08-02,2517.69,2517.69,2517.69,2517.69
2002-08-05,2558.05,2558.05,2558.05,2558.05
2002-08-06,2552.86,2552.86,2552.86,2552.86
2002-08-07,2572.83,2572.83,2572.83,2572.83
2002-08-08,2598.02,2598.02,2598.02,2598.02
2002-08-09,2589.3,2589.3,2589.3,2589.3
2002-08-12,2613.68,2613.68,2613.68,2613.68
2002-08-13,2592.08,2592.08,2592.08,2592.08
2002-08-14,2615.87,2615.87,2615.87,2615.87
2002-08-16,2596.55,2596.55,2596.55,2596.55
2002-08-19,2563.03,2563.03,2563.03,2563.03
2002-08-20,2552.85,2552.85,2552.85,2552.85
2002-08-21,2553.02,2553.02,2553.02,2553.02
2002-08-22,2535.55,2535.55,2535.55,2535.55
2002-08-23,2520.71,2520.71,2520.71,2520.71
2002-08-27,2569.55,2569.55,2569.55,2569.55
2002-08-28,2561.51,2561.51,2561.51,2561.51
2002-08-29,2582.32,2582.32,2582.32,2582.32
2002-08-30,2579.94,2579.94,2579.94,2579.94
2002-09-02,2583.23,2583.23,2583.23,2583.23
2002-09-03,2591.26,2591.26,2591.26,2591.26
2002-09-04,2599.6,2599.6,2599.6,2599.6
2002-09-05,2636.42,2636.42,2636.42,2636.42
2002-09-06,2644.02,2644.02,2644.02,2644.02
2002-09-09,2649.86,2649.86,2649.86,2649.86
2002-09-10,2638.92,2638.92,2638.92,2638.92
2002-09-11,2617.01,2617.01,2617.01,2617.01
2002-09-12,2654.73,2654.73,2654.73,2654.73
2002-09-16,2631.68,2631.68,2631.68,2631.68
2002-09-17,2600.28,2600.28,2600.28,2600.28
2002-09-18,2626.46,2626.46,2626.46,2626.46
2002-09-19,2666,2666,2666,2666
2002-09-20,2667.47,2667.47,2667.47,2667.47
2002-09-23,2686.84,2686.84,2686.84,2686.84
2002-09-24,2684.34,2684.34,2684.34,2684.34
2002-09-25,2697.24,2697.24,2697.24,2697.24
2002-09-26,2655.72,2655.72,2655.72,2655.72
2002-09-27,2650.17,2650.17,2650.17,2650.17
2002-09-30,2678.11,2678.11,2678.11,2678.11
2002-10-01,2659.34,2659.34,2659.34,2659.34
2002-10-02,2668.8,2668.8,2668.8,2668.8
2002-10-03,2663.74,2663.74,2663.74,2663.74
2002-10-04,2661.74,2661.74,2661.74,2661.74
2002-10-07,2666.53,2666.53,2666.53,2666.53
2002-10-08,2623.21,2623.21,2623.21,2623.21
2002-10-09,2627.51,2627.51,2627.51,2627.51
2002-10-10,2621.05,2621.05,2621.05,2621.05
2002-10-11,2628.51,2628.51,2628.51,2628.51
2002-10-14,2629.15,2629.15,2629.15,2629.15
2002-10-15,2624.92,2624.92,2624.92,2624.92
2002-10-16,2608,2608,2608,2608
2002-10-17,2576.03,2576.03,2576.03,2576.03
2002-10-18,2585.83,2585.83,2585.83,2585.83
2002-10-21,2584.45,2584.45,2584.45,2584.45
2002-10-22,2570.17,2570.17,2570.17,2570.17
2002-10-23,2582.01,2582.01,2582.01,2582.01
2002-10-24,2561.67,2561.67,2561.67,2561.67
2002-10-25,2559.41,2559.41,2559.41,2559.41
2002-10-28,2593.35,2593.35,2593.35,2593.35
2002-10-29,2620.07,2620.07,2620.07,2620.07
2002-10-30,2622.11,2622.11,2622.11,2622.11
2002-10-31,2617,2617,2617,2617
2002-11-04,2628.42,2628.42,2628.42,2628.42
2002-11-05,2632.13,2632.13,2632.13,2632.13
2002-11-06,2615.38,2615.38,2615.38,2615.38
2002-11-07,2631.47,2631.47,2631.47,2631.47
2002-11-08,2650.53,2650.53,2650.53,2650.53
2002-11-12,2655.82,2655.82,2655.82,2655.82
2002-11-13,2696.77,2696.77,2696.77,2696.77
2002-11-14,2634.45,2634.45,2634.45,2634.45
2002-11-15,2629.47,2629.47,2629.47,2629.47
2002-11-18,2623.12,2623.12,2623.12,2623.12
2002-11-19,2658.42,2658.42,2658.42,2658.42
2002-11-20,2653.58,2653.58,2653.58,2653.58
2002-11-21,2638.54,2638.54,2638.54,2638.54
2002-11-22,2629.47,2629.47,2629.47,2629.47
2002-11-25,2646.38,2646.38,2646.38,2646.38
2002-11-26,2626.12,2626.12,2626.12,2626.12
2002-11-27,2639.47,2639.47,2639.47,2639.47
2002-11-28,2637.04,2637.04,2637.04,2637.04
2002-11-29,2645.6,2645.6,2645.6,2645.6
2002-12-02,2620.03,2620.03,2620.03,2620.03
2002-12-03,2654.46,2654.46,2654.46,2654.46
2002-12-04,2665.28,2665.28,2665.28,2665.28
2002-12-05,2675.38,2675.38,2675.38,2675.38
2002-12-06,2686.72,2686.72,2686.72,2686.72
2002-12-09,2678.24,2678.24,2678.24,2678.24
2002-12-10,2685.59,2685.59,2685.59,2685.59
2002-12-11,2678.57,2678.57,2678.57,2678.57
2002-12-12,2688.24,2688.24,2688.24,2688.24
2002-12-13,2749.15,2749.15,2749.15,2749.15
2002-12-16,2761.78,2761.78,2761.78,2761.78
2002-12-17,2815.64,2815.64,2815.64,2815.64
2002-12-18,2790.15,2790.15,2790.15,2790.15
2002-12-19,2851.67,2851.67,2851.67,2851.67
2002-12-20,2825.48,2825.48,2825.48,2825.48
2002-12-23,2853.47,2853.47,2853.47,2853.47
2002-12-27,2879.86,2879.86,2879.86,2879.86
2002-12-30,2873.79,2873.79,2873.79,2873.79
2002-12-31,2830.03,2830.03,2830.03,2830.03
2003-01-02,2837.37,2837.37,2837.37,2837.37
2003-01-03,2842.67,2842.67,2842.67,2842.67
2003-01-06,2908.54,2908.54,2908.54,2908.54
2003-01-07,2890.76,2890.76,2890.76,2890.76
2003-01-08,2903.92,2903.92,2903.92,2903.92
2003-01-09,2921.08,2921.08,2921.08,2921.08
2003-01-10,2913.15,2913.15,2913.15,2913.15
2003-01-13,2920.47,2920.47,2920.47,2920.47
2003-01-14,2910.24,2910.24,2910.24,2910.24
2003-01-15,2896.51,2896.51,2896.51,2896.51
2003-01-16,2936.04,2936.04,2936.04,2936.04
2003-01-17,2963.93,2963.93,2963.93,2963.93
2003-01-20,2942.07,2942.07,2942.07,2942.07
2003-01-21,2959.91,2959.91,2959.91,2959.91
2003-01-22,2987.37,2987.37,2987.37,2987.37
2003-01-23,2992.44,2992.44,2992.44,2992.44
2003-01-24,3016.69,3016.69,3016.69,3016.69
2003-01-27,3050.12,3050.12,3050.12,3050.12
2003-01-28,3021.51,3021.51,3021.51,3021.51
2003-01-29,3050.48,3050.48,3050.48,3050.48
2003-01-30,3055.8,3055.8,3055.8,3055.8
2003-01-31,3044.23,3044.23,3044.23,3044.23
2003-02-03,3064.13,3064.13,3064.13,3064.13
2003-02-04,3092.01,3092.01,3092.01,3092.01
2003-02-05,3178.66,3178.66,3178.66,3178.66
2003-02-06,3103.67,3103.67,3103.67,3103.67
2003-02-07,3090.79,3090.79,3090.79,3090.79
2003-02-10,3069.5,3069.5,3069.5,3069.5
2003-02-11,3006.2,3006.2,3006.2,3006.2
2003-02-12,2954.2,2954.2,2954.2,2954.2
2003-02-13,2920.33,2920.33,2920.33,2920.33
2003-02-14,2932.59,2932.59,2932.59,2932.59
2003-02-17,2870.27,2870.27,2870.27,2870.27
2003-02-18,2854.08,2854.08,2854.08,2854.08
2003-02-19,2863.56,2863.56,2863.56,2863.56
2003-02-20,2908.24,2908.24,2908.24,2908.24
2003-02-21,2919.33,2919.33,2919.33,2919.33
2003-02-24,2940.43,2940.43,2940.43,2940.43
2003-02-25,2959.49,2959.49,2959.49,2959.49
2003-02-26,2912.85,2912.85,2912.85,2912.85
2003-02-27,2915.25,2915.25,2915.25,2915.25
2003-02-28,2876.48,2876.48,2876.48,2876.48
2003-03-03,2845.49,2845.49,2845.49,2845.49
2003-03-04,2928.36,2928.36,2928.36,2928.36
2003-03-05,2914.3,2914.3,2914.3,2914.3
2003-03-06,2932.46,2932.46,2932.46,2932.46
2003-03-07,2916.93,2916.93,2916.93,2916.93
2003-03-10,2937.71,2937.71,2937.71,2937.71
2003-03-11,2927.75,2927.75,2927.75,2927.75
2003-03-12,2885.78,2885.78,2885.78,2885.78
2003-03-13,2742.96,2742.96,2742.96,2742.96
2003-03-14,2784.1,2784.1,2784.1,2784.1
2003-03-17,2857.14,2857.14,2857.14,2857.14
2003-03-18,2805.95,2805.95,2805.95,2805.95
2003-03-19,2784.78,2784.78,2784.78,2784.78
2003-03-20,2777.1,2777.1,2777.1,2777.1
2003-03-21,2759.81,2759.81,2759.81,2759.81
2003-03-24,2721.92,2721.92,2721.92,2721.92
2003-03-25,2740.42,2740.42,2740.42,2740.42
2003-03-26,2733.75,2733.75,2733.75,2733.75
2003-03-27,2766.78,2766.78,2766.78,2766.78
2003-03-28,2737.25,2737.25,2737.25,2737.25
2003-03-31,2805.48,2805.48,2805.48,2805.48
2003-04-01,2765.61,2765.61,2765.61,2765.61
2003-04-02,2721.92,2721.92,2721.92,2721.92
2003-04-03,2691.13,2691.13,2691.13,2691.13
2003-04-04,2687.14,2687.14,2687.14,2687.14
2003-04-07,2640.1,2640.1,2640.1,2640.1
2003-04-08,2669.93,2669.93,2669.93,2669.93
2003-04-09,2650.23,2650.23,2650.23,2650.23
2003-04-10,2689.97,2689.97,2689.97,2689.97
2003-04-11,2674.03,2674.03,2674.03,2674.03
2003-04-14,2698.85,2698.85,2698.85,2698.85
2003-04-15,2682.47,2682.47,2682.47,2682.47
2003-04-16,2654.26,2654.26,2654.26,2654.26
2003-04-17,2698.08,2698.08,2698.08,2698.08
2003-04-22,2763.66,2763.66,2763.66,2763.66
2003-04-23,2773.52,2773.52,2773.52,2773.52
2003-04-24,2768.22,2768.22,2768.22,2768.22
2003-04-25,2760.16,2760.16,2760.16,2760.16
2003-04-28,2767.82,2767.82,2767.82,2767.82
2003-04-29,2729.01,2729.01,2729.01,2729.01
2003-04-30,2767.24,2767.24,2767.24,2767.24
2003-05-02,2808.62,2808.62,2808.62,2808.62
2003-05-06,2849.91,2849.91,2849.91,2849.91
2003-05-07,2847.47,2847.47,2847.47,2847.47
2003-05-08,2855.89,2855.89,2855.89,2855.89
2003-05-09,2872.53,2872.53,2872.53,2872.53
2003-05-12,2918.42,2918.42,2918.42,2918.42
2003-05-13,2897.4,2897.4,2897.4,2897.4
2003-05-14,2929.52,2929.52,2929.52,2929.52
2003-05-15,2931.37,2931.37,2931.37,2931.37
2003-05-16,2910.37,2910.37,2910.37,2910.37
2003-05-19,2974.78,2974.78,2974.78,2974.78
2003-05-20,3033.61,3033.61,3033.61,3033.61
2003-05-21,3035.2,3035.2,3035.2,3035.2
2003-05-22,3068.33,3068.33,3068.33,3068.33
2003-05-23,3053.13,3053.13,3053.13,3053.13
2003-05-27,3077.79,3077.79,3077.79,3077.79
2003-05-29,2981.22,2981.22,2981.22,2981.22
2003-05-30,2992.86,2992.86,2992.86,2992.86
2003-06-02,3018.53,3018.53,3018.53,3018.53
2003-06-03,3039.06,3039.06,3039.06,3039.06
2003-06-04,3038.25,3038.25,3038.25,3038.25
2003-06-05,2973.79,2973.79,2973.79,2973.79
2003-06-06,3006.85,3006.85,3006.85,3006.85
2003-06-09,3046.65,3046.65,3046.65,3046.65
2003-06-10,2925.5,2925.5,2925.5,2925.5
2003-06-11,2937.7,2937.7,2937.7,2937.7
2003-06-12,2926.88,2926.88,2926.88,2926.88
2003-06-13,2917.67,2917.67,2917.67,2917.67
2003-06-16,2958.19,2958.19,2958.19,2958.19
2003-06-17,3006.67,3006.67,3006.67,3006.67
2003-06-18,3021.55,3021.55,3021.55,3021.55
2003-06-20,2973.15,2973.15,2973.15,2973.15
2003-06-23,2976.42,2976.42,2976.42,2976.42
2003-06-24,2870.88,2870.88,2870.88,2870.88
2003-06-25,2868.12,2868.12,2868.12,2868.12
2003-06-26,2867.18,2867.18,2867.18,2867.18
2003-06-27,2826.18,2826.18,2826.18,2826.18
2003-06-30,2865.94,2865.94,2865.94,2865.94
2003-07-01,2870.65,2870.65,2870.65,2870.65
2003-07-02,2912.62,2912.62,2912.62,2912.62
2003-07-03,2891.64,2891.64,2891.64,2891.64
2003-07-04,2897.87,2897.87,2897.87,2897.87
2003-07-07,2906.38,2906.38,2906.38,2906.38
2003-07-08,2877,2877,2877,2877
2003-07-09,2853.83,2853.83,2853.83,2853.83
2003-07-10,2832.18,2832.18,2832.18,2832.18
2003-07-11,2849.32,2849.32,2849.32,2849.32
2003-07-14,2841.55,2841.55,2841.55,2841.55
2003-07-15,2887.16,2887.16,2887.16,2887.16
2003-07-16,2838.43,2838.43,2838.43,2838.43
2003-07-17,2837.92,2837.92,2837.92,2837.92
2003-07-18,2844.11,2844.11,2844.11,2844.11
2003-07-21,2884.29,2884.29,2884.29,2884.29
2003-07-22,2908.48,2908.48,2908.48,2908.48
2003-07-23,2889.12,2889.12,2889.12,2889.12
2003-07-24,2960.41,2960.41,2960.41,2960.41
2003-07-25,2984.08,2984.08,2984.08,2984.08
2003-07-28,2988.8,2988.8,2988.8,2988.8
2003-07-29,2996.97,2996.97,2996.97,2996.97
2003-07-30,2977.71,2977.71,2977.71,2977.71
2003-07-31,2932.88,2932.88,2932.88,2932.88
2003-08-01,2914.72,2914.72,2914.72,2914.72
2003-08-04,2867.52,2867.52,2867.52,2867.52
2003-08-05,2891.62,2891.62,2891.62,2891.62
2003-08-06,2915.32,2915.32,2915.32,2915.32
2003-08-07,2895.81,2895.81,2895.81,2895.81
2003-08-08,2929.03,2929.03,2929.03,2929.03
2003-08-11,2962.57,2962.57,2962.57,2962.57
2003-08-12,2998.49,2998.49,2998.49,2998.49
2003-08-13,2957.84,2957.84,2957.84,2957.84
2003-08-14,3014.75,3014.75,3014.75,3014.75
2003-08-18,3002.34,3002.34,3002.34,3002.34
2003-08-19,2991.79,2991.79,2991.79,2991.79
2003-08-20,2986.11,2986.11,2986.11,2986.11
2003-08-21,3027.83,3027.83,3027.83,3027.83
2003-08-22,2983.44,2983.44,2983.44,2983.44
2003-08-26,2975.09,2975.09,2975.09,2975.09
2003-08-27,3061.35,3061.35,3061.35,3061.35
2003-08-28,3061.65,3061.65,3061.65,3061.65
2003-08-29,3089.52,3089.52,3089.52,3089.52
2003-09-01,3113.01,3113.01,3113.01,3113.01
2003-09-03,3058.8,3058.8,3058.8,3058.8
2003-09-04,3061.27,3061.27,3061.27,3061.27
2003-09-05,3102.53,3102.53,3102.53,3102.53
2003-09-08,3085.99,3085.99,3085.99,3085.99
2003-09-09,3155.49,3155.49,3155.49,3155.49
2003-09-11,3113.86,3113.86,3113.86,3113.86
2003-09-12,3102.59,3102.59,3102.59,3102.59
2003-09-15,3132.35,3132.35,3132.35,3132.35
2003-09-16,3112.13,3112.13,3112.13,3112.13
2003-09-17,3112.2,3112.2,3112.2,3112.2
2003-09-18,3115.73,3115.73,3115.73,3115.73
2003-09-19,3111.53,3111.53,3111.53,3111.53
2003-09-22,3167.86,3167.86,3167.86,3167.86
2003-09-23,3174.7,3174.7,3174.7,3174.7
2003-09-24,3190.95,3190.95,3190.95,3190.95
2003-09-25,3234.24,3234.24,3234.24,3234.24
2003-09-29,3160.51,3160.51,3160.51,3160.51
2003-09-30,3184.28,3184.28,3184.28,3184.28
2003-10-01,3174.03,3174.03,3174.03,3174.03
2003-10-02,3158.45,3158.45,3158.45,3158.45
2003-10-03,3191.31,3191.31,3191.31,3191.31
2003-10-06,3064.24,3064.24,3064.24,3064.24
2003-10-07,3110.3,3110.3,3110.3,3110.3
2003-10-08,3086.34,3086.34,3086.34,3086.34
2003-10-09,3154.46,3154.46,3154.46,3154.46
2003-10-10,3048.78,3048.78,3048.78,3048.78
2003-10-13,3073.13,3073.13,3073.13,3073.13
2003-10-14,3083.14,3083.14,3083.14,3083.14
2003-10-15,3092.91,3092.91,3092.91,3092.91
2003-10-16,3085.11,3085.11,3085.11,3085.11
2003-10-17,3051.09,3051.09,3051.09,3051.09
2003-10-20,3079.82,3079.82,3079.82,3079.82
2003-10-21,3096.14,3096.14,3096.14,3096.14
2003-10-22,3145.97,3145.97,3145.97,3145.97
2003-10-23,3201.6,3201.6,3201.6,3201.6
2003-10-24,3187.16,3187.16,3187.16,3187.16
2003-10-27,3198.91,3198.91,3198.91,3198.91
2003-10-28,3219.49,3219.49,3219.49,3219.49
2003-10-29,3173.68,3173.68,3173.68,3173.68
2003-10-30,3249.64,3249.64,3249.64,3249.64
2003-10-31,3184.53,3184.53,3184.53,3184.53
2003-11-03,3189.21,3189.21,3189.21,3189.21
2003-11-04,3101.68,3101.68,3101.68,3101.68
2003-11-05,3180.12,3180.12,3180.12,3180.12
2003-11-06,3139.27,3139.27,3139.27,3139.27
2003-11-07,3147.69,3147.69,3147.69,3147.69
2003-11-10,3150.8,3150.8,3150.8,3150.8
2003-11-12,3178.78,3178.78,3178.78,3178.78
2003-11-13,3268.58,3268.58,3268.58,3268.58
2003-11-14,3270.79,3270.79,3270.79,3270.79
2003-11-17,3299.83,3299.83,3299.83,3299.83
2003-11-18,3234.92,3234.92,3234.92,3234.92
2003-11-19,3291.98,3291.98,3291.98,3291.98
2003-11-20,3282.12,3282.12,3282.12,3282.12
2003-11-21,3267.77,3267.77,3267.77,3267.77
2003-11-24,3256.94,3256.94,3256.94,3256.94
2003-11-25,3241.03,3241.03,3241.03,3241.03
2003-11-26,3220.45,3220.45,3220.45,3220.45
2003-11-27,3281.91,3281.91,3281.91,3281.91
2003-11-28,3266.72,3266.72,3266.72,3266.72
2003-12-01,3318.38,3318.38,3318.38,3318.38
2003-12-02,3291.62,3291.62,3291.62,3291.62
2003-12-03,3319.72,3319.72,3319.72,3319.72
2003-12-05,3315.36,3315.36,3315.36,3315.36
2003-12-08,3377.41,3377.41,3377.41,3377.41
2003-12-09,3384.05,3384.05,3384.05,3384.05
2003-12-10,3360.1,3360.1,3360.1,3360.1
2003-12-11,3343.44,3343.44,3343.44,3343.44
2003-12-12,3364.53,3364.53,3364.53,3364.53
2003-12-15,3330.43,3330.43,3330.43,3330.43
2003-12-16,3412,3412,3412,3412
2003-12-17,3366.4,3366.4,3366.4,3366.4
2003-12-18,3404.02,3404.02,3404.02,3404.02
2003-12-19,3396.77,3396.77,3396.77,3396.77
2003-12-22,3399.78,3399.78,3399.78,3399.78
2003-12-23,3393.05,3393.05,3393.05,3393.05
2003-12-29,3433.56,3433.56,3433.56,3433.56
2003-12-30,3433.85,3433.85,3433.85,3433.85
2003-12-31,3438.81,3438.81,3438.81,3438.81
2004-01-02,3423.5,3423.5,3423.5,3423.5
2004-01-05,3435.27,3435.27,3435.27,3435.27
2004-01-06,3528.75,3528.75,3528.75,3528.75
2004-01-07,3468.52,3468.52,3468.52,3468.52
2004-01-08,3444.2,3444.2,3444.2,3444.2
2004-01-09,3466.64,3466.64,3466.64,3466.64
2004-01-12,3561.86,3561.86,3561.86,3561.86
2004-01-13,3522.68,3522.68,3522.68,3522.68
2004-01-14,3500.22,3500.22,3500.22,3500.22
2004-01-15,3444.62,3444.62,3444.62,3444.62
2004-01-16,3400.44,3400.44,3400.44,3400.44
2004-01-19,3368.03,3368.03,3368.03,3368.03
2004-01-20,3339.15,3339.15,3339.15,3339.15
2004-01-21,3400.58,3400.58,3400.58,3400.58
2004-01-22,3397.41,3397.41,3397.41,3397.41
2004-01-23,3428.64,3428.64,3428.64,3428.64
2004-01-26,3359.89,3359.89,3359.89,3359.89
2004-01-27,3327.51,3327.51,3327.51,3327.51
2004-01-28,3414.15,3414.15,3414.15,3414.15
2004-01-29,3439.62,3439.62,3439.62,3439.62
2004-01-30,3331.9,3331.9,3331.9,3331.9
2004-02-02,3336.93,3336.93,3336.93,3336.93
2004-02-03,3304.55,3304.55,3304.55,3304.55
2004-02-04,3324.64,3324.64,3324.64,3324.64
2004-02-05,3326.14,3326.14,3326.14,3326.14
2004-02-06,3243.47,3243.47,3243.47,3243.47
2004-02-09,3373.23,3373.23,3373.23,3373.23
2004-02-10,3393.91,3393.91,3393.91,3393.91
2004-02-11,3353.51,3353.51,3353.51,3353.51
2004-02-12,3413.57,3413.57,3413.57,3413.57
2004-02-13,3419.85,3419.85,3419.85,3419.85
2004-02-16,3394.26,3394.26,3394.26,3394.26
2004-02-17,3429.45,3429.45,3429.45,3429.45
2004-02-18,3446.24,3446.24,3446.24,3446.24
2004-02-19,3399.31,3399.31,3399.31,3399.31
2004-02-20,3387.37,3387.37,3387.37,3387.37
2004-02-23,3285.96,3285.96,3285.96,3285.96
2004-02-24,3307.69,3307.69,3307.69,3307.69
2004-02-25,3344.07,3344.07,3344.07,3344.07
2004-02-26,3291.44,3291.44,3291.44,3291.44
2004-03-01,3304.59,3304.59,3304.59,3304.59
2004-03-02,3304.51,3304.51,3304.51,3304.51
2004-03-03,3229.43,3229.43,3229.43,3229.43
2004-03-04,3251.05,3251.05,3251.05,3251.05
2004-03-05,3268.47,3268.47,3268.47,3268.47
2004-03-08,3292.89,3292.89,3292.89,3292.89
2004-03-09,3307.64,3307.64,3307.64,3307.64
2004-03-10,3326.91,3326.91,3326.91,3326.91
2004-03-11,3322.76,3322.76,3322.76,3322.76
2004-03-12,3312.05,3312.05,3312.05,3312.05
2004-03-15,3293.97,3293.97,3293.97,3293.97
2004-03-16,3346.3,3346.3,3346.3,3346.3
2004-03-17,3341.91,3341.91,3341.91,3341.91
2004-03-18,3370.47,3370.47,3370.47,3370.47
2004-03-19,3407.42,3407.42,3407.42,3407.42
2004-03-22,3437.43,3437.43,3437.43,3437.43
2004-03-23,3443.33,3443.33,3443.33,3443.33
2004-03-24,3465.28,3465.28,3465.28,3465.28
2004-03-25,3464.82,3464.82,3464.82,3464.82
2004-03-26,3475.24,3475.24,3475.24,3475.24
2004-03-29,3480.19,3480.19,3480.19,3480.19
2004-03-30,3465.47,3465.47,3465.47,3465.47
2004-03-31,3491.15,3491.15,3491.15,3491.15
2004-04-01,3520.7,3520.7,3520.7,3520.7
2004-04-02,3549.5,3549.5,3549.5,3549.5
2004-04-05,3489.8,3489.8,3489.8,3489.8
2004-04-06,3454.97,3454.97,3454.97,3454.97
2004-04-07,3456.97,3456.97,3456.97,3456.97
2004-04-08,3492.77,3492.77,3492.77,3492.77
2004-04-13,3406.09,3406.09,3406.09,3406.09
2004-04-14,3336.8,3336.8,3336.8,3336.8
2004-04-15,3289.5,3289.5,3289.5,3289.5
2004-04-16,3309.87,3309.87,3309.87,3309.87
2004-04-19,3340.99,3340.99,3340.99,3340.99
2004-04-20,3296.77,3296.77,3296.77,3296.77
2004-04-21,3254.9,3254.9,3254.9,3254.9
2004-04-22,3247.42,3247.42,3247.42,3247.42
2004-04-23,3280.99,3280.99,3280.99,3280.99
2004-04-26,3286.74,3286.74,3286.74,3286.74
2004-04-27,3281.15,3281.15,3281.15,3281.15
2004-04-28,3260.42,3260.42,3260.42,3260.42
2004-04-29,3153.81,3153.81,3153.81,3153.81
2004-04-30,3207.9,3207.9,3207.9,3207.9
2004-05-04,3202.08,3202.08,3202.08,3202.08
2004-05-05,3247.19,3247.19,3247.19,3247.19
2004-05-06,3212.4,3212.4,3212.4,3212.4
2004-05-07,3247.85,3247.85,3247.85,3247.85
2004-05-10,3099.75,3099.75,3099.75,3099.75
2004-05-11,3134.42,3134.42,3134.42,3134.42
2004-05-12,3176.93,3176.93,3176.93,3176.93
2004-05-13,3105.36,3105.36,3105.36,3105.36
2004-05-14,3100.12,3100.12,3100.12,3100.12
2004-05-17,3166.77,3166.77,3166.77,3166.77
2004-05-18,3100.56,3100.56,3100.56,3100.56
2004-05-19,3128.03,3128.03,3128.03,3128.03
2004-05-20,3133.42,3133.42,3133.42,3133.42
2004-05-21,3169.6,3169.6,3169.6,3169.6
2004-05-24,3143.95,3143.95,3143.95,3143.95
2004-05-25,3211.44,3211.44,3211.44,3211.44
2004-05-26,3205.84,3205.84,3205.84,3205.84
2004-05-27,3235.36,3235.36,3235.36,3235.36
2004-06-01,3283.91,3283.91,3283.91,3283.91
2004-06-02,3265.04,3265.04,3265.04,3265.04
2004-06-03,3217.47,3217.47,3217.47,3217.47
2004-06-04,3200.78,3200.78,3200.78,3200.78
2004-06-07,3212.96,3212.96,3212.96,3212.96
2004-06-08,3265.35,3265.35,3265.35,3265.35
2004-06-09,3225.59,3225.59,3225.59,3225.59
2004-06-11,3175.32,3175.32,3175.32,3175.32
2004-06-14,3158.01,3158.01,3158.01,3158.01
2004-06-15,3186.38,3186.38,3186.38,3186.38
2004-06-16,3209.82,3209.82,3209.82,3209.82
2004-06-17,3191.81,3191.81,3191.81,3191.81
2004-06-18,3244.3,3244.3,3244.3,3244.3
2004-06-21,3277.22,3277.22,3277.22,3277.22
2004-06-22,3256.47,3256.47,3256.47,3256.47
2004-06-23,3252.19,3252.19,3252.19,3252.19
2004-06-24,3298.83,3298.83,3298.83,3298.83
2004-06-25,3309.89,3309.89,3309.89,3309.89
2004-06-28,3337.03,3337.03,3337.03,3337.03
2004-06-29,3257.41,3257.41,3257.41,3257.41
2004-06-30,3229.51,3229.51,3229.51,3229.51
2004-07-01,3263.35,3263.35,3263.35,3263.35
2004-07-02,3253.17,3253.17,3253.17,3253.17
2004-07-05,3304.07,3304.07,3304.07,3304.07
2004-07-06,3251.74,3251.74,3251.74,3251.74
2004-07-07,3286.59,3286.59,3286.59,3286.59
2004-07-08,3342.36,3342.36,3342.36,3342.36
2004-07-09,3346.88,3346.88,3346.88,3346.88
2004-07-12,3350.82,3350.82,3350.82,3350.82
2004-07-13,3327.22,3327.22,3327.22,3327.22
2004-07-14,3319.58,3319.58,3319.58,3319.58
2004-07-15,3358.71,3358.71,3358.71,3358.71
2004-07-16,3311.01,3311.01,3311.01,3311.01
2004-07-19,3374.45,3374.45,3374.45,3374.45
2004-07-20,3324.11,3324.11,3324.11,3324.11
2004-07-21,3321.89,3321.89,3321.89,3321.89
2004-07-22,3276.49,3276.49,3276.49,3276.49
2004-07-23,3285.49,3285.49,3285.49,3285.49
2004-07-26,3241.96,3241.96,3241.96,3241.96
2004-07-27,3242.57,3242.57,3242.57,3242.57
2004-07-28,3195.04,3195.04,3195.04,3195.04
2004-07-29,3171.56,3171.56,3171.56,3171.56
2004-07-30,3207.93,3207.93,3207.93,3207.93
2004-08-02,3256.56,3256.56,3256.56,3256.56
2004-08-03,3228.28,3228.28,3228.28,3228.28
2004-08-04,3193.01,3193.01,3193.01,3193.01
2004-08-05,3223.18,3223.18,3223.18,3223.18
2004-08-06,3238.7,3238.7,3238.7,3238.7
2004-08-09,3309.35,3309.35,3309.35,3309.35
2004-08-10,3306.3,3306.3,3306.3,3306.3
2004-08-11,3245.95,3245.95,3245.95,3245.95
2004-08-12,3275.82,3275.82,3275.82,3275.82
2004-08-13,3233.7,3233.7,3233.7,3233.7
2004-08-16,3315.72,3315.72,3315.72,3315.72
2004-08-17,3327.95,3327.95,3327.95,3327.95
2004-08-18,3345.58,3345.58,3345.58,3345.58
2004-08-19,3325.71,3325.71,3325.71,3325.71
2004-08-20,3334.86,3334.86,3334.86,3334.86
2004-08-23,3325.74,3325.74,3325.74,3325.74
2004-08-24,3346.19,3346.19,3346.19,3346.19
2004-08-25,3349.12,3349.12,3349.12,3349.12
2004-08-26,3355.03,3355.03,3355.03,3355.03
2004-08-27,3343.76,3343.76,3343.76,3343.76
2004-08-31,3345.32,3345.32,3345.32,3345.32
2004-09-01,3362.77,3362.77,3362.77,3362.77
2004-09-02,3353.78,3353.78,3353.78,3353.78
2004-09-03,3341.68,3341.68,3341.68,3341.68
2004-09-06,3301.65,3301.65,3301.65,3301.65
2004-09-07,3302.84,3302.84,3302.84,3302.84
2004-09-08,3250.68,3250.68,3250.68,3250.68
2004-09-09,3305.75,3305.75,3305.75,3305.75
2004-09-10,3298.09,3298.09,3298.09,3298.09
2004-09-13,3297.97,3297.97,3297.97,3297.97
2004-09-14,3319.46,3319.46,3319.46,3319.46
2004-09-15,3372.93,3372.93,3372.93,3372.93
2004-09-16,3346.45,3346.45,3346.45,3346.45
2004-09-17,3348.03,3348.03,3348.03,3348.03
2004-09-20,3341.88,3341.88,3341.88,3341.88
2004-09-21,3359.87,3359.87,3359.87,3359.87
2004-09-22,3363.89,3363.89,3363.89,3363.89
2004-09-23,3398.88,3398.88,3398.88,3398.88
2004-09-24,3394.86,3394.86,3394.86,3394.86
2004-09-27,3379.23,3379.23,3379.23,3379.23
2004-09-28,3389.32,3389.32,3389.32,3389.32
2004-09-29,3418.46,3418.46,3418.46,3418.46
2004-09-30,3394.6,3394.6,3394.6,3394.6
2004-10-01,3435.08,3435.08,3435.08,3435.08
2004-10-04,3425.34,3425.34,3425.34,3425.34
2004-10-05,3411.71,3411.71,3411.71,3411.71
2004-10-06,3472.52,3472.52,3472.52,3472.52
2004-10-07,3456.3,3456.3,3456.3,3456.3
2004-10-08,3464.34,3464.34,3464.34,3464.34
2004-10-11,3496.67,3496.67,3496.67,3496.67
2004-10-12,3438.61,3438.61,3438.61,3438.61
2004-10-13,3435.95,3435.95,3435.95,3435.95
2004-10-14,3428.64,3428.64,3428.64,3428.64
2004-10-15,3453.12,3453.12,3453.12,3453.12
2004-10-18,3458.48,3458.48,3458.48,3458.48
2004-10-19,3443.21,3443.21,3443.21,3443.21
2004-10-20,3495.64,3495.64,3495.64,3495.64
2004-10-21,3481.1,3481.1,3481.1,3481.1
2004-10-22,3492.95,3492.95,3492.95,3492.95
2004-10-25,3592.83,3592.83,3592.83,3592.83
2004-10-26,3529.27,3529.27,3529.27,3529.27
2004-10-27,3503.28,3503.28,3503.28,3503.28
2004-10-28,3495.03,3495.03,3495.03,3495.03
2004-10-29,3531.56,3531.56,3531.56,3531.56
2004-11-02,3469.14,3469.14,3469.14,3469.14
2004-11-03,3483.78,3483.78,3483.78,3483.78
2004-11-04,3526.08,3526.08,3526.08,3526.08
2004-11-05,3548.95,3548.95,3548.95,3548.95
2004-11-08,3579.84,3579.84,3579.84,3579.84
2004-11-09,3588.78,3588.78,3588.78,3588.78
2004-11-10,3601,3601,3601,3601
2004-11-12,3599.4,3599.4,3599.4,3599.4
2004-11-15,3596.89,3596.89,3596.89,3596.89
2004-11-16,3630.64,3630.64,3630.64,3630.64
2004-11-17,3650.83,3650.83,3650.83,3650.83
2004-11-18,3685.42,3685.42,3685.42,3685.42
2004-11-19,3655.64,3655.64,3655.64,3655.64
2004-11-22,3699.26,3699.26,3699.26,3699.26
2004-11-23,3667.69,3667.69,3667.69,3667.69
2004-11-24,3705.43,3705.43,3705.43,3705.43
2004-11-25,3713.77,3713.77,3713.77,3713.77
2004-11-26,3716.29,3716.29,3716.29,3716.29
2004-11-29,3737.01,3737.01,3737.01,3737.01
2004-11-30,3699.56,3699.56,3699.56,3699.56
2004-12-01,3733.89,3733.89,3733.89,3733.89
2004-12-02,3751.66,3751.66,3751.66,3751.66
2004-12-03,3737.51,3737.51,3737.51,3737.51
2004-12-06,3762.67,3762.67,3762.67,3762.67
2004-12-07,3726.38,3726.38,3726.38,3726.38
2004-12-08,3635.64,3635.64,3635.64,3635.64
2004-12-09,3635.88,3635.88,3635.88,3635.88
2004-12-10,3567.74,3567.74,3567.74,3567.74
2004-12-13,3631.12,3631.12,3631.12,3631.12
2004-12-14,3598.11,3598.11,3598.11,3598.11
2004-12-15,3605.08,3605.08,3605.08,3605.08
2004-12-16,3641.7,3641.7,3641.7,3641.7
2004-12-17,3647.68,3647.68,3647.68,3647.68
2004-12-20,3641,3641,3641,3641
2004-12-21,3637.1,3637.1,3637.1,3637.1
2004-12-22,3616.22,3616.22,3616.22,3616.22
2004-12-23,3632.4,3632.4,3632.4,3632.4
2004-12-24,3649.09,3649.09,3649.09,3649.09
2004-12-27,3623.15,3623.15,3623.15,3623.15
2004-12-28,3682.45,3682.45,3682.45,3682.45
2004-12-29,3628.79,3628.79,3628.79,3628.79
2004-12-30,3603.21,3603.21,3603.21,3603.21
2004-12-31,3634.1,3634.1,3634.1,3634.1
2005-01-03,3563.19,3563.19,3563.19,3563.19
2005-01-04,3606.42,3606.42,3606.42,3606.42
2005-01-05,3504.25,3504.25,3504.25,3504.25
2005-01-06,3463.88,3463.88,3463.88,3463.88
2005-01-07,3493.33,3493.33,3493.33,3493.33
2005-01-10,3463.79,3463.79,3463.79,3463.79
2005-01-11,3475.01,3475.01,3475.01,3475.01
2005-01-12,3472.7,3472.7,3472.7,3472.7
2005-01-13,3488.62,3488.62,3488.62,3488.62
2005-01-14,3505.73,3505.73,3505.73,3505.73
2005-01-17,3495.74,3495.74,3495.74,3495.74
2005-01-18,3510.3,3510.3,3510.3,3510.3
2005-01-19,3510.07,3510.07,3510.07,3510.07
2005-01-20,3492.02,3492.02,3492.02,3492.02
2005-01-21,3502.63,3502.63,3502.63,3502.63
2005-01-24,3532.7,3532.7,3532.7,3532.7
2005-01-25,3529.26,3529.26,3529.26,3529.26
2005-01-26,3508.73,3508.73,3508.73,3508.73
2005-01-27,3533.01,3533.01,3533.01,3533.01
2005-01-28,3513.94,3513.94,3513.94,3513.94
2005-01-31,3480.11,3480.11,3480.11,3480.11
2005-02-01,3485.09,3485.09,3485.09,3485.09
2005-02-02,3460.41,3460.41,3460.41,3460.41
2005-02-03,3454.05,3454.05,3454.05,3454.05
2005-02-04,3427.57,3427.57,3427.57,3427.57
2005-02-07,3434.48,3434.48,3434.48,3434.48
2005-02-08,3425.61,3425.61,3425.61,3425.61
2005-02-09,3403.81,3403.81,3403.81,3403.81
2005-02-10,3440.06,3440.06,3440.06,3440.06
2005-02-11,3446.82,3446.82,3446.82,3446.82
2005-02-14,3509.76,3509.76,3509.76,3509.76
2005-02-15,3499.6,3499.6,3499.6,3499.6
2005-02-16,3540.09,3540.09,3540.09,3540.09
2005-02-17,3527.03,3527.03,3527.03,3527.03
2005-02-18,3525.59,3525.59,3525.59,3525.59
2005-02-21,3528.61,3528.61,3528.61,3528.61
2005-02-22,3573.39,3573.39,3573.39,3573.39
2005-02-23,3575.57,3575.57,3575.57,3575.57
2005-02-24,3607.79,3607.79,3607.79,3607.79
2005-02-25,3594.97,3594.97,3594.97,3594.97
2005-02-28,3594.28,3594.28,3594.28,3594.28
2005-03-01,3586.23,3586.23,3586.23,3586.23
2005-03-02,3591.24,3591.24,3591.24,3591.24
2005-03-03,3567.27,3567.27,3567.27,3567.27
2005-03-04,3535.1,3535.1,3535.1,3535.1
2005-03-07,3599.21,3599.21,3599.21,3599.21
2005-03-08,3605.86,3605.86,3605.86,3605.86
2005-03-09,3675.97,3675.97,3675.97,3675.97
2005-03-10,3682.74,3682.74,3682.74,3682.74
2005-03-11,3671.06,3671.06,3671.06,3671.06
2005-03-14,3682.74,3682.74,3682.74,3682.74
2005-03-15,3689.59,3689.59,3689.59,3689.59
2005-03-16,3641.3,3641.3,3641.3,3641.3
2005-03-17,3592.36,3592.36,3592.36,3592.36
2005-03-18,3617.37,3617.37,3617.37,3617.37
2005-03-21,3558.78,3558.78,3558.78,3558.78
2005-03-22,3533.17,3533.17,3533.17,3533.17
2005-03-23,3529.41,3529.41,3529.41,3529.41
2005-03-24,3515.77,3515.77,3515.77,3515.77
2005-03-29,3514,3514,3514,3514
2005-03-30,3519.92,3519.92,3519.92,3519.92
2005-03-31,3534.66,3534.66,3534.66,3534.66
2005-04-01,3576.12,3576.12,3576.12,3576.12
2005-04-04,3507.77,3507.77,3507.77,3507.77
2005-04-05,3496.92,3496.92,3496.92,3496.92
2005-04-06,3548.05,3548.05,3548.05,3548.05
2005-04-07,3523.59,3523.59,3523.59,3523.59
2005-04-11,3532.34,3532.34,3532.34,3532.34
2005-04-12,3568.24,3568.24,3568.24,3568.24
2005-04-13,3558.48,3558.48,3558.48,3558.48
2005-04-14,3513.58,3513.58,3513.58,3513.58
2005-04-15,3494.6,3494.6,3494.6,3494.6
2005-04-18,3533.51,3533.51,3533.51,3533.51
2005-04-19,3556.24,3556.24,3556.24,3556.24
2005-04-20,3573.83,3573.83,3573.83,3573.83
2005-04-21,3599.07,3599.07,3599.07,3599.07
2005-04-22,3579.9,3579.9,3579.9,3579.9
2005-04-25,3579.46,3579.46,3579.46,3579.46
2005-04-26,3622.41,3622.41,3622.41,3622.41
2005-04-27,3570.53,3570.53,3570.53,3570.53
2005-04-28,3602.72,3602.72,3602.72,3602.72
2005-04-29,3607.63,3607.63,3607.63,3607.63
2005-05-02,3542.76,3542.76,3542.76,3542.76
2005-05-04,3510.5,3510.5,3510.5,3510.5
2005-05-05,3523.66,3523.66,3523.66,3523.66
2005-05-06,3529.72,3529.72,3529.72,3529.72
2005-05-09,3529.11,3529.11,3529.11,3529.11
2005-05-10,3539.48,3539.48,3539.48,3539.48
2005-05-11,3523.57,3523.57,3523.57,3523.57
2005-05-12,3513.24,3513.24,3513.24,3513.24
2005-05-13,3490.59,3490.59,3490.59,3490.59
2005-05-16,3466.5,3466.5,3466.5,3466.5
2005-05-17,3462.49,3462.49,3462.49,3462.49
2005-05-18,3457.53,3457.53,3457.53,3457.53
2005-05-19,3481.11,3481.11,3481.11,3481.11
2005-05-20,3500.13,3500.13,3500.13,3500.13
2005-05-23,3415.78,3415.78,3415.78,3415.78
2005-05-24,3433.69,3433.69,3433.69,3433.69
2005-05-25,3457.71,3457.71,3457.71,3457.71
2005-05-27,3435.87,3435.87,3435.87,3435.87
2005-05-30,3470.76,3470.76,3470.76,3470.76
2005-05-31,3483.45,3483.45,3483.45,3483.45
2005-06-01,3434.59,3434.59,3434.59,3434.59
2005-06-02,3489.17,3489.17,3489.17,3489.17
2005-06-03,3500.99,3500.99,3500.99,3500.99
2005-06-06,3511.17,3511.17,3511.17,3511.17
2005-06-07,3515.55,3515.55,3515.55,3515.55
2005-06-08,3487.09,3487.09,3487.09,3487.09
2005-06-09,3513.78,3513.78,3513.78,3513.78
2005-06-10,3556.9,3556.9,3556.9,3556.9
2005-06-13,3570.01,3570.01,3570.01,3570.01
2005-06-14,3543.83,3543.83,3543.83,3543.83
2005-06-15,3541.77,3541.77,3541.77,3541.77
2005-06-16,3611.59,3611.59,3611.59,3611.59
2005-06-17,3604.65,3604.65,3604.65,3604.65
2005-06-20,3613.45,3613.45,3613.45,3613.45
2005-06-21,3613.24,3613.24,3613.24,3613.24
2005-06-22,3616.65,3616.65,3616.65,3616.65
2005-06-23,3655.38,3655.38,3655.38,3655.38
2005-06-24,3628.25,3628.25,3628.25,3628.25
2005-06-27,3665.42,3665.42,3665.42,3665.42
2005-06-28,3611.25,3611.25,3611.25,3611.25
2005-06-29,3599.7,3599.7,3599.7,3599.7
2005-06-30,3593.87,3593.87,3593.87,3593.87
2005-07-01,3541.2,3541.2,3541.2,3541.2
2005-07-04,3539.98,3539.98,3539.98,3539.98
2005-07-05,3510.93,3510.93,3510.93,3510.93
2005-07-06,3519.1,3519.1,3519.1,3519.1
2005-07-07,3477.32,3477.32,3477.32,3477.32
2005-07-08,3472.29,3472.29,3472.29,3472.29
2005-07-11,3509.37,3509.37,3509.37,3509.37
2005-07-12,3528.83,3528.83,3528.83,3528.83
2005-07-13,3548.07,3548.07,3548.07,3548.07
2005-07-14,3472.19,3472.19,3472.19,3472.19
2005-07-15,3475.54,3475.54,3475.54,3475.54
2005-07-18,3455.95,3455.95,3455.95,3455.95
2005-07-19,3479.84,3479.84,3479.84,3479.84
2005-07-20,3491.45,3491.45,3491.45,3491.45
2005-07-21,3445.8,3445.8,3445.8,3445.8
2005-07-22,3443.17,3443.17,3443.17,3443.17
2005-07-25,3452.38,3452.38,3452.38,3452.38
2005-07-26,3432.09,3432.09,3432.09,3432.09
2005-07-27,3445.64,3445.64,3445.64,3445.64
2005-07-28,3466.09,3466.09,3466.09,3466.09
2005-07-29,3484.04,3484.04,3484.04,3484.04
2005-08-02,3499.63,3499.63,3499.63,3499.63
2005-08-03,3542.38,3542.38,3542.38,3542.38
2005-08-04,3546.24,3546.24,3546.24,3546.24
2005-08-05,3541.41,3541.41,3541.41,3541.41
2005-08-08,3524.59,3524.59,3524.59,3524.59
2005-08-09,3519.07,3519.07,3519.07,3519.07
2005-08-10,3536.28,3536.28,3536.28,3536.28
2005-08-11,3605.2,3605.2,3605.2,3605.2
2005-08-12,3616.17,3616.17,3616.17,3616.17
2005-08-15,3575.67,3575.67,3575.67,3575.67
2005-08-16,3612.57,3612.57,3612.57,3612.57
2005-08-17,3562.56,3562.56,3562.56,3562.56
2005-08-18,3557.74,3557.74,3557.74,3557.74
2005-08-19,3540.3,3540.3,3540.3,3540.3
2005-08-22,3547.83,3547.83,3547.83,3547.83
2005-08-23,3556.6,3556.6,3556.6,3556.6
2005-08-24,3544.02,3544.02,3544.02,3544.02
2005-08-25,3548.86,3548.86,3548.86,3548.86
2005-08-26,3539.1,3539.1,3539.1,3539.1
2005-08-29,3532.29,3532.29,3532.29,3532.29
2005-08-30,3488.77,3488.77,3488.77,3488.77
2005-08-31,3514.12,3514.12,3514.12,3514.12
2005-09-01,3578.31,3578.31,3578.31,3578.31
2005-09-02,3594.87,3594.87,3594.87,3594.87
2005-09-06,3586.84,3586.84,3586.84,3586.84
2005-09-07,3591.64,3591.64,3591.64,3591.64
2005-09-08,3606.1,3606.1,3606.1,3606.1
2005-09-09,3624.74,3624.74,3624.74,3624.74
2005-09-12,3632.92,3632.92,3632.92,3632.92
2005-09-13,3601.51,3601.51,3601.51,3601.51
2005-09-14,3630.14,3630.14,3630.14,3630.14
2005-09-15,3676.58,3676.58,3676.58,3676.58
2005-09-16,3709.35,3709.35,3709.35,3709.35
2005-09-19,3757.59,3757.59,3757.59,3757.59
2005-09-20,3762.35,3762.35,3762.35,3762.35
2005-09-21,3783.58,3783.58,3783.58,3783.58
2005-09-22,3767.54,3767.54,3767.54,3767.54
2005-09-23,3740.57,3740.57,3740.57,3740.57
2005-09-26,3764.94,3764.94,3764.94,3764.94
2005-09-27,3735.06,3735.06,3735.06,3735.06
2005-09-28,3792.25,3792.25,3792.25,3792.25
2005-09-29,3813.43,3813.43,3813.43,3813.43
2005-09-30,3781.49,3781.49,3781.49,3781.49
2005-10-03,3761.04,3761.04,3761.04,3761.04
2005-10-04,3764.1,3764.1,3764.1,3764.1
2005-10-05,3762.64,3762.64,3762.64,3762.64
2005-10-06,3809.88,3809.88,3809.88,3809.88
2005-10-07,3830.75,3830.75,3830.75,3830.75
2005-10-11,3844.23,3844.23,3844.23,3844.23
2005-10-12,3822.65,3822.65,3822.65,3822.65
2005-10-13,3801.78,3801.78,3801.78,3801.78
2005-10-14,3780.76,3780.76,3780.76,3780.76
2005-10-17,3824.7,3824.7,3824.7,3824.7
2005-10-18,3811.06,3811.06,3811.06,3811.06
2005-10-19,3741.92,3741.92,3741.92,3741.92
2005-10-20,3722.32,3722.32,3722.32,3722.32
2005-10-21,3767.68,3767.68,3767.68,3767.68
2005-10-24,3749.69,3749.69,3749.69,3749.69
2005-10-25,3810.23,3810.23,3810.23,3810.23
2005-10-26,3803.33,3803.33,3803.33,3803.33
2005-10-27,3819.75,3819.75,3819.75,3819.75
2005-10-28,3813.25,3813.25,3813.25,3813.25
2005-10-31,3751.22,3751.22,3751.22,3751.22
2005-11-01,3706.05,3706.05,3706.05,3706.05
2005-11-02,3734.94,3734.94,3734.94,3734.94
2005-11-03,3712.75,3712.75,3712.75,3712.75
2005-11-04,3684.21,3684.21,3684.21,3684.21
2005-11-07,3703.27,3703.27,3703.27,3703.27
2005-11-08,3720.05,3720.05,3720.05,3720.05
2005-11-09,3769.79,3769.79,3769.79,3769.79
2005-11-10,3768.94,3768.94,3768.94,3768.94
2005-11-14,3779.19,3779.19,3779.19,3779.19
2005-11-15,3778.78,3778.78,3778.78,3778.78
2005-11-16,3865.69,3865.69,3865.69,3865.69
2005-11-17,3926.53,3926.53,3926.53,3926.53
2005-11-18,3915.63,3915.63,3915.63,3915.63
2005-11-21,3951.32,3951.32,3951.32,3951.32
2005-11-22,3979.96,3979.96,3979.96,3979.96
2005-11-23,3972.8,3972.8,3972.8,3972.8
2005-11-24,3983.44,3983.44,3983.44,3983.44
2005-11-25,4001.45,4001.45,4001.45,4001.45
2005-11-28,4028.42,4028.42,4028.42,4028.42
2005-11-29,4030.8,4030.8,4030.8,4030.8
2005-11-30,3988.79,3988.79,3988.79,3988.79
2005-12-01,4056.88,4056.88,4056.88,4056.88
2005-12-02,4061.58,4061.58,4061.58,4061.58
2005-12-05,4108.2,4108.2,4108.2,4108.2
2005-12-06,4121.29,4121.29,4121.29,4121.29
2005-12-07,4150.85,4150.85,4150.85,4150.85
2005-12-08,4189.72,4189.72,4189.72,4189.72
2005-12-09,4245.12,4245.12,4245.12,4245.12
2005-12-12,4261.84,4261.84,4261.84,4261.84
2005-12-13,4201.81,4201.81,4201.81,4201.81
2005-12-14,4086.65,4086.65,4086.65,4086.65
2005-12-15,4060.38,4060.38,4060.38,4060.38
2005-12-16,4056.08,4056.08,4056.08,4056.08
2005-12-19,4067.46,4067.46,4067.46,4067.46
2005-12-20,3986,3986,3986,3986
2005-12-21,3976.11,3976.11,3976.11,3976.11
2005-12-22,4055.33,4055.33,4055.33,4055.33
2005-12-23,4056.42,4056.42,4056.42,4056.42
2005-12-28,4145.49,4145.49,4145.49,4145.49
2005-12-29,4154.69,4154.69,4154.69,4154.69
2005-12-30,4168.12,4168.12,4168.12,4168.12
2006-01-03,4282.47,4282.47,4282.47,4282.47
2006-01-04,4303.6,4303.6,4303.6,4303.6
2006-01-05,4235.9,4235.9,4235.9,4235.9
2006-01-06,4348.94,4348.94,4348.94,4348.94
2006-01-09,4436.11,4436.11,4436.11,4436.11
2006-01-10,4385.47,4385.47,4385.47,4385.47
2006-01-11,4429.27,4429.27,4429.27,4429.27
2006-01-12,4412.37,4412.37,4412.37,4412.37
2006-01-13,4481.17,4481.17,4481.17,4481.17
2006-01-16,4527.48,4527.48,4527.48,4527.48
2006-01-17,4463.06,4463.06,4463.06,4463.06
2006-01-18,4384.81,4384.81,4384.81,4384.81
2006-01-19,4505.19,4505.19,4505.19,4505.19
2006-01-20,4457.71,4457.71,4457.71,4457.71
2006-01-23,4498.46,4498.46,4498.46,4498.46
2006-01-24,4498.31,4498.31,4498.31,4498.31
2006-01-25,4536.96,4536.96,4536.96,4536.96
2006-01-26,4506.32,4506.32,4506.32,4506.32
2006-01-27,4504.23,4504.23,4504.23,4504.23
2006-01-30,4567.05,4567.05,4567.05,4567.05
2006-01-31,4595.08,4595.08,4595.08,4595.08
2006-02-01,4588.87,4588.87,4588.87,4588.87
2006-02-02,4600.87,4600.87,4600.87,4600.87
2006-02-03,4570.34,4570.34,4570.34,4570.34
2006-02-06,4591.86,4591.86,4591.86,4591.86
2006-02-07,4431.27,4431.27,4431.27,4431.27
2006-02-08,4422.11,4422.11,4422.11,4422.11
2006-02-09,4555.64,4555.64,4555.64,4555.64
2006-02-10,4426.4,4426.4,4426.4,4426.4
2006-02-13,4328.32,4328.32,4328.32,4328.32
2006-02-14,4388.27,4388.27,4388.27,4388.27
2006-02-15,4342.97,4342.97,4342.97,4342.97
2006-02-16,4391.48,4391.48,4391.48,4391.48
2006-02-17,4437.36,4437.36,4437.36,4437.36
2006-02-20,4470.8,4470.8,4470.8,4470.8
2006-02-21,4454.87,4454.87,4454.87,4454.87
2006-02-22,4450.9,4450.9,4450.9,4450.9
2006-02-23,4417.49,4417.49,4417.49,4417.49
2006-02-24,4490.78,4490.78,4490.78,4490.78
2006-02-27,4455.12,4455.12,4455.12,4455.12
2006-02-28,4510.65,4510.65,4510.65,4510.65
2006-03-01,4526.05,4526.05,4526.05,4526.05
2006-03-02,4576.53,4576.53,4576.53,4576.53
2006-03-03,4545.69,4545.69,4545.69,4545.69
2006-03-06,4453.7,4453.7,4453.7,4453.7
2006-03-07,4444.17,4444.17,4444.17,4444.17
2006-03-08,4368.24,4368.24,4368.24,4368.24
2006-03-09,4392.78,4392.78,4392.78,4392.78
2006-03-10,4344.3,4344.3,4344.3,4344.3
2006-03-13,4396.76,4396.76,4396.76,4396.76
2006-03-14,4437.55,4437.55,4437.55,4437.55
2006-03-15,4442.77,4442.77,4442.77,4442.77
2006-03-16,4459.39,4459.39,4459.39,4459.39
2006-03-17,4448.11,4448.11,4448.11,4448.11
2006-03-20,4458.17,4458.17,4458.17,4458.17
2006-03-21,4431.99,4431.99,4431.99,4431.99
2006-03-22,4423.51,4423.51,4423.51,4423.51
2006-03-23,4420.56,4420.56,4420.56,4420.56
2006-03-24,4493.8,4493.8,4493.8,4493.8
2006-03-27,4545.23,4545.23,4545.23,4545.23
2006-03-28,4544.78,4544.78,4544.78,4544.78
2006-03-29,4591.16,4591.16,4591.16,4591.16
2006-03-30,4695.24,4695.24,4695.24,4695.24
2006-03-31,4655.6,4655.6,4655.6,4655.6
2006-04-03,4722.36,4722.36,4722.36,4722.36
2006-04-04,4695.65,4695.65,4695.65,4695.65
2006-04-05,4707.34,4707.34,4707.34,4707.34
2006-04-06,4762.37,4762.37,4762.37,4762.37
2006-04-07,4708.9,4708.9,4708.9,4708.9
2006-04-10,4788.04,4788.04,4788.04,4788.04
2006-04-11,4765.2,4765.2,4765.2,4765.2
2006-04-12,4783.68,4783.68,4783.68,4783.68
2006-04-13,4775.97,4775.97,4775.97,4775.97
2006-04-18,4978.68,4978.68,4978.68,4978.68
2006-04-19,5087.23,5087.23,5087.23,5087.23
2006-04-20,4946.59,4946.59,4946.59,4946.59
2006-04-21,5091.88,5091.88,5091.88,5091.88
2006-04-24,4971.78,4971.78,4971.78,4971.78
2006-04-25,5055.2,5055.2,5055.2,5055.2
2006-04-26,5119.38,5119.38,5119.38,5119.38
2006-04-27,5081.75,5081.75,5081.75,5081.75
2006-04-28,5210.13,5210.13,5210.13,5210.13
2006-05-02,5327.87,5327.87,5327.87,5327.87
2006-05-04,5403.1,5403.1,5403.1,5403.1
2006-05-05,5463.28,5463.28,5463.28,5463.28
2006-05-08,5426.44,5426.44,5426.44,5426.44
2006-05-09,5602.76,5602.76,5602.76,5602.76
2006-05-10,5623.83,5623.83,5623.83,5623.83
2006-05-11,5766.03,5766.03,5766.03,5766.03
2006-05-12,5681.76,5681.76,5681.76,5681.76
2006-05-15,5453.35,5453.35,5453.35,5453.35
2006-05-16,5544.42,5544.42,5544.42,5544.42
2006-05-17,5500,5500,5500,5500
2006-05-18,5442.55,5442.55,5442.55,5442.55
2006-05-19,5277.85,5277.85,5277.85,5277.85
2006-05-23,5402.51,5402.51,5402.51,5402.51
2006-05-24,5119.88,5119.88,5119.88,5119.88
2006-05-25,5203.23,5203.23,5203.23,5203.23
2006-05-26,5230.53,5230.53,5230.53,5230.53
2006-05-30,5253.35,5253.35,5253.35,5253.35
2006-05-31,5168.8,5168.8,5168.8,5168.8
2006-06-01,5031.45,5031.45,5031.45,5031.45
2006-06-02,5094.64,5094.64,5094.64,5094.64
2006-06-05,5151.44,5151.44,5151.44,5151.44
2006-06-06,5040.25,5040.25,5040.25,5040.25
2006-06-07,5031.15,5031.15,5031.15,5031.15
2006-06-08,4895.14,4895.14,4895.14,4895.14
2006-06-09,4862.17,4862.17,4862.17,4862.17
2006-06-12,4863.57,4863.57,4863.57,4863.57
2006-06-13,4513.94,4513.94,4513.94,4513.94
2006-06-14,4461.96,4461.96,4461.96,4461.96
2006-06-16,4645.26,4645.26,4645.26,4645.26
2006-06-19,4553.55,4553.55,4553.55,4553.55
2006-06-20,4601.88,4601.88,4601.88,4601.88
2006-06-21,4706.03,4706.03,4706.03,4706.03
2006-06-22,4643.65,4643.65,4643.65,4643.65
2006-06-23,4663.9,4663.9,4663.9,4663.9
2006-06-26,4676.82,4676.82,4676.82,4676.82
2006-06-27,4648.51,4648.51,4648.51,4648.51
2006-06-28,4632.1,4632.1,4632.1,4632.1
2006-06-29,4687.73,4687.73,4687.73,4687.73
2006-06-30,4907.31,4907.31,4907.31,4907.31
2006-07-04,4965.46,4965.46,4965.46,4965.46
2006-07-05,5016.34,5016.34,5016.34,5016.34
2006-07-06,5068.46,5068.46,5068.46,5068.46
2006-07-07,5053.49,5053.49,5053.49,5053.49
2006-07-10,4978.63,4978.63,4978.63,4978.63
2006-07-11,5121.4,5121.4,5121.4,5121.4
2006-07-12,5182.21,5182.21,5182.21,5182.21
2006-07-13,5232.24,5232.24,5232.24,5232.24
2006-07-14,5328.49,5328.49,5328.49,5328.49
2006-07-17,5189.69,5189.69,5189.69,5189.69
2006-07-18,5031.07,5031.07,5031.07,5031.07
2006-07-19,5143.79,5143.79,5143.79,5143.79
2006-07-20,5052.58,5052.58,5052.58,5052.58
2006-07-21,4950.04,4950.04,4950.04,4950.04
2006-07-24,4882.88,4882.88,4882.88,4882.88
2006-07-25,4935.86,4935.86,4935.86,4935.86
2006-07-26,4963.95,4963.95,4963.95,4963.95
2006-07-27,5040.21,5040.21,5040.21,5040.21
2006-07-28,5058,5058,5058,5058
2006-07-31,5055.43,5055.43,5055.43,5055.43
2006-08-01,5161.88,5161.88,5161.88,5161.88
2006-08-02,5179.03,5179.03,5179.03,5179.03
2006-08-03,5122.08,5122.08,5122.08,5122.08
2006-08-04,5062.57,5062.57,5062.57,5062.57
2006-08-07,5141.72,5141.72,5141.72,5141.72
2006-08-08,5150.79,5150.79,5150.79,5150.79
2006-08-09,5175.35,5175.35,5175.35,5175.35
2006-08-10,5098.09,5098.09,5098.09,5098.09
2006-08-11,5044.81,5044.81,5044.81,5044.81
2006-08-14,5015.76,5015.76,5015.76,5015.76
2006-08-16,4973.67,4973.67,4973.67,4973.67
2006-08-17,4913.68,4913.68,4913.68,4913.68
2006-08-18,4918.38,4918.38,4918.38,4918.38
2006-08-21,4964.59,4964.59,4964.59,4964.59
2006-08-22,4969.87,4969.87,4969.87,4969.87
2006-08-23,5002.62,5002.62,5002.62,5002.62
2006-08-24,4975.27,4975.27,4975.27,4975.27
2006-08-25,4985.73,4985.73,4985.73,4985.73
2006-08-28,4926.07,4926.07,4926.07,4926.07
2006-08-29,4885.16,4885.16,4885.16,4885.16
2006-08-30,4897.96,4897.96,4897.96,4897.96
2006-08-31,5002.6,5002.6,5002.6,5002.6
2006-09-01,4969.15,4969.15,4969.15,4969.15
2006-09-04,4971.66,4971.66,4971.66,4971.66
2006-09-05,5078.51,5078.51,5078.51,5078.51
2006-09-06,5070.75,5070.75,5070.75,5070.75
2006-09-07,4932.31,4932.31,4932.31,4932.31
2006-09-08,4865.48,4865.48,4865.48,4865.48
2006-09-11,4710.37,4710.37,4710.37,4710.37
2006-09-12,4659.73,4659.73,4659.73,4659.73
2006-09-13,4667.85,4667.85,4667.85,4667.85
2006-09-14,4582.27,4582.27,4582.27,4582.27
2006-09-15,4589.91,4589.91,4589.91,4589.91
2006-09-18,4667.52,4667.52,4667.52,4667.52
2006-09-19,4540.84,4540.84,4540.84,4540.84
2006-09-20,4595.63,4595.63,4595.63,4595.63
2006-09-21,4644.5,4644.5,4644.5,4644.5
2006-09-22,4653.41,4653.41,4653.41,4653.41
2006-09-25,4689.09,4689.09,4689.09,4689.09
2006-09-26,4668.87,4668.87,4668.87,4668.87
2006-09-27,4736.18,4736.18,4736.18,4736.18
2006-09-28,4775.82,4775.82,4775.82,4775.82
2006-09-29,4717.74,4717.74,4717.74,4717.74
2006-10-02,4689.24,4689.24,4689.24,4689.24
2006-10-04,4449.82,4449.82,4449.82,4449.82
2006-10-05,4528.49,4528.49,4528.49,4528.49
2006-10-06,4539.89,4539.89,4539.89,4539.89
2006-10-09,4552.85,4552.85,4552.85,4552.85
2006-10-10,4538.52,4538.52,4538.52,4538.52
2006-10-11,4532.72,4532.72,4532.72,4532.72
2006-10-12,4549.38,4549.38,4549.38,4549.38
2006-10-13,4662.25,4662.25,4662.25,4662.25
2006-10-16,4720.45,4720.45,4720.45,4720.45
2006-10-17,4652.23,4652.23,4652.23,4652.23
2006-10-18,4636.87,4636.87,4636.87,4636.87
2006-10-19,4704.23,4704.23,4704.23,4704.23
2006-10-20,4685.4,4685.4,4685.4,4685.4
2006-10-23,4594.46,4594.46,4594.46,4594.46
2006-10-24,4619.91,4619.91,4619.91,4619.91
2006-10-25,4648.43,4648.43,4648.43,4648.43
2006-10-26,4680.58,4680.58,4680.58,4680.58
2006-10-27,4699.35,4699.35,4699.35,4699.35
2006-10-30,4756.51,4756.51,4756.51,4756.51
2006-10-31,4715.72,4715.72,4715.72,4715.72
2006-11-02,4916.75,4916.75,4916.75,4916.75
2006-11-03,4937.57,4937.57,4937.57,4937.57
2006-11-06,4918.72,4918.72,4918.72,4918.72
2006-11-07,4919.88,4919.88,4919.88,4919.88
2006-11-08,4847.69,4847.69,4847.69,4847.69
2006-11-09,4975.02,4975.02,4975.02,4975.02
2006-11-10,4926.12,4926.12,4926.12,4926.12
2006-11-13,4918.25,4918.25,4918.25,4918.25
2006-11-14,4886.48,4886.48,4886.48,4886.48
2006-11-15,4874.7,4874.7,4874.7,4874.7
2006-11-16,4871.32,4871.32,4871.32,4871.32
2006-11-17,4892.66,4892.66,4892.66,4892.66
2006-11-20,4877.98,4877.98,4877.98,4877.98
2006-11-21,4941.58,4941.58,4941.58,4941.58
2006-11-22,4937.42,4937.42,4937.42,4937.42
2006-11-23,4965.3,4965.3,4965.3,4965.3
2006-11-24,5016.09,5016.09,5016.09,5016.09
2006-11-27,5020.17,5020.17,5020.17,5020.17
2006-11-28,4990.59,4990.59,4990.59,4990.59
2006-11-29,4981.1,4981.1,4981.1,4981.1
2006-11-30,5040.67,5040.67,5040.67,5040.67
2006-12-01,5049.18,5049.18,5049.18,5049.18
2006-12-04,5039.65,5039.65,5039.65,5039.65
2006-12-05,5030.1,5030.1,5030.1,5030.1
2006-12-06,4912.66,4912.66,4912.66,4912.66
2006-12-07,4937.23,4937.23,4937.23,4937.23
2006-12-08,4883.47,4883.47,4883.47,4883.47
2006-12-11,4914.7,4914.7,4914.7,4914.7
2006-12-12,4902.01,4902.01,4902.01,4902.01
2006-12-13,4927.42,4927.42,4927.42,4927.42
2006-12-14,4899.24,4899.24,4899.24,4899.24
2006-12-15,4818.53,4818.53,4818.53,4818.53
2006-12-18,4828.61,4828.61,4828.61,4828.61
2006-12-19,4887.56,4887.56,4887.56,4887.56
2006-12-20,4861.64,4861.64,4861.64,4861.64
2006-12-21,4849.55,4849.55,4849.55,4849.55
2006-12-22,4878.18,4878.18,4878.18,4878.18
2006-12-27,4919.61,4919.61,4919.61,4919.61
2006-12-28,4951.72,4951.72,4951.72,4951.72
2006-12-29,4949.03,4949.03,4949.03,4949.03
2007-01-04,4919.03,4919.03,4919.03,4919.03
2007-01-05,4770.93,4770.93,4770.93,4770.93
2007-01-08,4741.13,4741.13,4741.13,4741.13
2007-01-09,4815.4,4815.4,4815.4,4815.4
2007-01-10,4777.4,4777.4,4777.4,4777.4
2007-01-11,4806.38,4806.38,4806.38,4806.38
2007-01-12,4877.8,4877.8,4877.8,4877.8
2007-01-15,4886.51,4886.51,4886.51,4886.51
2007-01-16,4873.47,4873.47,4873.47,4873.47
2007-01-17,4910.78,4910.78,4910.78,4910.78
2007-01-18,4850.77,4850.77,4850.77,4850.77
2007-01-19,4938.47,4938.47,4938.47,4938.47
2007-01-22,4925.29,4925.29,4925.29,4925.29
2007-01-23,5036.69,5036.69,5036.69,5036.69
2007-01-24,5036.42,5036.42,5036.42,5036.42
2007-01-25,5083.16,5083.16,5083.16,5083.16
2007-01-26,4998.72,4998.72,4998.72,4998.72
2007-01-29,4997.44,4997.44,4997.44,4997.44
2007-01-30,5001.28,5001.28,5001.28,5001.28
2007-01-31,5020.48,5020.48,5020.48,5020.48
2007-02-01,5107.54,5107.54,5107.54,5107.54
2007-02-02,5031.04,5031.04,5031.04,5031.04
2007-02-05,5036.25,5036.25,5036.25,5036.25
2007-02-06,5055.83,5055.83,5055.83,5055.83
2007-02-07,5042.98,5042.98,5042.98,5042.98
2007-02-08,5102.62,5102.62,5102.62,5102.62
2007-02-09,5195.01,5195.01,5195.01,5195.01
2007-02-12,5166.11,5166.11,5166.11,5166.11
2007-02-13,5144.33,5144.33,5144.33,5144.33
2007-02-14,5157.1,5157.1,5157.1,5157.1
2007-02-15,5189.34,5189.34,5189.34,5189.34
2007-02-16,5157.43,5157.43,5157.43,5157.43
2007-02-26,5313.07,5313.07,5313.07,5313.07
2007-02-27,5215.69,5215.69,5215.69,5215.69
2007-02-28,5179.87,5179.87,5179.87,5179.87
2007-03-01,5150.72,5150.72,5150.72,5150.72
2007-03-02,4968.65,4968.65,4968.65,4968.65
2007-03-05,4944.14,4944.14,4944.14,4944.14
2007-03-06,5001.3,5001.3,5001.3,5001.3
2007-03-07,5019.54,5019.54,5019.54,5019.54
2007-03-08,5041.93,5041.93,5041.93,5041.93
2007-03-09,5023.62,5023.62,5023.62,5023.62
2007-03-12,5035.59,5035.59,5035.59,5035.59
2007-03-13,4977.7,4977.7,4977.7,4977.7
2007-03-14,4948.97,4948.97,4948.97,4948.97
2007-03-15,4992.12,4992.12,4992.12,4992.12
2007-03-16,5046.31,5046.31,5046.31,5046.31
2007-03-19,5043.82,5043.82,5043.82,5043.82
2007-03-20,5087.63,5087.63,5087.63,5087.63
2007-03-21,5116.83,5116.83,5116.83,5116.83
2007-03-22,5121.37,5121.37,5121.37,5121.37
2007-03-23,5077.09,5077.09,5077.09,5077.09
2007-03-26,5108.81,5108.81,5108.81,5108.81
2007-03-27,5113.3,5113.3,5113.3,5113.3
2007-03-28,5147.41,5147.41,5147.41,5147.41
2007-03-29,5092.94,5092.94,5092.94,5092.94
2007-03-30,5098.56,5098.56,5098.56,5098.56
2007-04-02,5124.36,5124.36,5124.36,5124.36
2007-04-03,5120.64,5120.64,5120.64,5120.64
2007-04-04,5187.77,5187.77,5187.77,5187.77
2007-04-05,5176.22,5176.22,5176.22,5176.22
2007-04-10,5208,5208,5208,5208
2007-04-11,5222.46,5222.46,5222.46,5222.46
2007-04-12,5202.06,5202.06,5202.06,5202.06
2007-04-13,5270.75,5270.75,5270.75,5270.75
2007-04-16,5321.83,5321.83,5321.83,5321.83
2007-04-17,5272.53,5272.53,5272.53,5272.53
2007-04-18,5324.5,5324.5,5324.5,5324.5
2007-04-19,5264.17,5264.17,5264.17,5264.17
2007-04-20,5330.75,5330.75,5330.75,5330.75
2007-04-23,5334.26,5334.26,5334.26,5334.26
2007-04-24,5258.93,5258.93,5258.93,5258.93
2007-04-25,5264.62,5264.62,5264.62,5264.62
2007-04-26,5211.7,5211.7,5211.7,5211.7
2007-04-27,5237.83,5237.83,5237.83,5237.83
2007-04-30,5225.7,5225.7,5225.7,5225.7
2007-05-08,5295.26,5295.26,5295.26,5295.26
2007-05-09,5206.43,5206.43,5206.43,5206.43
2007-05-10,5161.02,5161.02,5161.02,5161.02
2007-05-11,5095.73,5095.73,5095.73,5095.73
2007-05-14,5139.77,5139.77,5139.77,5139.77
2007-05-15,5147.26,5147.26,5147.26,5147.26
2007-05-16,5115.96,5115.96,5115.96,5115.96
2007-05-18,5051.86,5051.86,5051.86,5051.86
2007-05-21,5094.49,5094.49,5094.49,5094.49
2007-05-22,5045,5045,5045,5045
2007-05-23,5024.39,5024.39,5024.39,5024.39
2007-05-24,5047.46,5047.46,5047.46,5047.46
2007-05-25,5000,5000,5000,5000
2007-05-29,5036.52,5036.52,5036.52,5036.52
2007-05-30,4983.92,4983.92,4983.92,4983.92
2007-05-31,5034.95,5034.95,5034.95,5034.95
2007-06-01,5111.83,5111.83,5111.83,5111.83
2007-06-04,5133.08,5133.08,5133.08,5133.08
2007-06-05,5132.86,5132.86,5132.86,5132.86
2007-06-06,5120.11,5120.11,5120.11,5120.11
2007-06-08,4923.08,4923.08,4923.08,4923.08
2007-06-11,5006.66,5006.66,5006.66,5006.66
2007-06-12,4978.69,4978.69,4978.69,4978.69
2007-06-13,4915.7,4915.7,4915.7,4915.7
2007-06-14,4972.08,4972.08,4972.08,4972.08
2007-06-15,4953.4,4953.4,4953.4,4953.4
2007-06-18,5012.11,5012.11,5012.11,5012.11
2007-06-19,5006.71,5006.71,5006.71,5006.71
2007-06-20,4997.3,4997.3,4997.3,4997.3
2007-06-21,4960.95,4960.95,4960.95,4960.95
2007-06-22,4967.53,4967.53,4967.53,4967.53
2007-06-25,4967.51,4967.51,4967.51,4967.51
2007-06-26,4881.53,4881.53,4881.53,4881.53
2007-06-27,4870.83,4870.83,4870.83,4870.83
2007-06-28,4918.57,4918.57,4918.57,4918.57
2007-06-29,4946.71,4946.71,4946.71,4946.71
2007-07-02,4965.65,4965.65,4965.65,4965.65
2007-07-03,4957.36,4957.36,4957.36,4957.36
2007-07-04,4955.95,4955.95,4955.95,4955.95
2007-07-05,4953.17,4953.17,4953.17,4953.17
2007-07-06,4943.73,4943.73,4943.73,4943.73
2007-07-09,5024.85,5024.85,5024.85,5024.85
2007-07-10,4998.63,4998.63,4998.63,4998.63
2007-07-11,4979.33,4979.33,4979.33,4979.33
2007-07-12,5044.42,5044.42,5044.42,5044.42
2007-07-13,5051.52,5051.52,5051.52,5051.52
2007-07-16,5020.87,5020.87,5020.87,5020.87
2007-07-17,5029.19,5029.19,5029.19,5029.19
2007-07-18,5080.47,5080.47,5080.47,5080.47
2007-07-19,5128.13,5128.13,5128.13,5128.13
2007-07-20,5169.54,5169.54,5169.54,5169.54
2007-07-23,5135.81,5135.81,5135.81,5135.81
2007-07-24,5186.21,5186.21,5186.21,5186.21
2007-07-25,5094.49,5094.49,5094.49,5094.49
2007-07-26,5034.18,5034.18,5034.18,5034.18
2007-07-27,4987.79,4987.79,4987.79,4987.79
2007-07-30,5005.44,5005.44,5005.44,5005.44
2007-07-31,5045.19,5045.19,5045.19,5045.19
2007-08-01,5009.51,5009.51,5009.51,5009.51
2007-08-02,5023.19,5023.19,5023.19,5023.19
2007-08-03,5061.56,5061.56,5061.56,5061.56
2007-08-06,5088.3,5088.3,5088.3,5088.3
2007-08-07,5095.22,5095.22,5095.22,5095.22
2007-08-08,5074.54,5074.54,5074.54,5074.54
2007-08-09,5012.39,5012.39,5012.39,5012.39
2007-08-10,5082.37,5082.37,5082.37,5082.37
2007-08-13,5082.19,5082.19,5082.19,5082.19
2007-08-14,5082.95,5082.95,5082.95,5082.95
2007-08-16,4930.78,4930.78,4930.78,4930.78
2007-08-17,4964.05,4964.05,4964.05,4964.05
2007-08-20,4995.99,4995.99,4995.99,4995.99
2007-08-22,4995.99,4995.99,4995.99,4995.99
2007-08-23,5022.87,5022.87,5022.87,5022.87
2007-08-24,5026.78,5026.78,5026.78,5026.78
2007-08-27,5045.85,5045.85,5045.85,5045.85
2007-08-28,5040.43,5040.43,5040.43,5040.43
2007-08-29,4989.31,4989.31,4989.31,4989.31
2007-08-30,4985.25,4985.25,4985.25,4985.25
2007-08-31,5090.37,5090.37,5090.37,5090.37
2007-09-03,5072.82,5072.82,5072.82,5072.82
2007-09-04,5138.18,5138.18,5138.18,5138.18
2007-09-05,5127.59,5127.59,5127.59,5127.59
2007-09-06,5206.26,5206.26,5206.26,5206.26
2007-09-07,5266.87,5266.87,5266.87,5266.87
2007-09-10,5275.2,5275.2,5275.2,5275.2
2007-09-11,5319.09,5319.09,5319.09,5319.09
2007-09-12,5332.41,5332.41,5332.41,5332.41
2007-09-13,5333.33,5333.33,5333.33,5333.33
2007-09-14,5314.05,5314.05,5314.05,5314.05
2007-09-17,5378.89,5378.89,5378.89,5378.89
2007-09-18,5373.59,5373.59,5373.59,5373.59
2007-09-19,5411.11,5411.11,5411.11,5411.11
2007-09-20,5480.98,5480.98,5480.98,5480.98
2007-09-21,5471.86,5471.86,5471.86,5471.86
2007-09-24,5511.99,5511.99,5511.99,5511.99
2007-09-25,5486.5,5486.5,5486.5,5486.5
2007-09-26,5483.42,5483.42,5483.42,5483.42
2007-09-27,5516.76,5516.76,5516.76,5516.76
2007-09-28,5564.02,5564.02,5564.02,5564.02
2007-10-08,5510.72,5510.72,5510.72,5510.72
2007-10-09,5500,5500,5500,5500
2007-10-10,5551.77,5551.77,5551.77,5551.77
2007-10-11,5605.24,5605.24,5605.24,5605.24
2007-10-12,5608.78,5608.78,5608.78,5608.78
2007-10-15,5707.29,5707.29,5707.29,5707.29
2007-10-16,5679.15,5679.15,5679.15,5679.15
2007-10-17,5669.16,5669.16,5669.16,5669.16
2007-10-18,5704.37,5704.37,5704.37,5704.37
2007-10-19,5773.83,5773.83,5773.83,5773.83
2007-10-22,5665.6,5665.6,5665.6,5665.6
2007-10-23,5692.62,5692.62,5692.62,5692.62
2007-10-24,5713.45,5713.45,5713.45,5713.45
2007-10-25,5728.16,5728.16,5728.16,5728.16
2007-10-26,5840,5840,5840,5840
2007-10-29,5911.93,5911.93,5911.93,5911.93
2007-10-30,5829.38,5829.38,5829.38,5829.38
2007-10-31,5918.13,5918.13,5918.13,5918.13
2007-11-02,5992.3,5992.3,5992.3,5992.3
2007-11-05,6016.55,6016.55,6016.55,6016.55
2007-11-06,6107.3,6107.3,6107.3,6107.3
2007-11-07,6210.53,6210.53,6210.53,6210.53
2007-11-08,6153.85,6153.85,6153.85,6153.85
2007-11-09,6207.21,6207.21,6207.21,6207.21
2007-11-12,5950.19,5950.19,5950.19,5950.19
2007-11-13,5906.66,5906.66,5906.66,5906.66
2007-11-14,6054.61,6054.61,6054.61,6054.61
2007-11-15,5822.22,5822.22,5822.22,5822.22
2007-11-16,5825.96,5825.96,5825.96,5825.96
2007-11-19,5792.59,5792.59,5792.59,5792.59
2007-11-20,5871.83,5871.83,5871.83,5871.83
2007-11-21,5902.08,5902.08,5902.08,5902.08
2007-11-22,5959.42,5959.42,5959.42,5959.42
2007-11-23,6074.29,6074.29,6074.29,6074.29
2007-11-26,6137.93,6137.93,6137.93,6137.93
2007-11-27,6003.57,6003.57,6003.57,6003.57
2007-11-28,5895.83,5895.83,5895.83,5895.83
2007-11-29,5848.27,5848.27,5848.27,5848.27
2007-11-30,5821.75,5821.75,5821.75,5821.75
2007-12-03,5831.33,5831.33,5831.33,5831.33
2007-12-04,5906.77,5906.77,5906.77,5906.77
2007-12-05,5890.54,5890.54,5890.54,5890.54
2007-12-06,5943.82,5943.82,5943.82,5943.82
2007-12-07,5871.67,5871.67,5871.67,5871.67
2007-12-10,5946.52,5946.52,5946.52,5946.52
2007-12-11,6000,6000,6000,6000
2007-12-12,5995.76,5995.76,5995.76,5995.76
2007-12-13,5954.61,5954.61,5954.61,5954.61
2007-12-14,5887.6,5887.6,5887.6,5887.6
2007-12-17,5853.8,5853.8,5853.8,5853.8
2007-12-18,5924.18,5924.18,5924.18,5924.18
2007-12-19,5924.18,5924.18,5924.18,5924.18
2007-12-20,5875.48,5875.48,5875.48,5875.48
2007-12-21,5980.68,5980.68,5980.68,5980.68
2007-12-27,5998.24,5998.24,5998.24,5998.24
2007-12-28,6110.12,6110.12,6110.12,6110.12
2008-01-02,6246.28,6246.28,6246.28,6246.28
2008-01-03,6260.74,6260.74,6260.74,6260.74
2008-01-04,6225.52,6225.52,6225.52,6225.52
2008-01-07,6277.07,6277.07,6277.07,6277.07
2008-01-08,6373.37,6373.37,6373.37,6373.37
2008-01-09,6420.49,6420.49,6420.49,6420.49
2008-01-10,6452.38,6452.38,6452.38,6452.38
2008-01-11,6501.65,6501.65,6501.65,6501.65
2008-01-14,6530.92,6530.92,6530.92,6530.92
2008-01-15,6541.13,6541.13,6541.13,6541.13
2008-01-16,6484.79,6484.79,6484.79,6484.79
2008-01-17,6344.62,6344.62,6344.62,6344.62
2008-01-18,6385.96,6385.96,6385.96,6385.96
2008-01-21,6300.9,6300.9,6300.9,6300.9
2008-01-22,6323.49,6323.49,6323.49,6323.49
2008-01-23,6398.6,6398.6,6398.6,6398.6
2008-01-24,6509.05,6509.05,6509.05,6509.05
2008-01-25,6587.23,6587.23,6587.23,6587.23
2008-01-28,6612.2,6612.2,6612.2,6612.2
2008-01-29,6657.85,6657.85,6657.85,6657.85
2008-01-30,6599.12,6599.12,6599.12,6599.12
2008-01-31,6628.39,6628.39,6628.39,6628.39
2008-02-01,6505.34,6505.34,6505.34,6505.34
2008-02-04,6499.4,6499.4,6499.4,6499.4
2008-02-05,6456.48,6456.48,6456.48,6456.48
2008-02-13,6522.12,6522.12,6522.12,6522.12
2008-02-14,6520.08,6520.08,6520.08,6520.08
2008-02-15,6460.23,6460.23,6460.23,6460.23
2008-02-18,6485.77,6485.77,6485.77,6485.77
2008-02-19,6628.35,6628.35,6628.35,6628.35
2008-02-20,6689.19,6689.19,6689.19,6689.19
2008-02-21,6712.81,6712.81,6712.81,6712.81
2008-02-22,6737.9,6737.9,6737.9,6737.9
2008-02-25,6651.77,6651.77,6651.77,6651.77
2008-02-26,6775.26,6775.26,6775.26,6775.26
2008-02-27,6753.8,6753.8,6753.8,6753.8
2008-02-28,6864.12,6864.12,6864.12,6864.12
2008-02-29,6894.01,6894.01,6894.01,6894.01
2008-03-03,6952.41,6952.41,6952.41,6952.41
2008-03-04,6840.49,6840.49,6840.49,6840.49
2008-03-05,6968.49,6968.49,6968.49,6968.49
2008-03-06,6978.11,6978.11,6978.11,6978.11
2008-03-07,6903.74,6903.74,6903.74,6903.74
2008-03-10,6930.45,6930.45,6930.45,6930.45
2008-03-11,6970.58,6970.58,6970.58,6970.58
2008-03-12,6937.44,6937.44,6937.44,6937.44
2008-03-13,7034.98,7034.98,7034.98,7034.98
2008-03-14,7077.04,7077.04,7077.04,7077.04
2008-03-17,7141.65,7141.65,7141.65,7141.65
2008-03-18,7087.84,7087.84,7087.84,7087.84
2008-03-19,6725.53,6725.53,6725.53,6725.53
2008-03-20,6544.86,6544.86,6544.86,6544.86
2008-03-25,6562.05,6562.05,6562.05,6562.05
2008-03-26,6641.65,6641.65,6641.65,6641.65
2008-03-27,6606.22,6606.22,6606.22,6606.22
2008-03-28,6505.34,6505.34,6505.34,6505.34
2008-03-31,6532.93,6532.93,6532.93,6532.93
2008-04-01,6184.47,6184.47,6184.47,6184.47
2008-04-02,6226.42,6226.42,6226.42,6226.42
2008-04-03,6324.85,6324.85,6324.85,6324.85
2008-04-04,6331.96,6331.96,6331.96,6331.96
2008-04-07,6476.04,6476.04,6476.04,6476.04
2008-04-08,6376.95,6376.95,6376.95,6376.95
2008-04-09,6452.66,6452.66,6452.66,6452.66
2008-04-10,6492.92,6492.92,6492.92,6492.92
2008-04-11,6490.27,6490.27,6490.27,6490.27
2008-04-14,6439.86,6439.86,6439.86,6439.86
2008-04-15,6486.21,6486.21,6486.21,6486.21
2008-04-16,6610.37,6610.37,6610.37,6610.37
2008-04-17,6583.93,6583.93,6583.93,6583.93
2008-04-18,6483.24,6483.24,6483.24,6483.24
2008-04-21,6361.66,6361.66,6361.66,6361.66
2008-04-22,6410.06,6410.06,6410.06,6410.06
2008-04-23,6365.01,6365.01,6365.01,6365.01
2008-04-24,6261.19,6261.19,6261.19,6261.19
2008-04-25,6218.19,6218.19,6218.19,6218.19
2008-04-28,6267.24,6267.24,6267.24,6267.24
2008-04-29,6141.55,6141.55,6141.55,6141.55
2008-04-30,6032.99,6032.99,6032.99,6032.99
2008-05-05,6072.73,6072.73,6072.73,6072.73
2008-05-06,6144.66,6144.66,6144.66,6144.66
2008-05-07,6052.32,6052.32,6052.32,6052.32
2008-05-08,6131.55,6131.55,6131.55,6131.55
2008-05-09,6114.15,6114.15,6114.15,6114.15
2008-05-12,6122.14,6122.14,6122.14,6122.14
2008-05-13,6065.24,6065.24,6065.24,6065.24
2008-05-14,6037.25,6037.25,6037.25,6037.25
2008-05-15,6190.67,6190.67,6190.67,6190.67
2008-05-16,6236.72,6236.72,6236.72,6236.72
2008-05-19,6357.51,6357.51,6357.51,6357.51
2008-05-20,6379.65,6379.65,6379.65,6379.65
2008-05-21,6496.76,6496.76,6496.76,6496.76
2008-05-23,6391.47,6391.47,6391.47,6391.47
2008-05-26,6397.82,6397.82,6397.82,6397.82
2008-05-27,6323.03,6323.03,6323.03,6323.03
2008-05-28,6280.71,6280.71,6280.71,6280.71
2008-05-29,6103.55,6103.55,6103.55,6103.55
2008-05-30,6108.85,6108.85,6108.85,6108.85
2008-06-02,6208.24,6208.24,6208.24,6208.24
2008-06-03,6182.66,6182.66,6182.66,6182.66
2008-06-04,6125.79,6125.79,6125.79,6125.79
2008-06-05,6042.3,6042.3,6042.3,6042.3
2008-06-06,6163,6163,6163,6163
2008-06-10,6057.06,6057.06,6057.06,6057.06
2008-06-11,6090.36,6090.36,6090.36,6090.36
2008-06-12,6016.38,6016.38,6016.38,6016.38
2008-06-13,6004.7,6004.7,6004.7,6004.7
2008-06-16,6091.57,6091.57,6091.57,6091.57
2008-06-17,6068.41,6068.41,6068.41,6068.41
2008-06-18,6111.88,6111.88,6111.88,6111.88
2008-06-19,6212.86,6212.86,6212.86,6212.86
2008-06-20,6191.4,6191.4,6191.4,6191.4
2008-06-23,6069.82,6069.82,6069.82,6069.82
2008-06-24,6101.85,6101.85,6101.85,6101.85
2008-06-25,6039.23,6039.23,6039.23,6039.23
2008-06-26,6235.16,6235.16,6235.16,6235.16
2008-06-27,6336.76,6336.76,6336.76,6336.76
2008-06-30,6360.61,6360.61,6360.61,6360.61
2008-07-01,6453.58,6453.58,6453.58,6453.58
2008-07-02,6431.44,6431.44,6431.44,6431.44
2008-07-03,6394.94,6394.94,6394.94,6394.94
2008-07-04,6373.58,6373.58,6373.58,6373.58
2008-07-07,6295.3,6295.3,6295.3,6295.3
2008-07-08,6321.91,6321.91,6321.91,6321.91
2008-07-09,6324.81,6324.81,6324.81,6324.81
2008-07-10,6408.94,6408.94,6408.94,6408.94
2008-07-11,6485.8,6485.8,6485.8,6485.8
2008-07-14,6623.33,6623.33,6623.33,6623.33
2008-07-15,6611.24,6611.24,6611.24,6611.24
2008-07-16,6574.12,6574.12,6574.12,6574.12
2008-07-17,6654.12,6654.12,6654.12,6654.12
2008-07-18,6522.19,6522.19,6522.19,6522.19
2008-07-21,6603.17,6603.17,6603.17,6603.17
2008-07-22,6550.24,6550.24,6550.24,6550.24
2008-07-23,6325.43,6325.43,6325.43,6325.43
2008-07-24,6268.54,6268.54,6268.54,6268.54
2008-07-25,6336.79,6336.79,6336.79,6336.79
2008-07-28,6331.43,6331.43,6331.43,6331.43
2008-07-29,6289.29,6289.29,6289.29,6289.29
2008-07-30,6185.51,6185.51,6185.51,6185.51
2008-07-31,6292.57,6292.57,6292.57,6292.57
2008-08-01,6222.33,6222.33,6222.33,6222.33
2008-08-04,6164.22,6164.22,6164.22,6164.22
2008-08-05,6063.45,6063.45,6063.45,6063.45
2008-08-06,6051.21,6051.21,6051.21,6051.21
2008-08-07,6049.48,6049.48,6049.48,6049.48
2008-08-08,5936.8,5936.8,5936.8,5936.8
2008-08-11,5752.54,5752.54,5752.54,5752.54
2008-08-12,5516.51,5516.51,5516.51,5516.51
2008-08-13,5725.74,5725.74,5725.74,5725.74
2008-08-14,5593.63,5593.63,5593.63,5593.63
2008-08-18,5476.87,5476.87,5476.87,5476.87
2008-08-19,5494.71,5494.71,5494.71,5494.71
2008-08-20,5544.48,5544.48,5544.48,5544.48
2008-08-21,5650.87,5650.87,5650.87,5650.87
2008-08-22,5664.93,5664.93,5664.93,5664.93
2008-08-25,5590.24,5590.24,5590.24,5590.24
2008-08-26,5646.1,5646.1,5646.1,5646.1
2008-08-27,5670.5,5670.5,5670.5,5670.5
2008-08-28,5696.6,5696.6,5696.6,5696.6
2008-08-29,5696.71,5696.71,5696.71,5696.71
2008-09-01,5625.67,5625.67,5625.67,5625.67
2008-09-02,5510.07,5510.07,5510.07,5510.07
2008-09-03,5479.32,5479.32,5479.32,5479.32
2008-09-04,5557.91,5557.91,5557.91,5557.91
2008-09-05,5488.79,5488.79,5488.79,5488.79
2008-09-08,5539.48,5539.48,5539.48,5539.48
2008-09-09,5362.42,5362.42,5362.42,5362.42
2008-09-10,5139.59,5139.59,5139.59,5139.59
2008-09-11,5048.56,5048.56,5048.56,5048.56
2008-09-12,5105.75,5105.75,5105.75,5105.75
2008-09-16,5344.12,5344.12,5344.12,5344.12
2008-09-17,5816.8,5816.8,5816.8,5816.8
2008-09-18,6085.46,6085.46,6085.46,6085.46
2008-09-19,5740.04,5740.04,5740.04,5740.04
2008-09-22,6119.4,6119.4,6119.4,6119.4
2008-09-23,6056.33,6056.33,6056.33,6056.33
2008-09-24,6121.21,6121.21,6121.21,6121.21
2008-09-25,6006.63,6006.63,6006.63,6006.63
2008-09-26,6074.77,6074.77,6074.77,6074.77
2008-10-06,6003.52,6003.52,6003.52,6003.52
2008-10-07,5884.09,5884.09,5884.09,5884.09
2008-10-08,6170.04,6170.04,6170.04,6170.04
2008-10-09,6299.5,6299.5,6299.5,6299.5
2008-10-10,6000.52,6000.52,6000.52,6000.52
2008-10-13,5761.77,5761.77,5761.77,5761.77
2008-10-14,5675.65,5675.65,5675.65,5675.65
2008-10-15,5778.1,5778.1,5778.1,5778.1
2008-10-16,5568.9,5568.9,5568.9,5568.9
2008-10-17,5315.44,5315.44,5315.44,5315.44
2008-10-20,5496.37,5496.37,5496.37,5496.37
2008-10-21,5447.81,5447.81,5447.81,5447.81
2008-10-22,5194.9,5194.9,5194.9,5194.9
2008-10-23,4937.05,4937.05,4937.05,4937.05
2008-10-24,4819.9,4819.9,4819.9,4819.9
2008-10-27,5010.47,5010.47,5010.47,5010.47
2008-10-28,5005.76,5005.76,5005.76,5005.76
2008-10-29,5025.59,5025.59,5025.59,5025.59
2008-10-30,5126,5126,5126,5126
2008-10-31,4807.74,4807.74,4807.74,4807.74
2008-11-03,5011.36,5011.36,5011.36,5011.36
2008-11-04,5018.4,5018.4,5018.4,5018.4
2008-11-05,5066.57,5066.57,5066.57,5066.57
2008-11-06,5163.28,5163.28,5163.28,5163.28
2008-11-07,5051.35,5051.35,5051.35,5051.35
2008-11-10,5275.17,5275.17,5275.17,5275.17
2008-11-12,4930.83,4930.83,4930.83,4930.83
2008-11-13,4783.05,4783.05,4783.05,4783.05
2008-11-14,5034.6,5034.6,5034.6,5034.6
2008-11-17,5111.06,5111.06,5111.06,5111.06
2008-11-18,4968.04,4968.04,4968.04,4968.04
2008-11-19,5015.89,5015.89,5015.89,5015.89
2008-11-20,5035.95,5035.95,5035.95,5035.95
2008-11-21,5587.41,5587.41,5587.41,5587.41
2008-11-24,5474.82,5474.82,5474.82,5474.82
2008-11-25,5440.17,5440.17,5440.17,5440.17
2008-11-26,5553.45,5553.45,5553.45,5553.45
2008-11-27,5583.1,5583.1,5583.1,5583.1
2008-11-28,5694.85,5694.85,5694.85,5694.85
2008-12-01,5269.14,5269.14,5269.14,5269.14
2008-12-02,5377.05,5377.05,5377.05,5377.05
2008-12-03,5289.17,5289.17,5289.17,5289.17
2008-12-04,5157.67,5157.67,5157.67,5157.67
2008-12-05,5200.14,5200.14,5200.14,5200.14
2008-12-08,5334.18,5334.18,5334.18,5334.18
2008-12-09,5285.81,5285.81,5285.81,5285.81
2008-12-10,5512.23,5512.23,5512.23,5512.23
2008-12-11,5423.51,5423.51,5423.51,5423.51
2008-12-12,5585.93,5585.93,5585.93,5585.93
2008-12-15,5626.89,5626.89,5626.89,5626.89
2008-12-16,5715.54,5715.54,5715.54,5715.54
2008-12-17,5833.65,5833.65,5833.65,5833.65
2008-12-18,5848.22,5848.22,5848.22,5848.22
2008-12-19,5852.91,5852.91,5852.91,5852.91
2008-12-22,5903.02,5903.02,5903.02,5903.02
2008-12-23,5686.03,5686.03,5686.03,5686.03
2008-12-29,6004.23,6004.23,6004.23,6004.23
2008-12-30,6042.31,6042.31,6042.31,6042.31
2008-12-31,5916.11,5916.11,5916.11,5916.11
2009-01-05,5839.05,5839.05,5839.05,5839.05
2009-01-06,5683.38,5683.38,5683.38,5683.38
2009-01-07,5852.8,5852.8,5852.8,5852.8
2009-01-08,5819.61,5819.61,5819.61,5819.61
2009-01-09,5954.06,5954.06,5954.06,5954.06
2009-01-12,5782.85,5782.85,5782.85,5782.85
2009-01-13,5701.85,5701.85,5701.85,5701.85
2009-01-14,5612.4,5612.4,5612.4,5612.4
2009-01-15,5540.38,5540.38,5540.38,5540.38
2009-01-16,5915.68,5915.68,5915.68,5915.68
2009-01-19,5765.05,5765.05,5765.05,5765.05
2009-01-20,5937.47,5937.47,5937.47,5937.47
2009-01-21,5833.78,5833.78,5833.78,5833.78
2009-01-22,6010.15,6010.15,6010.15,6010.15
2009-01-23,6083.22,6083.22,6083.22,6083.22
2009-02-02,6255.24,6255.24,6255.24,6255.24
2009-02-03,6211.08,6211.08,6211.08,6211.08
2009-02-04,6185.8,6185.8,6185.8,6185.8
2009-02-05,6152.58,6152.58,6152.58,6152.58
2009-02-06,6182.87,6182.87,6182.87,6182.87
2009-02-09,5870.92,5870.92,5870.92,5870.92
2009-02-10,6237.8,6237.8,6237.8,6237.8
2009-02-11,6509.19,6509.19,6509.19,6509.19
2009-02-12,6555.39,6555.39,6555.39,6555.39
2009-02-13,6406.16,6406.16,6406.16,6406.16
2009-02-16,6521.85,6521.85,6521.85,6521.85
2009-02-17,6739.96,6739.96,6739.96,6739.96
2009-02-18,6491.22,6491.22,6491.22,6491.22
2009-02-19,6765.32,6765.32,6765.32,6765.32
2009-02-20,6761.81,6761.81,6761.81,6761.81
2009-02-23,6770.21,6770.21,6770.21,6770.21
2009-02-24,6528.57,6528.57,6528.57,6528.57
2009-02-25,6776.06,6776.06,6776.06,6776.06
2009-02-26,6395.1,6395.1,6395.1,6395.1
2009-02-27,6406.22,6406.22,6406.22,6406.22
2009-03-02,6521.23,6521.23,6521.23,6521.23
2009-03-03,6287.22,6287.22,6287.22,6287.22
2009-03-04,6095.32,6095.32,6095.32,6095.32
2009-03-05,6370.51,6370.51,6370.51,6370.51
2009-03-06,6392.17,6392.17,6392.17,6392.17
2009-03-09,6275.17,6275.17,6275.17,6275.17
2009-03-10,6011.57,6011.57,6011.57,6011.57
2009-03-11,6184.37,6184.37,6184.37,6184.37
2009-03-12,6135.85,6135.85,6135.85,6135.85
2009-03-13,6349.68,6349.68,6349.68,6349.68
2009-03-16,6260.6,6260.6,6260.6,6260.6
2009-03-17,6345.71,6345.71,6345.71,6345.71
2009-03-18,6106.26,6106.26,6106.26,6106.26
2009-03-19,6587.52,6587.52,6587.52,6587.52
2009-03-20,6476.8,6476.8,6476.8,6476.8
2009-03-23,6476.1,6476.1,6476.1,6476.1
2009-03-24,6340.36,6340.36,6340.36,6340.36
2009-03-25,6324.22,6324.22,6324.22,6324.22
2009-03-26,6416.4,6416.4,6416.4,6416.4
2009-03-27,6470.78,6470.78,6470.78,6470.78
2009-03-30,6305.16,6305.16,6305.16,6305.16
2009-03-31,6235.85,6235.85,6235.85,6235.85
2009-04-01,6110.85,6110.85,6110.85,6110.85
2009-04-02,5981.77,5981.77,5981.77,5981.77
2009-04-03,6136.45,6136.45,6136.45,6136.45
2009-04-07,5991.71,5991.71,5991.71,5991.71
2009-04-08,5965.99,5965.99,5965.99,5965.99
2009-04-09,5951.56,5951.56,5951.56,5951.56
2009-04-14,5914.92,5914.92,5914.92,5914.92
2009-04-15,6164.03,6164.03,6164.03,6164.03
2009-04-16,5986.58,5986.58,5986.58,5986.58
2009-04-17,5985.39,5985.39,5985.39,5985.39
2009-04-20,6107.41,6107.41,6107.41,6107.41
2009-04-21,5982.94,5982.94,5982.94,5982.94
2009-04-22,6042.42,6042.42,6042.42,6042.42
2009-04-23,6311.52,6311.52,6311.52,6311.52
2009-04-24,6197.9,6197.9,6197.9,6197.9
2009-04-27,6257.72,6257.72,6257.72,6257.72
2009-04-28,5932.26,5932.26,5932.26,5932.26
2009-04-29,6011.19,6011.19,6011.19,6011.19
2009-04-30,6182.76,6182.76,6182.76,6182.76
2009-05-04,6090.06,6090.06,6090.06,6090.06
2009-05-05,6152.3,6152.3,6152.3,6152.3
2009-05-06,6188.03,6188.03,6188.03,6188.03
2009-05-07,6241.09,6241.09,6241.09,6241.09
2009-05-08,6152.82,6152.82,6152.82,6152.82
2009-05-11,6250.16,6250.16,6250.16,6250.16
2009-05-12,6313.84,6313.84,6313.84,6313.84
2009-05-13,6441.75,6441.75,6441.75,6441.75
2009-05-14,6316.77,6316.77,6316.77,6316.77
2009-05-15,6362.19,6362.19,6362.19,6362.19
2009-05-18,6179.24,6179.24,6179.24,6179.24
2009-05-19,6318.57,6318.57,6318.57,6318.57
2009-05-20,6342.32,6342.32,6342.32,6342.32
2009-05-21,6400.21,6400.21,6400.21,6400.21
2009-05-22,6511.69,6511.69,6511.69,6511.69
2009-05-25,6505.29,6505.29,6505.29,6505.29
2009-05-26,6422.19,6422.19,6422.19,6422.19
2009-05-27,6547.43,6547.43,6547.43,6547.43
2009-06-01,6692.9,6692.9,6692.9,6692.9
2009-06-02,6597.63,6597.63,6597.63,6597.63
2009-06-03,6692.29,6692.29,6692.29,6692.29
2009-06-04,6699.09,6699.09,6699.09,6699.09
2009-06-05,6655,6655,6655,6655
2009-06-08,6459.74,6459.74,6459.74,6459.74
2009-06-09,6450.57,6450.57,6450.57,6450.57
2009-06-10,6601.38,6601.38,6601.38,6601.38
2009-06-12,6430.17,6430.17,6430.17,6430.17
2009-06-15,6437.46,6437.46,6437.46,6437.46
2009-06-16,6402.35,6402.35,6402.35,6402.35
2009-06-17,6424.97,6424.97,6424.97,6424.97
2009-06-18,6324.89,6324.89,6324.89,6324.89
2009-06-19,6301.21,6301.21,6301.21,6301.21
2009-06-22,6335.51,6335.51,6335.51,6335.51
2009-06-23,6252.61,6252.61,6252.61,6252.61
2009-06-24,6375.37,6375.37,6375.37,6375.37
2009-06-25,6396.06,6396.06,6396.06,6396.06
2009-06-26,6406.14,6406.14,6406.14,6406.14
2009-06-29,6385.4,6385.4,6385.4,6385.4
2009-06-30,6362.68,6362.68,6362.68,6362.68
2009-07-01,6311.4,6311.4,6311.4,6311.4
2009-07-02,6390.61,6390.61,6390.61,6390.61
2009-07-03,6329.69,6329.69,6329.69,6329.69
2009-07-06,6298.52,6298.52,6298.52,6298.52
2009-07-07,6350.38,6350.38,6350.38,6350.38
2009-07-08,6243.98,6243.98,6243.98,6243.98
2009-07-09,6235.35,6235.35,6235.35,6235.35
2009-07-10,6211.3,6211.3,6211.3,6211.3
2009-07-13,6217.82,6217.82,6217.82,6217.82
2009-07-14,6251.8,6251.8,6251.8,6251.8
2009-07-15,6367.29,6367.29,6367.29,6367.29
2009-07-16,6417.51,6417.51,6417.51,6417.51
2009-07-17,6412.82,6412.82,6412.82,6412.82
2009-07-20,6446.43,6446.43,6446.43,6446.43
2009-07-21,6500.23,6500.23,6500.23,6500.23
2009-07-22,6466.95,6466.95,6466.95,6466.95
2009-07-23,6490.6,6490.6,6490.6,6490.6
2009-07-24,6473.95,6473.95,6473.95,6473.95
2009-07-27,6542.12,6542.12,6542.12,6542.12
2009-07-28,6474.53,6474.53,6474.53,6474.53
2009-07-29,6391.19,6391.19,6391.19,6391.19
2009-07-30,6351.95,6351.95,6351.95,6351.95
2009-07-31,6403.2,6403.2,6403.2,6403.2
2009-08-03,6443.52,6443.52,6443.52,6443.52
2009-08-04,6595.25,6595.25,6595.25,6595.25
2009-08-05,6569.04,6569.04,6569.04,6569.04
2009-08-06,6625.09,6625.09,6625.09,6625.09
2009-08-07,6504.12,6504.12,6504.12,6504.12
2009-08-10,6530.5,6530.5,6530.5,6530.5
2009-08-11,6557.02,6557.02,6557.02,6557.02
2009-08-12,6364.1,6364.1,6364.1,6364.1
2009-08-13,6534.41,6534.41,6534.41,6534.41
2009-08-14,6536.05,6536.05,6536.05,6536.05
2009-08-17,6383.46,6383.46,6383.46,6383.46
2009-08-18,6396.66,6396.66,6396.66,6396.66
2009-08-19,6320.56,6320.56,6320.56,6320.56
2009-08-20,6437.47,6437.47,6437.47,6437.47
2009-08-21,6482.59,6482.59,6482.59,6482.59
2009-08-24,6454.18,6454.18,6454.18,6454.18
2009-08-25,6412.62,6412.62,6412.62,6412.62
2009-08-26,6532.33,6532.33,6532.33,6532.33
2009-08-27,6438.62,6438.62,6438.62,6438.62
2009-08-28,6565.34,6565.34,6565.34,6565.34
2009-08-31,6458.2,6458.2,6458.2,6458.2
2009-09-01,6649.46,6649.46,6649.46,6649.46
2009-09-02,6592.66,6592.66,6592.66,6592.66
2009-09-03,6741.5,6741.5,6741.5,6741.5
2009-09-04,6730.89,6730.89,6730.89,6730.89
2009-09-07,6753.8,6753.8,6753.8,6753.8
2009-09-08,6742.12,6742.12,6742.12,6742.12
2009-09-09,6781.48,6781.48,6781.48,6781.48
2009-09-10,6740.94,6740.94,6740.94,6740.94
2009-09-11,6833.17,6833.17,6833.17,6833.17
2009-09-14,6705.06,6705.06,6705.06,6705.06
2009-09-15,6819.01,6819.01,6819.01,6819.01
2009-09-16,6899.78,6899.78,6899.78,6899.78
2009-09-17,6929.9,6929.9,6929.9,6929.9
2009-09-18,6853.1,6853.1,6853.1,6853.1
2009-09-21,6869.6,6869.6,6869.6,6869.6
2009-09-22,6956.69,6956.69,6956.69,6956.69
2009-09-23,6923.99,6923.99,6923.99,6923.99
2009-09-24,6853.56,6853.56,6853.56,6853.56
2009-09-25,6761.38,6761.38,6761.38,6761.38
2009-09-28,6747.28,6747.28,6747.28,6747.28
2009-09-29,6848.16,6848.16,6848.16,6848.16
2009-09-30,6839.33,6839.33,6839.33,6839.33
2009-10-12,7113.13,7113.13,7113.13,7113.13
2009-10-13,7213.94,7213.94,7213.94,7213.94
2009-10-14,7284.81,7284.81,7284.81,7284.81
2009-10-15,7163.14,7163.14,7163.14,7163.14
2009-10-16,7180.39,7180.39,7180.39,7180.39
2009-10-19,7144,7144,7144,7144
2009-10-20,7220.65,7220.65,7220.65,7220.65
2009-10-21,7234.63,7234.63,7234.63,7234.63
2009-10-22,7157.65,7157.65,7157.65,7157.65
2009-10-23,7198.97,7198.97,7198.97,7198.97
2009-10-26,7244.46,7244.46,7244.46,7244.46
2009-10-27,7175.19,7175.19,7175.19,7175.19
2009-10-28,7093.76,7093.76,7093.76,7093.76
2009-10-29,7049.53,7049.53,7049.53,7049.53
2009-10-30,7169.93,7169.93,7169.93,7169.93
2009-11-02,7251.48,7251.48,7251.48,7251.48
2009-11-03,7358.41,7358.41,7358.41,7358.41
2009-11-04,7344.75,7344.75,7344.75,7344.75
2009-11-05,7410.31,7410.31,7410.31,7410.31
2009-11-06,7501.92,7501.92,7501.92,7501.92
2009-11-09,7472.87,7472.87,7472.87,7472.87
2009-11-10,7484.07,7484.07,7484.07,7484.07
2009-11-11,7618.03,7618.03,7618.03,7618.03
2009-11-12,7572.41,7572.41,7572.41,7572.41
2009-11-13,7564.97,7564.97,7564.97,7564.97
2009-11-16,7734.28,7734.28,7734.28,7734.28
2009-11-17,7811.66,7811.66,7811.66,7811.66
2009-11-18,7831.46,7831.46,7831.46,7831.46
2009-11-19,7760.7,7760.7,7760.7,7760.7
2009-11-20,7819.58,7819.58,7819.58,7819.58
2009-11-23,7970.94,7970.94,7970.94,7970.94
2009-11-24,7952.71,7952.71,7952.71,7952.71
2009-11-25,8035.98,8035.98,8035.98,8035.98
2009-11-26,8206.98,8206.98,8206.98,8206.98
2009-11-27,7910.86,7910.86,7910.86,7910.86
2009-11-30,8082.8,8082.8,8082.8,8082.8
2009-12-01,8117.03,8117.03,8117.03,8117.03
2009-12-02,8287.76,8287.76,8287.76,8287.76
2009-12-03,8304.59,8304.59,8304.59,8304.59
2009-12-04,8040.95,8040.95,8040.95,8040.95
2009-12-07,7906.67,7906.67,7906.67,7906.67
2009-12-08,8011.22,8011.22,8011.22,8011.22
2009-12-09,7749.88,7749.88,7749.88,7749.88
2009-12-10,7708.71,7708.71,7708.71,7708.71
2009-12-11,7719.29,7719.29,7719.29,7719.29
2009-12-14,7686.34,7686.34,7686.34,7686.34
2009-12-15,7753.87,7753.87,7753.87,7753.87
2009-12-16,7724.86,7724.86,7724.86,7724.86
2009-12-17,7622.86,7622.86,7622.86,7622.86
2009-12-18,7685.47,7685.47,7685.47,7685.47
2009-12-21,7481.9,7481.9,7481.9,7481.9
2009-12-22,7438.29,7438.29,7438.29,7438.29
2009-12-23,7385.67,7385.67,7385.67,7385.67
2009-12-24,7535.22,7535.22,7535.22,7535.22
2009-12-28,7550.07,7550.07,7550.07,7550.07
2009-12-29,7508.67,7508.67,7508.67,7508.67
2009-12-30,7473.02,7473.02,7473.02,7473.02
2009-12-31,7515.32,7515.32,7515.32,7515.32
2010-01-04,7592.41,7592.41,7592.41,7592.41
2010-01-05,7695.26,7695.26,7695.26,7695.26
2010-01-06,7735.19,7735.19,7735.19,7735.19
2010-01-07,7730.15,7730.15,7730.15,7730.15
2010-01-08,7613.1,7613.1,7613.1,7613.1
2010-01-11,7881.36,7881.36,7881.36,7881.36
2010-01-12,7750.48,7750.48,7750.48,7750.48
2010-01-13,7703.53,7703.53,7703.53,7703.53
2010-01-14,7759.3,7759.3,7759.3,7759.3
2010-01-15,7763.3,7763.3,7763.3,7763.3
2010-01-18,7697.37,7697.37,7697.37,7697.37
2010-01-19,7788.68,7788.68,7788.68,7788.68
2010-01-20,7694.83,7694.83,7694.83,7694.83
2010-01-21,7526.66,7526.66,7526.66,7526.66
2010-01-22,7456.77,7456.77,7456.77,7456.77
2010-01-25,7509.4,7509.4,7509.4,7509.4
2010-01-26,7453.33,7453.33,7453.33,7453.33
2010-01-27,7438.44,7438.44,7438.44,7438.44
2010-01-28,7432.08,7432.08,7432.08,7432.08
2010-01-29,7377.79,7377.79,7377.79,7377.79
2010-02-01,7462.49,7462.49,7462.49,7462.49
2010-02-02,7591.16,7591.16,7591.16,7591.16
2010-02-03,7699.08,7699.08,7699.08,7699.08
2010-02-04,7397.46,7397.46,7397.46,7397.46
2010-02-05,7227.91,7227.91,7227.91,7227.91
2010-02-08,7308.59,7308.59,7308.59,7308.59
2010-02-09,7311.68,7311.68,7311.68,7311.68
2010-02-10,7349.03,7349.03,7349.03,7349.03
2010-02-11,7415.89,7415.89,7415.89,7415.89
2010-02-12,7434.71,7434.71,7434.71,7434.71
2010-02-22,7597.43,7597.43,7597.43,7597.43
2010-02-23,7656.57,7656.57,7656.57,7656.57
2010-02-24,7435.25,7435.25,7435.25,7435.25
2010-02-25,7537.79,7537.79,7537.79,7537.79
2010-02-26,7529.89,7529.89,7529.89,7529.89
2010-03-01,7652.71,7652.71,7652.71,7652.71
2010-03-02,7655.5,7655.5,7655.5,7655.5
2010-03-03,7703.47,7703.47,7703.47,7703.47
2010-03-04,7733.44,7733.44,7733.44,7733.44
2010-03-05,7725.38,7725.38,7725.38,7725.38
2010-03-08,7661.61,7661.61,7661.61,7661.61
2010-03-09,7633.82,7633.82,7633.82,7633.82
2010-03-10,7548.5,7548.5,7548.5,7548.5
2010-03-11,7562.31,7562.31,7562.31,7562.31
2010-03-12,7508.81,7508.81,7508.81,7508.81
2010-03-15,7553.88,7553.88,7553.88,7553.88
2010-03-16,7630.42,7630.42,7630.42,7630.42
2010-03-17,7654.1,7654.1,7654.1,7654.1
2010-03-18,7734.78,7734.78,7734.78,7734.78
2010-03-19,7574.12,7574.12,7574.12,7574.12
2010-03-22,7434.06,7434.06,7434.06,7434.06
2010-03-23,7521.35,7521.35,7521.35,7521.35
2010-03-24,7443.82,7443.82,7443.82,7443.82
2010-03-25,7433.62,7433.62,7433.62,7433.62
2010-03-26,7563.23,7563.23,7563.23,7563.23
2010-03-29,7563.43,7563.43,7563.43,7563.43
2010-03-30,7560.6,7560.6,7560.6,7560.6
2010-03-31,7549.87,7549.87,7549.87,7549.87
2010-04-01,7637.98,7637.98,7637.98,7637.98
2010-04-02,7663.54,7663.54,7663.54,7663.54
2010-04-05,7715.97,7715.97,7715.97,7715.97
2010-04-06,7765.34,7765.34,7765.34,7765.34
2010-04-07,7858.47,7858.47,7858.47,7858.47
2010-04-08,7816.12,7816.12,7816.12,7816.12
2010-04-09,7945.68,7945.68,7945.68,7945.68
2010-04-12,7968.21,7968.21,7968.21,7968.21
2010-04-13,7837.15,7837.15,7837.15,7837.15
2010-04-14,7893.15,7893.15,7893.15,7893.15
2010-04-15,7903.84,7903.84,7903.84,7903.84
2010-04-16,7804.21,7804.21,7804.21,7804.21
2010-04-19,7718.09,7718.09,7718.09,7718.09
2010-04-20,7792.27,7792.27,7792.27,7792.27
2010-04-21,7857.62,7857.62,7857.62,7857.62
2010-04-22,7896.58,7896.58,7896.58,7896.58
2010-04-23,7851.28,7851.28,7851.28,7851.28
2010-04-26,7871.27,7871.27,7871.27,7871.27
2010-04-27,8051.3,8051.3,8051.3,8051.3
2010-04-28,7916.06,7916.06,7916.06,7916.06
2010-04-29,7949.86,7949.86,7949.86,7949.86
2010-04-30,8113.31,8113.31,8113.31,8113.31
2010-05-03,8150.09,8150.09,8150.09,8150.09
2010-05-04,8183.62,8183.62,8183.62,8183.62
2010-05-05,8149.88,8149.88,8149.88,8149.88
2010-05-06,8367.15,8367.15,8367.15,8367.15
2010-05-07,8189.89,8189.89,8189.89,8189.89
2010-05-10,8362.64,8362.64,8362.64,8362.64
2010-05-11,8214.15,8214.15,8214.15,8214.15
2010-05-12,8483.66,8483.66,8483.66,8483.66
2010-05-13,8392.52,8392.52,8392.52,8392.52
2010-05-14,8443.33,8443.33,8443.33,8443.33
2010-05-17,8365.38,8365.38,8365.38,8365.38
2010-05-18,8395.47,8395.47,8395.47,8395.47
2010-05-19,8090.21,8090.21,8090.21,8090.21
2010-05-20,8210.74,8210.74,8210.74,8210.74
2010-05-21,7972.98,7972.98,7972.98,7972.98
2010-05-24,8144.54,8144.54,8144.54,8144.54
2010-05-25,8107.11,8107.11,8107.11,8107.11
2010-05-26,8294.76,8294.76,8294.76,8294.76
2010-05-27,8141.49,8141.49,8141.49,8141.49
2010-05-28,8378.91,8378.91,8378.91,8378.91
2010-05-31,8305.09,8305.09,8305.09,8305.09
2010-06-01,8234.6,8234.6,8234.6,8234.6
2010-06-02,8302.34,8302.34,8302.34,8302.34
2010-06-03,8429.01,8429.01,8429.01,8429.01
2010-06-04,8604.04,8604.04,8604.04,8604.04
2010-06-07,8420.41,8420.41,8420.41,8420.41
2010-06-08,8420.2,8420.2,8420.2,8420.2
2010-06-09,8340.33,8340.33,8340.33,8340.33
2010-06-10,8264.81,8264.81,8264.81,8264.81
2010-06-11,8443.32,8443.32,8443.32,8443.32
2010-06-17,8485.76,8485.76,8485.76,8485.76
2010-06-18,8561.7,8561.7,8561.7,8561.7
2010-06-21,8511.31,8511.31,8511.31,8511.31
2010-06-22,8448.79,8448.79,8448.79,8448.79
2010-06-23,8431.57,8431.57,8431.57,8431.57
2010-06-24,8498.98,8498.98,8498.98,8498.98
2010-06-25,8408.77,8408.77,8408.77,8408.77
2010-06-28,8527.28,8527.28,8527.28,8527.28
2010-06-29,8387.45,8387.45,8387.45,8387.45
2010-06-30,8363.27,8363.27,8363.27,8363.27
2010-07-01,8140.3,8140.3,8140.3,8140.3
2010-07-02,8170.82,8170.82,8170.82,8170.82
2010-07-05,8184.76,8184.76,8184.76,8184.76
2010-07-06,8043.62,8043.62,8043.62,8043.62
2010-07-07,8029.13,8029.13,8029.13,8029.13
2010-07-08,8073.9,8073.9,8073.9,8073.9
2010-07-09,8201.31,8201.31,8201.31,8201.31
2010-07-12,8057.71,8057.71,8057.71,8057.71
2010-07-13,8095.5,8095.5,8095.5,8095.5
2010-07-14,8125.66,8125.66,8125.66,8125.66
2010-07-15,8142.22,8142.22,8142.22,8142.22
2010-07-16,8099.04,8099.04,8099.04,8099.04
2010-07-19,8009.15,8009.15,8009.15,8009.15
2010-07-20,8095.18,8095.18,8095.18,8095.18
2010-07-21,8072.2,8072.2,8072.2,8072.2
2010-07-22,8055.69,8055.69,8055.69,8055.69
2010-07-23,8100.73,8100.73,8100.73,8100.73
2010-07-26,7928,7928,7928,7928
2010-07-27,7848.05,7848.05,7848.05,7848.05
2010-07-28,7880.52,7880.52,7880.52,7880.52
2010-07-29,7908.36,7908.36,7908.36,7908.36
2010-07-30,7983.67,7983.67,7983.67,7983.67
2010-08-02,7924.73,7924.73,7924.73,7924.73
2010-08-03,8059.56,8059.56,8059.56,8059.56
2010-08-04,8076.84,8076.84,8076.84,8076.84
2010-08-05,8092.84,8092.84,8092.84,8092.84
2010-08-06,8114.52,8114.52,8114.52,8114.52
2010-08-09,8108.6,8108.6,8108.6,8108.6
2010-08-10,8167.38,8167.38,8167.38,8167.38
2010-08-11,8232.32,8232.32,8232.32,8232.32
2010-08-12,8191.79,8191.79,8191.79,8191.79
2010-08-13,8294.94,8294.94,8294.94,8294.94
2010-08-16,8237.16,8237.16,8237.16,8237.16
2010-08-17,8276.01,8276.01,8276.01,8276.01
2010-08-18,8318.94,8318.94,8318.94,8318.94
2010-08-19,8391.01,8391.01,8391.01,8391.01
2010-08-20,8358.98,8358.98,8358.98,8358.98
2010-08-23,8412.51,8412.51,8412.51,8412.51
2010-08-24,8328.48,8328.48,8328.48,8328.48
2010-08-25,8451.7,8451.7,8451.7,8451.7
2010-08-26,8380.39,8380.39,8380.39,8380.39
2010-08-27,8349.48,8349.48,8349.48,8349.48
2010-08-30,8478.11,8478.11,8478.11,8478.11
2010-08-31,8461.07,8461.07,8461.07,8461.07
2010-09-01,8411.42,8411.42,8411.42,8411.42
2010-09-02,8515.2,8515.2,8515.2,8515.2
2010-09-03,8400.93,8400.93,8400.93,8400.93
2010-09-06,8461.62,8461.62,8461.62,8461.62
2010-09-07,8537.33,8537.33,8537.33,8537.33
2010-09-08,8456.35,8456.35,8456.35,8456.35
2010-09-09,8469.53,8469.53,8469.53,8469.53
2010-09-10,8451.59,8451.59,8451.59,8451.59
2010-09-13,8376.02,8376.02,8376.02,8376.02
2010-09-14,8422.88,8422.88,8422.88,8422.88
2010-09-15,8527.56,8527.56,8527.56,8527.56
2010-09-16,8582.81,8582.81,8582.81,8582.81
2010-09-17,8655.7,8655.7,8655.7,8655.7
2010-09-20,8576.45,8576.45,8576.45,8576.45
2010-09-21,8551.12,8551.12,8551.12,8551.12
2010-09-27,8639.55,8639.55,8639.55,8639.55
2010-09-28,8633.72,8633.72,8633.72,8633.72
2010-09-29,8745.19,8745.19,8745.19,8745.19
2010-09-30,8710.43,8710.43,8710.43,8710.43
2010-10-08,8910.07,8910.07,8910.07,8910.07
2010-10-11,9001.87,9001.87,9001.87,9001.87
2010-10-12,8898.73,8898.73,8898.73,8898.73
2010-10-13,9025.44,9025.44,9025.44,9025.44
2010-10-14,9172.8,9172.8,9172.8,9172.8
2010-10-15,9148.44,9148.44,9148.44,9148.44
2010-10-18,9015.01,9015.01,9015.01,9015.01
2010-10-19,9075.31,9075.31,9075.31,9075.31
2010-10-20,8820.79,8820.79,8820.79,8820.79
2010-10-21,8889.39,8889.39,8889.39,8889.39
2010-10-22,8766.94,8766.94,8766.94,8766.94
2010-10-25,8905.95,8905.95,8905.95,8905.95
2010-10-26,8965.51,8965.51,8965.51,8965.51
2010-10-27,8913.16,8913.16,8913.16,8913.16
2010-10-28,8925.41,8925.41,8925.41,8925.41
2010-10-29,8933.16,8933.16,8933.16,8933.16
2010-11-01,9100.26,9100.26,9100.26,9100.26
2010-11-02,9000,9000,9000,9000
2010-11-03,8917.7,8917.7,8917.7,8917.7
2010-11-04,9221.57,9221.57,9221.57,9221.57
2010-11-05,9362.63,9362.63,9362.63,9362.63
2010-11-08,9392.18,9392.18,9392.18,9392.18
2010-11-09,9396.1,9396.1,9396.1,9396.1
2010-11-10,9286.22,9286.22,9286.22,9286.22
2010-11-11,9429.54,9429.54,9429.54,9429.54
2010-11-12,9054.27,9054.27,9054.27,9054.27
2010-11-15,9077.21,9077.21,9077.21,9077.21
2010-11-16,9035.18,9035.18,9035.18,9035.18
2010-11-17,8870.14,8870.14,8870.14,8870.14
2010-11-18,8979.32,8979.32,8979.32,8979.32
2010-11-19,9022.88,9022.88,9022.88,9022.88
2010-11-22,9178.48,9178.48,9178.48,9178.48
2010-11-23,9359.81,9359.81,9359.81,9359.81
2010-11-24,9069.02,9069.02,9069.02,9069.02
2010-11-25,9094.55,9094.55,9094.55,9094.55
2010-11-26,9089.87,9089.87,9089.87,9089.87
2010-11-29,9368.35,9368.35,9368.35,9368.35
2010-11-30,9112.2,9112.2,9112.2,9112.2
2010-12-01,9179.55,9179.55,9179.55,9179.55
2010-12-02,9225.06,9225.06,9225.06,9225.06
2010-12-03,9253.7,9253.7,9253.7,9253.7
2010-12-06,9435.24,9435.24,9435.24,9435.24
2010-12-07,9455.72,9455.72,9455.72,9455.72
2010-12-08,9205.23,9205.23,9205.23,9205.23
2010-12-09,9244.76,9244.76,9244.76,9244.76
2010-12-10,9217.66,9217.66,9217.66,9217.66
2010-12-13,9116.78,9116.78,9116.78,9116.78
2010-12-14,9337.74,9337.74,9337.74,9337.74
2010-12-15,9252.11,9252.11,9252.11,9252.11
2010-12-16,9118.73,9118.73,9118.73,9118.73
2010-12-17,9265.95,9265.95,9265.95,9265.95
2010-12-20,9271.75,9271.75,9271.75,9271.75
2010-12-21,9270.18,9270.18,9270.18,9270.18
2010-12-22,9263.27,9263.27,9263.27,9263.27
2010-12-23,9128.67,9128.67,9128.67,9128.67
2010-12-27,9188.01,9188.01,9188.01,9188.01
2010-12-28,9409.74,9409.74,9409.74,9409.74
2010-12-29,9270.1,9270.1,9270.1,9270.1
2010-12-30,9249.5,9249.5,9249.5,9249.5
2010-12-31,9351.84,9351.84,9351.84,9351.84
2011-01-04,9099.08,9099.08,9099.08,9099.08
2011-01-05,9076.08,9076.08,9076.08,9076.08
2011-01-06,9148.22,9148.22,9148.22,9148.22
2011-01-07,9123.61,9123.61,9123.61,9123.61
2011-01-10,9056.82,9056.82,9056.82,9056.82
2011-01-11,9017.14,9017.14,9017.14,9017.14
2011-01-12,9060.92,9060.92,9060.92,9060.92
2011-01-13,9007.64,9007.64,9007.64,9007.64
2011-01-14,8949.58,8949.58,8949.58,8949.58
2011-01-17,8976.19,8976.19,8976.19,8976.19
2011-01-18,9029.18,9029.18,9029.18,9029.18
2011-01-19,8982.66,8982.66,8982.66,8982.66
2011-01-20,8936.77,8936.77,8936.77,8936.77
2011-01-21,8775.13,8775.13,8775.13,8775.13
2011-01-24,8797,8797,8797,8797
2011-01-25,8751.96,8751.96,8751.96,8751.96
2011-01-26,8781.81,8781.81,8781.81,8781.81
2011-01-27,8707.01,8707.01,8707.01,8707.01
2011-01-28,8946.41,8946.41,8946.41,8946.41
2011-01-31,8758.86,8758.86,8758.86,8758.86
2011-02-01,8787.27,8787.27,8787.27,8787.27
2011-02-09,8922.85,8922.85,8922.85,8922.85
2011-02-10,8975.25,8975.25,8975.25,8975.25
2011-02-11,8905.82,8905.82,8905.82,8905.82
2011-02-14,9000.45,9000.45,9000.45,9000.45
2011-02-15,9017.43,9017.43,9017.43,9017.43
2011-02-16,9039.14,9039.14,9039.14,9039.14
2011-02-17,9076.78,9076.78,9076.78,9076.78
2011-02-18,9070,9070,9070,9070
2011-02-21,9278.72,9278.72,9278.72,9278.72
2011-02-22,9200.05,9200.05,9200.05,9200.05
2011-02-23,9337.35,9337.35,9337.35,9337.35
2011-02-24,9288.89,9288.89,9288.89,9288.89
2011-02-25,9282.1,9282.1,9282.1,9282.1
2011-02-28,9283.1,9283.1,9283.1,9283.1
2011-03-01,9436.27,9436.27,9436.27,9436.27
2011-03-02,9425.46,9425.46,9425.46,9425.46
2011-03-03,9278.91,9278.91,9278.91,9278.91
2011-03-04,9327.29,9327.29,9327.29,9327.29
2011-03-07,9422.62,9422.62,9422.62,9422.62
2011-03-08,9383.06,9383.06,9383.06,9383.06
2011-03-09,9397.02,9397.02,9397.02,9397.02
2011-03-10,9329.38,9329.38,9329.38,9329.38
2011-03-11,9202.51,9202.51,9202.51,9202.51
2011-03-14,9396.48,9396.48,9396.48,9396.48
2011-03-15,9101.46,9101.46,9101.46,9101.46
2011-03-16,9296.44,9296.44,9296.44,9296.44
2011-03-17,9180.53,9180.53,9180.53,9180.53
2011-03-18,9283.27,9283.27,9283.27,9283.27
2011-03-21,9272.62,9272.62,9272.62,9272.62
2011-03-22,9369.88,9369.88,9369.88,9369.88
2011-03-23,9464.96,9464.96,9464.96,9464.96
2011-03-24,9378.26,9378.26,9378.26,9378.26
2011-03-25,9423.42,9423.42,9423.42,9423.42
2011-03-28,9283.34,9283.34,9283.34,9283.34
2011-03-29,9326.76,9326.76,9326.76,9326.76
2011-03-30,9370.05,9370.05,9370.05,9370.05
2011-03-31,9467.07,9467.07,9467.07,9467.07
2011-04-01,9274.42,9274.42,9274.42,9274.42
2011-04-06,9477.82,9477.82,9477.82,9477.82
2011-04-07,9505.64,9505.64,9505.64,9505.64
2011-04-08,9606.9,9606.9,9606.9,9606.9
2011-04-11,9610.2,9610.2,9610.2,9610.2
2011-04-12,9541.51,9541.51,9541.51,9541.51
2011-04-13,9521.21,9521.21,9521.21,9521.21
2011-04-14,9540.2,9540.2,9540.2,9540.2
2011-04-15,9725.29,9725.29,9725.29,9725.29
2011-04-18,9898.65,9898.65,9898.65,9898.65
2011-04-19,9743.66,9743.66,9743.66,9743.66
2011-04-20,9791.66,9791.66,9791.66,9791.66
2011-04-21,9784.41,9784.41,9784.41,9784.41
2011-04-25,9827.35,9827.35,9827.35,9827.35
2011-04-26,9790.85,9790.85,9790.85,9790.85
2011-04-27,9820.03,9820.03,9820.03,9820.03
2011-04-28,9998.53,9998.53,9998.53,9998.53
2011-04-29,10074,10074,10074,10074
2011-05-03,9969.01,9969.01,9969.01,9969.01
2011-05-04,9870.49,9870.49,9870.49,9870.49
2011-05-05,9818,9818,9818,9818
2011-05-06,9731.75,9731.75,9731.75,9731.75
2011-05-09,9866.19,9866.19,9866.19,9866.19
2011-05-10,9833.61,9833.61,9833.61,9833.61
2011-05-11,9823.29,9823.29,9823.29,9823.29
2011-05-12,9678.65,9678.65,9678.65,9678.65
2011-05-13,9889.86,9889.86,9889.86,9889.86
2011-05-16,9654.91,9654.91,9654.91,9654.91
2011-05-17,9626.55,9626.55,9626.55,9626.55
2011-05-18,9708.79,9708.79,9708.79,9708.79
2011-05-19,9691.23,9691.23,9691.23,9691.23
2011-05-20,9890.68,9890.68,9890.68,9890.68
2011-05-23,9807.33,9807.33,9807.33,9807.33
2011-05-24,9912.37,9912.37,9912.37,9912.37
2011-05-25,9922.65,9922.65,9922.65,9922.65
2011-05-26,9956.87,9956.87,9956.87,9956.87
2011-05-27,9919.29,9919.29,9919.29,9919.29
2011-05-30,9997.9,9997.9,9997.9,9997.9
2011-05-31,9969.54,9969.54,9969.54,9969.54
2011-06-01,10036,10036,10036,10036
2011-06-02,9874.44,9874.44,9874.44,9874.44
2011-06-03,9885.96,9885.96,9885.96,9885.96
2011-06-07,9953.82,9953.82,9953.82,9953.82
2011-06-08,10006,10006,10006,10006
2011-06-09,10025,10025,10025,10025
2011-06-10,10025,10025,10025,10025
2011-06-13,9871.3,9871.3,9871.3,9871.3
2011-06-14,9827.34,9827.34,9827.34,9827.34
2011-06-15,9974.35,9974.35,9974.35,9974.35
2011-06-16,9844.74,9844.74,9844.74,9844.74
2011-06-17,9898.52,9898.52,9898.52,9898.52
2011-06-20,9920.27,9920.27,9920.27,9920.27
2011-06-21,9910.59,9910.59,9910.59,9910.59
2011-06-22,10006,10006,10006,10006
2011-06-23,9882.9,9882.9,9882.9,9882.9
2011-06-24,9812.05,9812.05,9812.05,9812.05
2011-06-27,9609.13,9609.13,9609.13,9609.13
2011-06-28,9654.32,9654.32,9654.32,9654.32
2011-06-29,9691.15,9691.15,9691.15,9691.15
2011-06-30,9692.11,9692.11,9692.11,9692.11
2011-07-01,9554.32,9554.32,9554.32,9554.32
2011-07-04,9650.25,9650.25,9650.25,9650.25
2011-07-05,9766.53,9766.53,9766.53,9766.53
2011-07-06,9921.92,9921.92,9921.92,9921.92
2011-07-07,9817.1,9817.1,9817.1,9817.1
2011-07-08,9980.61,9980.61,9980.61,9980.61
2011-07-11,10090,10090,10090,10090
2011-07-12,9958.32,9958.32,9958.32,9958.32
2011-07-13,10166,10166,10166,10166
2011-07-14,10307,10307,10307,10307
2011-07-15,10212,10212,10212,10212
2011-07-18,10357,10357,10357,10357
2011-07-19,10357,10357,10357,10357
2011-07-20,10299,10299,10299,10299
2011-07-21,10098,10098,10098,10098
2011-07-22,10372,10372,10372,10372
2011-07-25,10421,10421,10421,10421
2011-07-26,10366,10366,10366,10366
2011-07-27,10530,10530,10530,10530
2011-07-28,10375,10375,10375,10375
2011-07-29,10377,10377,10377,10377
2011-08-01,10667,10667,10667,10667
2011-08-02,10548,10548,10548,10548
2011-08-03,10752,10752,10752,10752
2011-08-04,10679,10679,10679,10679
2011-08-05,10550,10550,10550,10550
2011-08-08,11105,11105,11105,11105
2011-08-09,11237,11237,11237,11237
2011-08-10,11813,11813,11813,11813
2011-08-11,11208,11208,11208,11208
2011-08-12,11109,11109,11109,11109
2011-08-15,11087,11087,11087,11087
2011-08-16,11331,11331,11331,11331
2011-08-17,11406,11406,11406,11406
2011-08-18,11799,11799,11799,11799
2011-08-19,11759,11759,11759,11759
2011-08-22,12092,12092,12092,12092
2011-08-23,11987,11987,11987,11987
2011-08-24,11389,11389,11389,11389
2011-08-25,11335,11335,11335,11335
2011-08-26,11363,11363,11363,11363
2011-08-29,11411,11411,11411,11411
2011-08-30,11659,11659,11659,11659
2011-08-31,11672,11672,11672,11672
2011-09-01,11626,11626,11626,11626
2011-09-02,12072,12072,12072,12072
2011-09-05,12164,12164,12164,12164
2011-09-06,12187,12187,12187,12187
2011-09-07,11646,11646,11646,11646
2011-09-08,12060,12060,12060,12060
2011-09-09,11906,11906,11906,11906
2011-09-13,11544,11544,11544,11544
2011-09-14,11742,11742,11742,11742
2011-09-15,11186,11186,11186,11186
2011-09-16,11480,11480,11480,11480
2011-09-19,11427,11427,11427,11427
2011-09-20,11560,11560,11560,11560
2011-09-21,11566,11566,11566,11566
2011-09-22,11261,11261,11261,11261
2011-09-23,10292,10292,10292,10292
2011-09-26,10248,10248,10248,10248
2011-09-27,10526,10526,10526,10526
2011-09-28,10463,10463,10463,10463
2011-09-29,10416,10416,10416,10416
2011-09-30,10468,10468,10468,10468
2011-10-10,10449,10449,10449,10449
2011-10-11,10553,10553,10553,10553
2011-10-12,10627,10627,10627,10627
2011-10-13,10567,10567,10567,10567
2011-10-14,10660,10660,10660,10660
2011-10-17,10904,10904,10904,10904
2011-10-18,10515,10515,10515,10515
2011-10-19,10586,10586,10586,10586
2011-10-20,10474,10474,10474,10474
2011-10-21,10379,10379,10379,10379
2011-10-24,10436,10436,10436,10436
2011-10-25,10788,10788,10788,10788
2011-10-26,11057,11057,11057,11057
2011-10-27,10825,10825,10825,10825
2011-10-28,11122,11122,11122,11122
2011-10-31,11086,11086,11086,11086
2011-11-01,10837,10837,10837,10837
2011-11-02,10952,10952,10952,10952
2011-11-03,11052,11052,11052,11052
2011-11-04,11225,11225,11225,11225
2011-11-07,11307,11307,11307,11307
2011-11-08,11410,11410,11410,11410
2011-11-09,11430,11430,11430,11430
2011-11-10,11147,11147,11147,11147
2011-11-11,11135,11135,11135,11135
2011-11-14,11380,11380,11380,11380
2011-11-15,11340,11340,11340,11340
2011-11-16,11235,11235,11235,11235
2011-11-17,10935,10935,10935,10935
2011-11-18,10933,10933,10933,10933
2011-11-21,10653,10653,10653,10653
2011-11-22,10835,10835,10835,10835
2011-11-23,10867,10867,10867,10867
2011-11-24,10799,10799,10799,10799
2011-11-25,10791,10791,10791,10791
2011-11-28,10998,10998,10998,10998
2011-11-29,11057,11057,11057,11057
2011-11-30,10862,10862,10862,10862
2011-12-01,11021,11021,11021,11021
2011-12-02,11209,11209,11209,11209
2011-12-05,10926,10926,10926,10926
2011-12-06,10988,10988,10988,10988
2011-12-07,10997,10997,10997,10997
2011-12-08,11006,11006,11006,11006
2011-12-09,10924,10924,10924,10924
2011-12-12,10655,10655,10655,10655
2011-12-13,10650,10650,10650,10650
2011-12-14,10094,10094,10094,10094
2011-12-15,9966.48,9966.48,9966.48,9966.48
2011-12-16,10161,10161,10161,10161
2011-12-19,10109,10109,10109,10109
2011-12-20,10220,10220,10220,10220
2011-12-21,10260,10260,10260,10260
2011-12-22,10178,10178,10178,10178
2011-12-23,10184,10184,10184,10184
2011-12-27,10004,10004,10004,10004
2011-12-28,9996.43,9996.43,9996.43,9996.43
2011-12-29,9634.19,9634.19,9634.19,9634.19
2011-12-30,9956,9956,9956,9956
2012-01-04,10277,10277,10277,10277
2012-01-05,10191,10191,10191,10191
2012-01-06,10268,10268,10268,10268
2012-01-09,10211,10211,10211,10211
2012-01-10,10273,10273,10273,10273
2012-01-11,10416,10416,10416,10416
2012-01-12,10292,10292,10292,10292
2012-01-13,10412,10412,10412,10412
2012-01-16,10388,10388,10388,10388
2012-01-17,10477,10477,10477,10477
2012-01-18,10449,10449,10449,10449
2012-01-19,10348,10348,10348,10348
2012-01-20,10472,10472,10472,10472
2012-01-30,10938,10938,10938,10938
2012-01-31,11034,11034,11034,11034
2012-02-01,10934,10934,10934,10934
2012-02-02,11054,11054,11054,11054
2012-02-03,10934,10934,10934,10934
2012-02-06,10767,10767,10767,10767
2012-02-07,10880,10880,10880,10880
2012-02-08,10918,10918,10918,10918
2012-02-09,10933,10933,10933,10933
2012-02-10,10932,10932,10932,10932
2012-02-13,10863,10863,10863,10863
2012-02-14,10863,10863,10863,10863
2012-02-15,11016,11016,11016,11016
2012-02-16,10698,10698,10698,10698
2012-02-17,10850,10850,10850,10850
2012-02-20,10930,10930,10930,10930
2012-02-21,11004,11004,11004,11004
2012-02-22,11085,11085,11085,11085
2012-02-23,11232,11232,11232,11232
2012-02-24,11112,11112,11112,11112
2012-02-27,11141,11141,11141,11141
2012-02-28,11178,11178,11178,11178
2012-02-29,10894,10894,10894,10894
2012-03-01,10792,10792,10792,10792
2012-03-02,10808,10808,10808,10808
2012-03-05,10682,10682,10682,10682
2012-03-06,10575,10575,10575,10575
2012-03-07,10621,10621,10621,10621
2012-03-08,10634,10634,10634,10634
2012-03-09,10835,10835,10835,10835
2012-03-12,10738,10738,10738,10738
2012-03-13,10762,10762,10762,10762
2012-03-14,10474,10474,10474,10474
2012-03-15,10428,10428,10428,10428
2012-03-16,10368,10368,10368,10368
2012-03-19,10442,10442,10442,10442
2012-03-20,10370,10370,10370,10370
2012-03-21,10483,10483,10483,10483
2012-03-22,10337,10337,10337,10337
2012-03-23,10453,10453,10453,10453
2012-03-26,10496,10496,10496,10496
2012-03-27,10684,10684,10684,10684
2012-03-28,10567,10567,10567,10567
2012-03-29,10430,10430,10430,10430
2012-03-30,10476,10476,10476,10476
2012-04-05,10237,10237,10237,10237
2012-04-10,10537,10537,10537,10537
2012-04-11,10485,10485,10485,10485
2012-04-12,10474,10474,10474,10474
2012-04-13,10569,10569,10569,10569
2012-04-16,10373,10373,10373,10373
2012-04-17,10385,10385,10385,10385
2012-04-18,10327,10327,10327,10327
2012-04-19,10370,10370,10370,10370
2012-04-20,10346,10346,10346,10346
2012-04-23,10344,10344,10344,10344
2012-04-24,10350,10350,10350,10350
2012-04-25,10295,10295,10295,10295
2012-04-26,10416,10416,10416,10416
2012-04-27,10428,10428,10428,10428
2012-05-02,10394,10394,10394,10394
2012-05-03,10336,10336,10336,10336
2012-05-04,10391,10391,10391,10391
2012-05-07,10289,10289,10289,10289
2012-05-08,10142,10142,10142,10142
2012-05-09,10112,10112,10112,10112
2012-05-10,9985.98,9985.98,9985.98,9985.98
2012-05-11,10018,10018,10018,10018
2012-05-14,9925.72,9925.72,9925.72,9925.72
2012-05-15,10013,10013,10013,10013
2012-05-16,9676.25,9676.25,9676.25,9676.25
2012-05-17,9961.76,9961.76,9961.76,9961.76
2012-05-18,10004,10004,10004,10004
2012-05-21,10066,10066,10066,10066
2012-05-22,10068,10068,10068,10068
2012-05-23,9882.65,9882.65,9882.65,9882.65
2012-05-24,9953.12,9953.12,9953.12,9953.12
2012-05-25,10020,10020,10020,10020
2012-05-28,10035,10035,10035,10035
2012-05-29,9937.17,9937.17,9937.17,9937.17
2012-05-30,10013,10013,10013,10013
2012-05-31,9992,9992,9992,9992
2012-06-01,10225,10225,10225,10225
2012-06-04,10180,10180,10180,10180
2012-06-05,10262,10262,10262,10262
2012-06-06,10250,10250,10250,10250
2012-06-07,9978,9978,9978,9978
2012-06-08,10116,10116,10116,10116
2012-06-11,10336,10336,10336,10336
2012-06-12,10342,10342,10342,10342
2012-06-13,10180,10180,10180,10180
2012-06-14,10259,10259,10259,10259
2012-06-15,10268,10268,10268,10268
2012-06-18,10462,10462,10462,10462
2012-06-19,10139,10139,10139,10139
2012-06-20,10149,10149,10149,10149
2012-06-21,10073,10073,10073,10073
2012-06-25,10060,10060,10060,10060
2012-06-26,9989,9989,9989,9989
2012-06-27,10045,10045,10045,10045
2012-06-28,10017,10029,9974,9974
2012-06-29,9879,9979,9879,9970
2012-07-02,10101,10119,10089,10114
2012-07-03,10134,10233,10133,10212
2012-07-04,10272,10276,10227,10241
2012-07-05,10268,10284,10249,10273
2012-07-06,10209,10232,10183,10202
2012-07-09,10067,10093,10060,10074
2012-07-10,10104,10114,10075,10082
2012-07-11,10024,10074,10010,10048
2012-07-12,10004,10022,9967,9979
2012-07-13,10015,10063,9996,10060
2012-07-16,10097,10142,10097,10118
2012-07-17,10163,10169,10136,10149
2012-07-18,10087,10092,10049,10075
2012-07-19,10041,10092,10039,10061
2012-07-20,10082,10106,10066,10101
2012-07-23,10086,10092,10036,10046
2012-07-24,10082,10084,10036,10046
2012-07-25,10118,10161,10101,10133
2012-07-26,10247,10265,10234,10254
2012-07-27,10291,10332,10287,10328
2012-07-30,10338,10351,10316,10334
2012-07-31,10368,10368,10321,10328
2012-08-01,10261,10310,10260,10295
2012-08-02,10216,10224,10192,10201
2012-08-03,10138,10156,10125,10155
2012-08-06,10227,10244,10214,10226
2012-08-07,10262,10285,10247,10278
2012-08-08,10255,10261,10225,10230
2012-08-09,10271,10276,10248,10259
2012-08-10,10275,10276,10214,10232
2012-08-13,10307,10331,10303,10308
2012-08-14,10262,10277,10246,10271
2012-08-15,10184,10198,10121,10134
2012-08-16,10221,10225,10193,10195
2012-08-17,10282,10299,10272,10278
2012-08-20,10280,10305,10278,10294
2012-08-21,10305,10338,10302,10335
2012-08-22,10413,10422,10403,10413
2012-08-23,10539,10583,10530,10560
2012-08-24,10592,10596,10563,10580
2012-08-27,10654,10660,10623,10631
2012-08-28,10554,10568,10535,10562
2012-08-29,10584,10603,10559,10567
2012-08-30,10521,10542,10517,10537
2012-08-31,10508,10535,10493,10533
2012-09-03,10721,10733,10694,10708
2012-09-04,10739,10757,10734,10744
2012-09-05,10747,10758,10733,10738
2012-09-06,10773,10841,10760,10841
2012-09-07,10748,10753,10711,10744
2012-09-10,11011,11016,10984,10986
2012-09-11,10984,10984,10947,10961
2012-09-12,10977,10999,10972,10997
2012-09-13,10950,10967,10938,10949
2012-09-14,11203,11235,11178,11206
2012-09-17,11207,11228,11168,11178
2012-09-18,11101,11114,11084,11095
2012-09-19,11164,11229,11155,11206
2012-09-20,11153,11156,11079,11089
2012-09-21,11171,11189,11161,11171
2012-09-24,11081,11118,11074,11108
2012-09-25,11135,11159,11105,11153
2012-09-26,11113,11128,11105,11110
2012-09-27,11074,11094,11053,11081
2012-09-28,11212,11215,11184,11184
2012-10-08,11124,11140,11102,11122
2012-10-09,11187,11189,11128,11139
2012-10-11,11048,11103,11048,11097
2012-10-12,11088,11097,11075,11089
2012-10-15,10919,10955,10914,10943
2012-10-16,10888,10913,10877,10903
2012-10-17,10959,10966,10941,10944
2012-10-18,10956,10959,10912,10915
2012-10-19,10872,10872,10837,10848
2012-10-22,10775,10802,10768,10778
2012-10-23,10791,10799,10727,10732
2012-10-24,10705,10707,10663,10677
2012-10-25,10653,10710,10646,10706
2012-10-29,10698,10714,10679,10680
2012-10-30,10672,10691,10664,10678
2012-10-31,10679,10701,10672,10696
2012-11-01,10721,10757,10721,10750
2012-11-02,10698,10698,10648,10668
2012-11-05,10492,10495,10479,10487
2012-11-06,10522,10532,10511,10522
2012-11-07,10680,10797,10679,10778
2012-11-08,10729,10734,10707,10725
2012-11-09,10817,10840,10804,10818
2012-11-12,10798,10811,10790,10801
2012-11-13,10722,10751,10721,10731
2012-11-14,10752,10763,10742,10750
2012-11-15,10745,10751,10726,10736
2012-11-16,10687,10693,10668,10687
2012-11-19,10732,10749,10729,10739
2012-11-20,10797,10806,10788,10794
2012-11-21,10764,10766,10722,10740
2012-11-22,10782,10788,10770,10771
2012-11-23,10772,10788,10764,10779
2012-11-26,10881,10905,10875,10892
2012-11-27,10885,10892,10881,10886
2012-11-28,10839,10844,10814,10828
2012-11-29,10707,10718,10684,10713
2012-11-30,10733,10773,10711,10726
2012-12-03,10706,10712,10696,10703
2012-12-04,10674,10675,10572,10619
2012-12-05,10572,10621,10569,10574
2012-12-06,10522,10535,10474,10506
2012-12-07,10569,10579,10534,10534
2012-12-10,10588,10627,10581,10619
2012-12-11,10625,10643,10604,10641
2012-12-12,10636,10682,10633,10672
2012-12-13,10626,10633,10546,10562
2012-12-14,10539,10579,10535,10560
2012-12-17,10538,10542,10481,10499
2012-12-18,10537,10574,10535,10560
2012-12-19,10399,10404,10370,10395
2012-12-20,10355,10383,10337,10365
2012-12-21,10239,10271,10176,10266
2012-12-24,10306,10365,10282,10348
2012-12-26,10310,10337,10304,10330
2012-12-27,10318,10338,10296,10326
2012-12-28,10355,10374,10323,10331
2012-12-31,10320,10379,10314,10367
2013-01-04,10293,10297,10162,10172
2013-01-07,10294,10329,10264,10268
2013-01-08,10247,10258,10221,10257
2013-01-09,10296,10331,10282,10308
2013-01-10,10267,10295,10256,10291
2013-01-11,10348,10355,10315,10319
2013-01-14,10270,10330,10262,10318
2013-01-15,10315,10422,10305,10404
2013-01-16,10420,10437,10384,10390
2013-01-17,10389,10413,10374,10399
2013-01-18,10431,10480,10429,10461
2013-01-21,10444,10473,10443,10455
2013-01-22,10468,10498,10467,10491
2013-01-23,10494,10507,10486,10499
2013-01-24,10439,10452,10408,10411
2013-01-25,10337,10390,10320,10364
2013-01-28,10320,10346,10311,10317
2013-01-29,10325,10358,10323,10339
2013-01-30,10346,10374,10335,10349
2013-01-31,10420,10443,10401,10402
2013-02-01,10320,10346,10305,10343
2013-02-04,10346,10397,10340,10346
2013-02-05,10406,10430,10390,10427
2013-02-06,10403,10403,10375,10387
2013-02-07,10438,10457,10421,10425
2013-02-08,10389,10417,10377,10396
2013-02-18,10046,10079,10035,10047
2013-02-19,10050,10075,10044,10064
2013-02-20,10015,10036,9997.34,9997.34
2013-02-21,9801.42,9803.45,9702.29,9796.1
2013-02-22,9848.42,9896.87,9840.99,9850.84
2013-02-25,9828.89,9920.5,9821.33,9912.65
2013-02-26,9945.3,9977.87,9888.6,9955.36
2013-02-27,10045,10049,10006,10015
2013-02-28,9930.84,9970.69,9877.27,9883.6
2013-03-01,9826.07,9849.86,9725.59,9751.55
2013-03-04,9830,9860,9787,9820
2013-03-05,9806.84,9842.98,9800.98,9832.78
2013-03-06,9801.55,9810.33,9773.77,9779.99
2013-03-07,9824.15,9843.27,9805.02,9811.47
2013-03-08,9792.68,9814.19,9776.82,9796.85
2013-03-11,9787,9823,9784,9798
2013-03-12,9809.31,9832.69,9801.59,9827.39
2013-03-13,9883.49,9897.38,9867.8,9880.23
2013-03-14,9864.9,9871.37,9830.9,9862.67
2013-03-15,9871.53,9896.33,9863.7,9883.64
2013-03-18,9935.79,9972.02,9882.15,9954.09
2013-03-19,9963.1,9976.12,9942.65,9953.44
2013-03-20,10014,10022,9991.65,9998.25
2013-03-21,9958.2,9987.13,9954.37,9981.61
2013-03-22,10021,10024,9999.79,10005
2013-03-25,9954.84,10008,9936.52,9941.04
2013-03-26,9953.31,9956.45,9904.87,9908.02
2013-03-27,9926.94,9930.49,9883.02,9901.79
2013-03-28,9965.77,9981.58,9952.91,9961.91
2013-04-01,9894.86,9933.22,9893.47,9918.6
2013-04-02,9927.8,9941.44,9893.52,9894.88
2013-04-03,9759.19,9769.67,9686.47,9712.91
2013-04-08,9783.55,9803.09,9766.79,9774.46
2013-04-09,9735.81,9767.63,9729.6,9737.63
2013-04-10,9810.32,9829.62,9771.7,9777.87
2013-04-11,9622.81,9662.45,9608.1,9641.03
2013-04-12,9656.76,9673.38,9558.82,9565.63
2013-04-15,9229.5,9247.44,8570.21,8573.61
2013-04-16,8386.23,8606.06,8181.57,8601.04
2013-04-17,8454.97,8562.33,8437.53,8552.66
2013-04-18,8488.57,8635.65,8274.22,8616.21
2013-04-19,8598.32,8796.41,8555.76,8733.54
2013-04-22,8691.07,8820.47,8668.34,8809.83
2013-04-23,8793.1,8844.69,8711.78,8735.28
2013-04-24,8741.92,8826.42,8739.26,8769.92
2013-04-25,8816.98,8927.46,8805.47,8921.72
2013-04-26,9084.8,9151.01,8997.16,9013.4
2013-05-02,8985.86,8996.1,8921.38,8961.97
2013-05-03,9037.72,9102.67,9033.43,9097.32
2013-05-06,9047.63,9131.64,9042.08,9109.03
2013-05-07,9062.58,9080.67,8979.96,9001.03
2013-05-08,8925.18,8964.91,8901.07,8908.5
2013-05-09,9034.79,9051.59,9011.31,9028.08
2013-05-10,8939.84,8983.04,8882.71,8909.1
2013-05-13,8839.71,8858.52,8766.99,8769.92
2013-05-14,8813.98,8873.25,8775.21,8790.8
2013-05-15,8786.51,8786.75,8652.06,8692.54
2013-05-16,8579.34,8587.72,8422.8,8448.53
2013-05-17,8526.01,8559.38,8435.42,8485.94
2013-05-20,8278.58,8315.91,8232.79,8286.59
2013-05-21,8517.61,8584.2,8449.57,8479.35
2013-05-22,8444.78,8519.45,8431.85,8487
2013-05-23,8364.22,8538.82,8323.64,8506.37
2013-05-24,8509.23,8565.85,8476.27,8496.37
2013-05-27,8487.32,8532.33,8476.94,8523.83
2013-05-28,8535.62,8538.07,8430.62,8453.24
2013-05-29,8455.01,8514.09,8454.21,8493.04
2013-05-30,8534.74,8654.72,8512.2,8625.57
2013-05-31,8680.26,8728.85,8669.14,8675.1
2013-06-03,8574.64,8600.63,8536.45,8572.78
2013-06-04,8648.32,8668.93,8576.95,8578.06
2013-06-05,8573.36,8629.32,8552.18,8566.18
2013-06-06,8581.86,8618.86,8530.87,8583
2013-06-07,8651.76,8690.31,8648.07,8664.35
2013-06-13,8505.87,8573.14,8505.6,8505.6
2013-06-14,8505.96,8515.9,8457.93,8458.54
2013-06-17,8526.08,8530.91,8485.73,8486.96
2013-06-18,8491.49,8500.06,8445.29,8451.18
2013-06-19,8401.87,8409.99,8369.2,8378.18
2013-06-20,8251.02,8262.77,7897.72,7932.56
2013-06-21,7821.36,7986.09,7784.56,7940.46
2013-06-24,7971.94,7977.89,7853.29,7886.29
2013-06-25,7883.67,7918.04,7826.56,7891.18
2013-06-26,7825.25,7841.72,7520.14,7541.7
2013-06-27,7560.44,7651.31,7540.77,7557.55
2013-06-28,7405.01,7441.97,7256.48,7387.5
2013-07-01,7599.37,7651.44,7521.14,7618.96
2013-07-02,7678.41,7766.81,7673.68,7731.64
2013-07-03,7630.48,7671.19,7585.42,7630.84
2013-07-04,7691.55,7705.09,7641.44,7654.31
2013-07-05,7650.24,7655.03,7560.65,7574.75
2013-07-08,7487.79,7539.18,7461.66,7530.84
2013-07-09,7570.6,7732.06,7569.87,7666.76
2013-07-10,7657.78,7711.59,7637.41,7692.73
2013-07-11,7872.09,7967.29,7844.96,7878.79
2013-07-12,7887.43,7905.5,7822.11,7845.92
2013-07-15,7919.89,7950.44,7856.24,7874.54
2013-07-16,7876.92,7901.93,7847.58,7895.75
2013-07-17,7918.52,7934.5,7879.86,7891.52
2013-07-18,7845.33,7874.9,7828.82,7868.43
2013-07-19,7890.12,7947.23,7877.06,7896.23
2013-07-22,8055.49,8117.05,8040.75,8074.29
2013-07-23,8184.96,8212.7,8139.48,8153.52
2013-07-24,8240.95,8261.34,8210.85,8217.97
2013-07-25,8100.88,8127.88,8032.89,8048.02
2013-07-26,8191.72,8222.96,8144.6,8149.18
2013-07-29,8160.83,8174.32,8115.82,8173.39
2013-07-30,8136.25,8163.39,8087.35,8110.71
2013-07-31,8143.14,8212.03,8123.51,8175.21
2013-08-01,8134.87,8161.68,8066.04,8122.83
2013-08-02,8021.89,8028.04,7869.63,7892.89
2013-08-05,8044.63,8089.56,8022.46,8025.39
2013-08-06,7978.14,7999.65,7886.04,7925.74
2013-08-07,7846.91,7862.5,7789.03,7818.76
2013-08-08,7855.3,7931.21,7852.49,7888.67
2013-08-09,8029.14,8051.3,7985.04,8014.94
2013-08-12,8136.92,8159.56,8106.06,8123.67
2013-08-13,8147.8,8208.67,8143.27,8145.48
2013-08-14,8080.95,8118.73,8054.86,8097.74
2013-08-15,8208.5,8221.56,8170.69,8177.27
2013-08-16,8326.83,8380.99,8293.72,8325.24
2013-08-19,8414.51,8460.41,8390.06,8417.82
2013-08-20,8362.68,8378.16,8272.85,8349.81
2013-08-21,8372.03,8402.88,8317.16,8340.29
2013-08-22,8311.11,8402.02,8299.1,8362.46
2013-08-23,8415.68,8431.49,8390.23,8406.95
2013-08-26,8525.15,8561.63,8503.86,8532.38
2013-08-27,8575.91,8638.24,8535.46,8631.16
2013-08-28,8680.4,8772.49,8642.2,8720.5
2013-08-29,8673.39,8675.28,8592.87,8622.18
2013-08-30,8593.34,8631.99,8517.77,8528.5
2013-09-02,8448.82,8547.05,8438.97,8517.12
2013-09-03,8520.74,8554.72,8465.28,8531.37
2013-09-04,8629.76,8654.14,8574.65,8589.67
2013-09-05,8520.89,8526.12,8444.69,8519.32
2013-09-06,8369.85,8400.39,8357.9,8368.58
2013-09-09,8490.51,8508.1,8468.04,8476.59
2013-09-10,8471.87,8473.07,8375.23,8380.05
2013-09-11,8349.35,8362.95,8290.26,8340.01
2013-09-12,8337.21,8341.48,8178.15,8200.26
2013-09-13,8110.48,8129.71,7975.65,8014.29
2013-09-16,8127.51,8143.35,8026.96,8040.83
2013-09-17,8030.45,8087.48,7992.28,8048.52
2013-09-18,7975.06,7993.63,7894.5,7956.1
2013-09-23,8124.27,8138.07,8025.45,8056.44
2013-09-24,8111.98,8127.53,8031.68,8064.55
2013-09-25,8109.22,8134.15,8070.94,8092.72
2013-09-26,8147.06,8190.89,8129.85,8154.49
2013-09-27,8101.26,8124.22,8079.5,8100.94
2013-09-30,8198.78,8216.76,8170.58,8177.38
2013-10-08,8081.41,8113.6,8059.03,8076.66
2013-10-09,8065.95,8076.69,7994.58,8013.74
2013-10-10,7964.25,8000.21,7925.39,7940.27
2013-10-11,7857.63,7905.69,7843.42,7855.44
2013-10-14,7774.8,7801.92,7749.16,7792.7
2013-10-15,7752.67,7781.51,7645.92,7660.83
2013-10-16,7774.31,7847.39,7768.86,7811.13
2013-10-17,7812.28,8048.78,7769.62,7957.61
2013-10-18,8017.11,8076.8,8003.69,8046.98
2013-10-21,8021.21,8063.13,8001.35,8009.02
2013-10-22,8003.1,8021.8,7975.28,7993.7
2013-10-23,8149.45,8163.36,8091.09,8098.17
2013-10-24,8106.12,8157.95,8105.88,8128.91
2013-10-25,8179.21,8181.2,8143.77,8156.76
2013-10-28,8194.3,8226.4,8181.65,8210.77
2013-10-29,8215.86,8268.32,8150.3,8177.78
2013-10-30,8166.07,8209.78,8147,8199.71
2013-10-31,8155.47,8157.35,8100.41,8125.52
2013-11-01,8071.22,8082.16,8019.9,8020.45
2013-11-04,7999.48,8012.47,7981.46,7996.37
2013-11-05,8004,8022.29,7967.54,7985.99
2013-11-06,7981.34,8033.58,7968.62,8019.91
2013-11-07,8018.06,8030.31,7998.71,8008.11
2013-11-08,7965.21,7981.42,7945.95,7972.46
2013-11-11,7820.74,7828.99,7776.7,7800.96
2013-11-12,7788.71,7805.47,7759.24,7780.67
2013-11-13,7700.2,7765.07,7698.19,7744.75
2013-11-14,7813.11,7826.18,7781,7801.39
2013-11-15,7815.88,7847.67,7788.91,7791.52
2013-11-18,7822.14,7823.93,7786.64,7795.93
2013-11-19,7736.57,7744.59,7711.51,7735.19
2013-11-20,7728.52,7743.73,7706.31,7715.22
2013-11-21,7567.2,7586.88,7546.24,7580.32
2013-11-22,7546.5,7571.2,7540.96,7556.07
2013-11-25,7537.7,7556.73,7461.36,7483.12
2013-11-26,7610.18,7629.72,7599.67,7610.61
2013-11-27,7565.2,7632.13,7550.8,7627.21
2013-11-28,7536.72,7577.15,7522.19,7559.14
2013-11-29,7568.31,7609.66,7551.41,7593.18
2013-12-02,7594.46,7601.27,7530.63,7535.14
2013-12-03,7441.54,7460.83,7424.01,7444.94
2013-12-04,7442.5,7443.89,7376.66,7386.4
2013-12-05,7528.7,7548.9,7480.44,7498.98
2013-12-06,7456.01,7494.72,7443.39,7475.37
2013-12-09,7452.66,7474.76,7435.43,7455.64
2013-12-10,7509.59,7566.44,7505.04,7536
2013-12-11,7641.55,7651.33,7615.8,7621.23
2013-12-12,7625.89,7634.36,7533.41,7539.19
2013-12-13,7455.75,7471.4,7428.99,7441.26
2013-12-16,7505.39,7511.79,7455.5,7461.45
2013-12-17,7542.36,7573.76,7508.52,7510.89
2013-12-18,7489.72,7512.69,7459.8,7485.15
2013-12-19,7438.53,7450.08,7290.52,7309.46
2013-12-20,7248.58,7276.14,7237.16,7269.1
2013-12-23,7303.69,7320.43,7266.17,7270.35
2013-12-24,7278.34,7298.37,7263.6,7289.07
2013-12-26,7298.17,7330.03,7297.26,7325.48
2013-12-27,7351.78,7382.34,7344.46,7355.19
2013-12-30,7368.13,7371.83,7299.93,7308.24
2013-12-31,7263.07,7286.51,7235.53,7282.03
2014-01-02,7292.06,7426,7288.62,7387.99
2014-01-03,7415,7490.7,7414.82,7448.48
2014-01-06,7462.92,7536.85,7462.92,7489.66
2014-01-07,7484.6,7524.56,7469.49,7482.26
2014-01-08,7421.01,7431.14,7373.46,7405.82
2014-01-09,7400.86,7418.02,7394.4,7404.94
2014-01-10,7414.88,7472.94,7414.04,7442.02
2014-01-13,7533.13,7566.3,7505.87,7511.78
2014-01-14,7555.26,7558.42,7510.07,7512.74
2014-01-15,7485.55,7486.38,7438.13,7445.77
2014-01-16,7474.31,7493.82,7446.65,7458.63
2014-01-17,7487.65,7496.15,7465.33,7475.89
2014-01-20,7576.1,7580.59,7547.51,7556.63
2014-01-21,7547.37,7554.8,7512.53,7520.52
2014-01-22,7496.18,7499.31,7462.98,7467.42
2014-01-23,7434.74,7529.16,7427.36,7522.37
2014-01-24,7614.51,7620.09,7583.92,7601.87
2014-01-27,7702.15,7702.39,7646.58,7674.47
2014-01-28,7590.05,7607.85,7557.78,7564.76
2014-01-29,7551.76,7574.5,7540.89,7564.63
2014-01-30,7643.23,7645.39,7566.92,7574.66
2014-01-31,7509.19,7512.15,7474.06,7499.5
2014-02-03,7509.46,7524.21,7486.24,7509.24
2014-02-04,7586.3,7604.44,7557.33,7559.68
2014-02-05,7553.78,7583.19,7553.3,7579.2
2014-02-06,7582.44,7595.15,7563.59,7586.93
2014-02-07,7572.13,7623.67,7572.01,7599.21
2014-02-10,7629.31,7701.05,7625.59,7685.39
2014-02-11,7694.26,7772.66,7693.53,7748.76
2014-02-12,7759.55,7780.7,7754.72,7775.75
2014-02-13,7804.63,7809.52,7771.7,7786.29
2014-02-14,7863.38,7909.45,7857.6,7895.62
2014-02-17,7979.12,8027.59,7969.87,7992.87
2014-02-18,8013.96,8019.77,7947.24,7961.58
2014-02-19,7972.17,7989.61,7943.06,7973.49
2014-02-20,7947.82,7977.69,7926.51,7970
2014-02-21,8007.72,8046.44,8004.24,8042.68
2014-02-24,8080.76,8138.07,8047.93,8135.81
2014-02-25,8142.16,8190.87,8134.81,8180.46
2014-02-26,8202.94,8239.19,8194.02,8194.7
2014-02-27,8145.66,8145.66,8084.2,8122.42
2014-02-28,8119.82,8166.26,8110.88,8121.53
2014-03-03,8220.08,8262.86,8205.82,8220.32
2014-03-04,8263.08,8287.9,8191.5,8203.89
2014-03-05,8184.94,8206.53,8168.27,8172.15
2014-03-06,8188.14,8192.35,8128.94,8153.26
2014-03-07,8220.38,8244.98,8214.09,8227.98
2014-03-10,8178.21,8191.51,8123.01,8183.58
2014-03-11,8218.09,8271.1,8208.6,8269.64
2014-03-12,8270.27,8376.57,8264.56,8328.87
2014-03-13,8386.54,8437.7,8376.78,8421.75
2014-03-14,8446.91,8454.09,8415.46,8431.13
2014-03-17,8554.58,8554.77,8491.26,8500.39
2014-03-18,8425.2,8430.43,8372.47,8428.13
2014-03-19,8388.48,8410.84,8325.97,8329.01
2014-03-20,8227.94,8278.06,8224.52,8236.91
2014-03-21,8260.52,8315.76,8250.53,8292.53
2014-03-24,8256.16,8269.88,8178.09,8192.89
2014-03-25,8109.51,8149.95,8096,8144.79
2014-03-26,8115.52,8156.14,8113.23,8152.24
2014-03-27,8100.5,8108.43,8019.53,8039.38
2014-03-28,8033.54,8055.95,8022.93,8049.55
2014-03-31,8039.79,8063.37,8018.97,8049.48
2014-04-01,7978.6,7990.38,7941.42,7983.21
2014-04-02,7951.12,7964.75,7940.76,7964.5
2014-04-03,8005.57,8035.11,7984.22,7988.92
2014-04-04,7983.15,8038.66,7981.91,8031.66
2014-04-08,8064.75,8144.15,8054.49,8127.18
2014-04-09,8106.55,8140.25,8096.01,8123.02
2014-04-10,8120.38,8215.3,8120.38,8209.42
2014-04-11,8182.48,8211.97,8162.91,8194.43
2014-04-14,8235.83,8263.35,8227.84,8240.15
2014-04-15,8249.02,8257.94,8142.9,8144.29
2014-04-16,8110.11,8123.34,8051.91,8095.96
2014-04-17,8117.1,8118.22,8065.84,8078.05
2014-04-21,8039.99,8098.7,7981.35,8022.61
2014-04-22,8036.39,8060.98,8009.98,8055.24
2014-04-23,8011.62,8028.65,8000.65,8023.23
2014-04-24,8010.95,8036.46,8003.28,8018.68
2014-04-25,8074.39,8114.77,8072.08,8106.48
2014-04-28,8160.67,8174.16,8131.09,8139.91
2014-04-29,8104.43,8108.33,8049.26,8076.4
2014-04-30,8114.32,8118.85,8079.17,8085.89
2014-05-05,8135.99,8211.95,8130.33,8207.29
2014-05-06,8183.66,8195.14,8133.12,8136.24
2014-05-07,8136.44,8193.74,8133.39,8177.57
2014-05-08,8043.12,8061.13,8024.64,8040.45
2014-05-09,8040.14,8053.9,8022.92,8034.11
2014-05-12,7999.9,8078.85,7993.34,8076.66
2014-05-13,8086.68,8105.9,8047.88,8065.76
2014-05-14,8082.59,8108.96,8057.11,8097.05
2014-05-15,8127.36,8138.11,8102.14,8125.55
2014-05-16,8082.93,8090.2,8054.16,8071.9
2014-05-19,8056.23,8119.91,8052.05,8115.46
2014-05-20,8066.64,8077.11,8038.63,8064.03
2014-05-21,8075.9,8083,8051.81,8060.8
2014-05-22,8052.84,8079.06,8045.14,8068.94
2014-05-23,8064.64,8078.98,8053.09,8058.03
2014-05-26,8049.47,8070.15,8049.41,8065.1
2014-05-27,8059.57,8069.1,8008.04,8019.53
2014-05-28,7900.06,7931.26,7888.81,7922.52
2014-05-29,7878.62,7893.85,7821.94,7831.67
2014-05-30,7852.55,7872.47,7829.06,7840.99
2014-06-03,7785.91,7802.86,7763.95,7791.55
2014-06-04,7784.99,7799.79,7774.49,7791.17
2014-06-05,7781.78,7790.32,7768.65,7786.64
2014-06-06,7836.33,7854.51,7829.06,7831
2014-06-09,7826.54,7829.54,7804.47,7820.6
2014-06-10,7794.9,7816.66,7791.16,7795.2
2014-06-11,7830.99,7875.18,7829.03,7859.34
2014-06-12,7851.48,7856.64,7837.79,7853.59
2014-06-13,7908.15,7925.43,7887.34,7902
2014-06-16,7944.64,7985.38,7942.63,7964.67
2014-06-17,7909.58,7925.26,7869.24,7883.53
2014-06-18,7918.95,7925.96,7893.35,7913.76
2014-06-19,7959.38,7990.06,7945.23,7985.75
2014-06-20,8192.35,8203.71,8135.51,8163.07
2014-06-23,8178.87,8200,8157.37,8170.13
2014-06-24,8178.38,8254.68,8178.38,8249.95
2014-06-25,8215.74,8223.37,8159.83,8184.62
2014-06-26,8214.18,8222.56,8145.42,8154.29
2014-06-27,8194.09,8220,8162.31,8167.85
2014-06-30,8173.18,8181.19,8144.57,8150.23
2014-07-01,8223.42,8269.96,8216.06,8230.17
2014-07-02,8228.24,8246.01,8220.52,8241.44
2014-07-03,8239.3,8248.11,8203.01,8219.32
2014-07-04,8196.72,8209.98,8186.95,8202.25
2014-07-07,8176.23,8183.68,8137.83,8145.36
2014-07-08,8172.73,8188.64,8169.42,8181.23
2014-07-09,8176.55,8218.58,8171.75,8202.18
2014-07-10,8222.81,8339.6,8222.81,8319.99
2014-07-11,8287.28,8311.39,8283.87,8296.07
2014-07-14,8305.71,8305.83,8175.41,8200.96
2014-07-15,8127.7,8161.29,8107.82,8150.12
2014-07-16,8047.99,8068.77,8044.62,8059.11
2014-07-17,8066.22,8113.93,8065.6,8072.77
2014-07-18,8191.19,8192.9,8119.8,8125.21
2014-07-21,8133.94,8160.86,8111.69,8156.65
2014-07-22,8133.42,8148.56,8095.94,8108.17
2014-07-23,8111.96,8118.02,8090.37,8103.34
2014-07-24,8075.87,8080.16,8013.61,8050.79
2014-07-25,8005.59,8017.7,7992.9,8011.47
2014-07-28,8078.94,8096.9,8049.43,8065.13
2014-07-29,8064.19,8106.42,8057.37,8084.83
2014-07-30,8035.88,8036.99,8008.49,8014.74
2014-07-31,7998.52,8011.94,7975.4,8001.68
2014-08-01,7932.92,7943.39,7920.9,7937.3
2014-08-04,7987.53,8002.03,7973.99,7989.57
2014-08-05,7955.28,7979.54,7948.55,7969.26
2014-08-06,7947.69,7969.17,7942.54,7944.98
2014-08-07,8049.91,8063.17,8027.88,8037.49
2014-08-08,8083.18,8143.45,8066.13,8109.13
2014-08-11,8060.57,8061.8,8028.37,8055.35
2014-08-12,8047.4,8087.28,8038.23,8071.15
2014-08-13,8061.92,8084.37,8048.83,8064.12
2014-08-14,8076.8,8104.15,8068.66,8090.79
2014-08-15,8075.95,8082.66,8059.44,8065.95
2014-08-18,8000.14,8005.26,7970.08,8000.15
2014-08-19,7972.23,7990.67,7967.57,7986.93
2014-08-20,7951.93,7969.87,7939.59,7952.1
2014-08-21,7929.05,7932.94,7855.63,7883.11
2014-08-22,7863.97,7891.68,7856.98,7889.22
2014-08-25,7877.86,7877.86,7851.23,7867.09
2014-08-26,7859.03,7942.81,7853.03,7916.56
2014-08-27,7880.44,7911.81,7878.22,7908.42
2014-08-28,7884.8,7948.65,7883.43,7937.1
2014-08-29,7935.25,7940.24,7890.97,7906.59
2014-09-01,7910.84,7926.9,7901.78,7912.38
2014-09-02,7904.61,7907.51,7838.98,7853.32
2014-09-03,7790.45,7804.27,7750.83,7791.79
2014-09-04,7799.98,7819.06,7792.34,7809.66
2014-09-05,7744.78,7775.65,7736.27,7771.76
2014-09-09,7711.94,7723.95,7689.54,7709.5
2014-09-10,7698.78,7714.34,7681.64,7691.63
2014-09-11,7659.14,7668.7,7641.52,7646.93
2014-09-12,7612.76,7613.44,7563.37,7592.89
2014-09-15,7547.11,7611.67,7542.8,7607.54
2014-09-16,7602.74,7652.13,7601.69,7631.02
2014-09-17,7604.57,7620.44,7594.02,7607.07
2014-09-18,7524.02,7535.54,7515.24,7521.33
2014-09-19,7527.74,7544.22,7485.11,7511.66
2014-09-22,7473.92,7482.47,7419.38,7467.79
2014-09-23,7470.72,7539.98,7467.39,7522.17
2014-09-24,7503,7524.94,7493.37,7514.94
2014-09-25,7462.74,7465.78,7416.89,7438.96
2014-09-26,7514.59,7565.6,7507.85,7509.58
2014-09-29,7490.41,7530.59,7483,7527.45
2014-09-30,7511.44,7520.66,7464.46,7467.27
2014-10-08,7437.66,7496.31,7429.06,7486.84
2014-10-09,7487.07,7544.45,7481.31,7529.3
2014-10-10,7507.63,7520.64,7479.17,7507.18
2014-10-13,7558.65,7598.55,7527.77,7536.42
2014-10-14,7576.79,7590.66,7560.96,7576.16
2014-10-15,7551.03,7553.18,7498.8,7503.46
2014-10-16,7607.55,7640.45,7588.42,7635.04
2014-10-17,7608.28,7630.43,7592.77,7597.02
2014-10-20,7583.27,7625.62,7579.3,7608
2014-10-21,7638.39,7681.92,7632.92,7652.33
2014-10-22,7652.52,7652.52,7621.85,7626
2014-10-23,7612.28,7623.3,7584.91,7584.91
2014-10-24,7540.86,7560.22,7528.49,7547.17
2014-10-27,7525.35,7542.26,7519.9,7539.49
2014-10-28,7485.56,7539.28,7480.48,7510.33
2014-10-29,7514.04,7521.86,7506.89,7509.08
2014-10-30,7421.61,7437.71,7353.4,7381.26
2014-10-31,7341.8,7355.63,7152.13,7172.24
2014-11-03,7145.31,7183,7118.83,7166.51
2014-11-04,7135.2,7157.79,7126.92,7147.27
2014-11-05,7145.06,7151.63,6998.78,7011.67
2014-11-06,6997.53,7016.89,6965.73,6999.58
2014-11-07,6988.58,7036.06,6937.49,7021.93
2014-11-10,7165.04,7206.14,7161.47,7174.97
2014-11-11,7070.07,7087.92,7020.96,7065.28
2014-11-12,7119.77,7174.1,7115.51,7137.28
2014-11-13,7119.59,7162.87,7077.62,7110.9
2014-11-14,7106.67,7124.12,7050.01,7080.64
2014-11-17,7263.5,7315.81,7252.15,7274.74
2014-11-18,7259.96,7333.93,7246.6,7331.59
2014-11-19,7307.64,7349.63,7291.27,7333.91
2014-11-20,7248.33,7301.25,7207.23,7294.15
2014-11-21,7301.33,7341.41,7278.8,7296.61
2014-11-24,7369.54,7391.95,7342.33,7354.66
2014-11-25,7373.66,7392.6,7351.55,7381.06
2014-11-26,7369.28,7377.46,7352.25,7357.73
2014-11-27,7369.11,7371.15,7286.93,7344.73
2014-11-28,7309.28,7313.59,7272.62,7299.64
2014-12-01,7091.56,7287.69,7071.58,7241.49
2014-12-02,7406.46,7444.5,7337.03,7353.26
2014-12-03,7362.59,7425.71,7350.08,7402.11
2014-12-04,7421.25,7436.72,7402.82,7414.71
2014-12-05,7412.45,7420.63,7394.75,7404.41
2014-12-08,7320.74,7387.65,7319.18,7383.32
2014-12-09,7414.36,7481.23,7399.59,7466.47
2014-12-10,7610.79,7650.41,7595.94,7597.23
2014-12-11,7596.35,7612.29,7547.07,7555.39
2014-12-12,7599.78,7606.07,7542.14,7581.13
2014-12-15,7576.25,7577.04,7494.4,7504.97
2014-12-16,7405.06,7446.15,7397.43,7442.31
2014-12-17,7420.14,7446.37,7402.28,7411.06
2014-12-18,7381.38,7473.67,7379.1,7457.59
2014-12-19,7438.32,7476.35,7428.95,7459.63
2014-12-22,7437.99,7474.52,7434.88,7441.27
2014-12-23,7306.65,7372.82,7306.22,7350.53
2014-12-24,7337.3,7352.01,7327.37,7340.04
2014-12-26,7312.1,7382.12,7308.01,7381.83
2014-12-29,7415.63,7461.16,7407.82,7437.06
2014-12-30,7366.1,7415.35,7362.97,7387.98
2014-12-31,7467.83,7477.65,7445.11,7456.17
2015-01-05,7396.4,7461.24,7395.23,7435.68
2015-01-06,7486.58,7546.58,7482.26,7539.85
2015-01-07,7559.45,7571.4,7527.65,7567.52
2015-01-08,7540.41,7547.46,7495.32,7511.02
2015-01-09,7520.07,7536.5,7511.54,7517.18
2015-01-12,7591.14,7630.48,7573.44,7587.13
2015-01-13,7628.75,7709.58,7627.51,7681.3
2015-01-14,7640.48,7643.95,7591.78,7610.33
2015-01-15,7628.15,7665.32,7593.83,7665.14
2015-01-16,7817.66,7855.21,7798.33,7838.89
2015-01-19,7969.12,7971.38,7932.95,7936.24
2015-01-20,7940.02,8048.47,7929.86,8027.38
2015-01-21,8032.77,8101.88,8030.88,8070.28
2015-01-22,8024.7,8039.1,7975.31,7990.68
2015-01-23,8088.76,8093.03,8056.22,8084.06
2015-01-26,8107.19,8120.98,8009.9,8024.71
2015-01-27,7975.62,8024.37,7953.61,8007.99
2015-01-28,8069.56,8079.79,8037.65,8050.02
2015-01-29,8042.22,8048.38,7958.73,7982.02
2015-01-30,7895.62,7943.45,7870.33,7942.89
2015-02-02,8042.74,8054.28,7985.68,7992.96
2015-02-03,7983.38,8060,7969.41,8029.69
2015-02-04,7882.23,7919.72,7859.53,7905.32
2015-02-05,7965.92,7978.8,7908.31,7923
2015-02-06,7895.59,7918.93,7874.69,7906.76
2015-02-09,7723.43,7764.82,7723.43,7762.39
2015-02-10,7744.81,7776.58,7739.51,7742.44
2015-02-11,7717.1,7736.04,7715.31,7727.55
2015-02-12,7632.12,7700.34,7618.98,7653.91
2015-02-13,7639.96,7686.78,7626.54,7660.39
2015-02-16,7688.56,7743.94,7677.01,7737.38
2015-02-17,7726.36,7736.65,7667.15,7673.58
2015-02-25,7561.1,7600.06,7555.29,7572.87
2015-02-26,7557.33,7643,7546.34,7642.31
2015-02-27,7604.12,7624.89,7571.9,7586.38
2015-03-02,7654.91,7692.04,7633.02,7634.27
2015-03-03,7597.26,7611.56,7582.7,7596.55
2015-03-04,7570.46,7588.03,7549.97,7553.49
2015-03-05,7564.37,7569.51,7527.68,7530.1
2015-03-06,7528.86,7529.38,7483.57,7485.06
2015-03-09,7348.99,7371.9,7328.69,7369.77
2015-03-10,7324.05,7337.71,7246.66,7268.27
2015-03-11,7303.37,7311.91,7267.26,7273.84
2015-03-12,7248.71,7319.57,7219.99,7276.66
2015-03-13,7244.08,7285.16,7244.08,7264.72
2015-03-16,7256.69,7303.55,7243.68,7268.46
2015-03-17,7240.43,7243.05,7211.75,7223.61
2015-03-18,7188.13,7196.65,7147.73,7183.91
2015-03-19,7297.13,7321.13,7223.08,7250.38
2015-03-20,7269.1,7290.13,7254.07,7273.55
2015-03-23,7348.22,7364.21,7329.65,7341.4
2015-03-24,7382.42,7406.47,7366.95,7396.52
2015-03-25,7405.82,7422.75,7372.61,7409.11
2015-03-26,7427.64,7578.79,7425.16,7537.13
2015-03-27,7485.5,7502.1,7442.97,7456.78
2015-03-30,7440.47,7447.92,7369.8,7372.98
2015-03-31,7365.26,7375.51,7313.16,7334.73
2015-04-01,7351.18,7376.76,7333.08,7338.83
2015-04-02,7469.88,7491.41,7453.89,7470.5
2015-04-07,7526.22,7529.37,7487.35,7490.69
2015-04-08,7498.7,7527.94,7496.04,7515.83
2015-04-09,7456.51,7467.83,7411.18,7442.36
2015-04-10,7429.75,7499.4,7424.03,7475.38
2015-04-13,7514.29,7522.95,7458.79,7467.75
2015-04-14,7469.54,7476.95,7387.71,7404.51
2015-04-15,7421,7428.11,7383.07,7403.01
2015-04-16,7473.64,7493.72,7438.49,7474.2
2015-04-17,7424.97,7469.82,7410.87,7467.61
2015-04-20,7479.03,7498.64,7460.31,7466
2015-04-21,7415.82,7427.97,7398.31,7425.37
2015-04-22,7448.81,7463.04,7423.47,7446.23
2015-04-23,7364.29,7376.36,7337.3,7372.33
2015-04-24,7393.35,7407.11,7377.13,7382.33
2015-04-27,7312.73,7361.82,7303.8,7356.67
2015-04-28,7460.42,7475.27,7450.32,7458.37
2015-04-29,7521.63,7525.06,7471.5,7477.62
2015-04-30,7472.43,7493.7,7447.62,7470.68
2015-05-04,7323,7364.05,7316.85,7358.22
2015-05-05,7384,7391.86,7370.01,7375.06
2015-05-06,7421.72,7427.93,7378.33,7390.62
2015-05-07,7383.11,7391.16,7336.81,7350.3
2015-05-08,7357.36,7383.66,7341.78,7369.54
2015-05-11,7393.89,7398.95,7357.45,7368.05
2015-05-12,7357.16,7382.27,7337.07,7382.27
2015-05-13,7406.11,7420.56,7393.32,7399.96
2015-05-14,7523.46,7556.97,7520.12,7545
2015-05-15,7577.01,7583.83,7546.43,7546.43
2015-05-18,7591.42,7646.31,7579.52,7631.48
2015-05-19,7601.04,7603.08,7557.39,7576.31
2015-05-20,7511.63,7512.12,7471.17,7499.44
2015-05-21,7511.97,7525.09,7495.56,7495.56
2015-05-22,7476.48,7532.47,7471.57,7517.01
2015-05-25,7467.71,7480.79,7461.04,7468.3
2015-05-26,7484.85,7488.45,7407.88,7414.24
2015-05-27,7377.39,7392.41,7352.83,7357.71
2015-05-28,7373.16,7397.18,7362.23,7370.84
2015-05-29,7375,7388.36,7369.1,7384.28
2015-06-01,7392.84,7395.94,7354.27,7364.64
2015-06-02,7379.81,7382.9,7356.18,7368.39
2015-06-03,7401.07,7412.03,7361.76,7369.32
2015-06-04,7350.91,7359.21,7326.13,7343.53
2015-06-05,7310.76,7321.03,7292.33,7303.78
2015-06-08,7277.29,7317.34,7273.32,7303.35
2015-06-09,7287.22,7347.36,7286.72,7338.1
2015-06-10,7315.29,7380.12,7301.75,7380.12
2015-06-11,7367.32,7380.03,7328.82,7334.27
2015-06-12,7340.9,7356.84,7324.18,7336.58
2015-06-15,7358.64,7365.69,7288.39,7290.18
2015-06-16,7370.68,7379.66,7341.31,7347.44
2015-06-17,7343.85,7344.46,7317.96,7320.88
2015-06-18,7355.81,7437.95,7350.08,7437.52
2015-06-19,7451.12,7460.11,7441.7,7454.97
2015-06-23,7360.57,7373.9,7334.99,7345.47
2015-06-24,7312.91,7322.72,7287.09,7320.61
2015-06-25,7294.69,7315,7286.87,7290.71
2015-06-26,7289.51,7317.85,7268.28,7287.62
2015-06-29,7379.33,7379.45,7304.36,7309.32
2015-06-30,7319.15,7329.21,7287.81,7291.85
2015-07-01,7288.18,7292.56,7267.83,7275.76
2015-07-02,7251.82,7252.64,7221.35,7225.51
2015-07-03,7232.51,7260.27,7230.62,7251.84
2015-07-06,7283.8,7291.92,7226.26,7234.95
2015-07-07,7269.7,7271.06,7252.46,7264.18
2015-07-08,7185.86,7199.07,7139.17,7179.16
2015-07-09,7199.81,7249.46,7190.34,7223.4
2015-07-10,7204.93,7235.76,7198.42,7232.6
2015-07-13,7228.13,7240.2,7174.34,7187.03
2015-07-14,7190.54,7194,7169.58,7176
2015-07-15,7185.48,7189.27,7171.85,7180.12
2015-07-16,7138.18,7143.04,7115.1,7119.71
2015-07-17,7114.83,7121.53,7103.79,7105.62
2015-07-20,7035.77,7040.25,6736.15,6926.63
2015-07-21,6832.49,6892.6,6829.08,6875.68
2015-07-22,6832.04,6849.17,6778.27,6804.09
2015-07-23,6803.65,6873.49,6796,6850.26
2015-07-24,6781.11,6782.01,6697.64,6739.93
2015-07-27,6828.66,6879.93,6810.13,6843.15
2015-07-28,6804.66,6833.44,6796.81,6812.49
2015-07-29,6813.57,6835.52,6807.07,6821.26
2015-07-30,6825.8,6834.59,6734.03,6760.33
2015-07-31,6775.99,6778.09,6723.77,6735.29
2015-08-03,6799.94,6827.23,6792.89,6799.65
2015-08-04,6742.34,6806.23,6725.43,6801.02
2015-08-05,6758.08,6771.42,6744.43,6756.79
2015-08-06,6746.65,6763.04,6738.44,6749.5
2015-08-07,6777.37,6826.42,6763.68,6788.84
2015-08-10,6791.64,6830.66,6777.7,6803.24
2015-08-11,6871.41,7126.1,6848.15,7123.61
2015-08-12,7097.54,7382.21,7055.97,7313.7
2015-08-13,7265.83,7309.1,7201.07,7222.33
2015-08-14,7195.63,7207.36,7155.59,7199.65
2015-08-17,7189.09,7211.05,7179.51,7195.89
2015-08-18,7200.84,7221.11,7192.78,7215.27
2015-08-19,7198.24,7240.78,7189.39,7231.72
2015-08-20,7316.23,7358.28,7308.41,7340.69
2015-08-21,7442.21,7537.74,7414.37,7426.22
2015-08-24,7499.9,7527.6,7453.68,7520.29
2015-08-25,7509.58,7515.11,7415.33,7449.83
2015-08-26,7448.89,7450.69,7351.12,7363.93
2015-08-27,7301.05,7317.79,7289.43,7305.88
2015-08-28,7302.17,7322.88,7276.41,7281.79
2015-08-31,7312.68,7325.45,7287.65,7306.57
2015-09-01,7311.8,7361.56,7311.74,7338.64
2015-09-02,7315.18,7375.74,7290.73,7356.28
2015-09-07,7231.7,7283.78,7219.4,7273.62
2015-09-08,7255.95,7275.61,7231.46,7240.84
2015-09-09,7249.21,7262.56,7242.55,7254.53
2015-09-10,7166.33,7173.93,7080.93,7095.45
2015-09-11,7099.29,7129.87,7092.39,7110.22
2015-09-14,7086.83,7108.08,7086.83,7090.71
2015-09-15,7104.59,7104.59,7073.66,7082.99
2015-09-16,7081.8,7108.36,7071.92,7102.29
2015-09-17,7174.88,7188.47,7161.77,7170.24
2015-09-18,7240.67,7280.9,7210.65,7269.53
2015-09-21,7269.39,7299.71,7261.35,7285.2
2015-09-22,7252.83,7277.27,7238.43,7247.13
2015-09-23,7216.11,7253.95,7208.28,7237.19
2015-09-24,7288.62,7313.95,7278.02,7297.31
2015-09-25,7381.45,7385.38,7301.48,7321.04
2015-09-28,7338.56,7345.63,7257.37,7264.92
2015-09-29,7205.68,7221.91,7134.92,7156.27
2015-09-30,7148.79,7160.4,7126.27,7136.65
2015-10-08,7270.27,7277.34,7243.74,7273.98
2015-10-09,7242.01,7330.48,7232.02,7326.25
2015-10-12,7327.16,7377.05,7323.17,7364.14
2015-10-13,7343.57,7359.69,7306.25,7330.6
2015-10-14,7406.7,7468.65,7399.13,7421.73
2015-10-15,7521.67,7531.12,7494.66,7525.11
2015-10-16,7505.48,7516.4,7476.67,7493.6
2015-10-19,7497.18,7499.05,7459.26,7474.26
2015-10-20,7472.74,7489.09,7446.56,7488.46
2015-10-21,7501.84,7508.24,7473.28,7486.01
2015-10-22,7425.78,7463.62,7415.42,7452.75
2015-10-23,7448.92,7504.42,7443.78,7487.5
2015-10-26,7441.07,7458.52,7432.13,7453.59
2015-10-27,7435.56,7458.95,7423.69,7456.37
2015-10-28,7459.72,7513.89,7452.11,7503.03
2015-10-29,7416.73,7426.41,7369.44,7389.88
2015-10-30,7278.06,7286.27,7250.04,7270.41
2015-11-02,7216.28,7254.98,7195.92,7223.92
2015-11-03,7204.2,7222.87,7195.21,7201.82
2015-11-04,7119.36,7133.84,7093.23,7109.68
2015-11-05,7049.4,7074.79,7048.1,7066.07
2015-11-06,7044.18,7073.14,7043.55,7068.59
2015-11-09,6965.7,7002.39,6963.66,6999.02
2015-11-10,6973.93,6994.6,6967.03,6986.09
2015-11-11,6965.41,6988.74,6960.75,6965.3
2015-11-12,6949.78,6963.17,6949.01,6959.7
2015-11-13,6941.45,6948.75,6912.81,6941.6
2015-11-16,6977.89,7026.28,6970.21,6984.97
2015-11-17,6933.71,6940.35,6894.72,6916.02
2015-11-18,6849.51,6884.65,6833.72,6870.21
2015-11-19,6887.81,6916.2,6880.44,6887.88
2015-11-20,6934.44,6979.05,6924.36,6967.02
2015-11-23,6904.53,6914.18,6869.26,6882.41
2015-11-24,6883.28,6912.25,6880.52,6908.91
2015-11-25,6920.12,6946.83,6891.6,6892.88
2015-11-26,6881.59,6908.69,6869.19,6895.26
2015-11-27,6905.68,6910.08,6872.66,6878.01
2015-11-30,6821.74,6830.37,6777.03,6789.91
2015-12-01,6848.71,6919.41,6837.72,6899.32
2015-12-02,6896.76,6897.87,6871.76,6877.76
2015-12-03,6796.01,6800.26,6749.73,6774.38
2015-12-04,6841.72,6847.48,6807.8,6845.16
2015-12-07,6992.09,7019.51,6983.55,7010.12
2015-12-08,6940,6977.48,6919.83,6976.14
2015-12-09,6984.94,7013.79,6977.47,7002.59
2015-12-10,6978.72,7016.93,6971.75,7012.38
2015-12-11,6959.54,6996.56,6948.66,6981.29
2015-12-14,7026.7,7057.69,6979.56,7003.27
2015-12-15,6969.32,6985.14,6930.27,6946.58
2015-12-16,6944.6,6971,6938.39,6968.26
2015-12-17,6992.02,7008.89,6967.79,6995.29
2015-12-18,6919.5,6938.22,6899.38,6925.18
2015-12-21,6976.98,7036.19,6970.4,7026.57
2015-12-22,7066.99,7071.92,7042.56,7051.82
2015-12-23,7012.99,7030.91,6998.32,7016.26
2015-12-24,7016.42,7030.6,7008.03,7030.53
2015-12-28,7039.52,7039.98,7009.62,7030.75
2015-12-29,7012.47,7065.92,7009.43,7049.54
2015-12-30,7032.24,7073.83,7007.5,7027.67
2015-12-31,6972.54,7011.76,6972.54,6983.59
2016-01-04,7012.35,7117.98,7001.22,7116.83
2016-01-05,7132.13,7179.22,7132.01,7172.95
2016-01-06,7160.9,7294.95,7137.43,7290.68
2016-01-07,7332.79,7383.89,7310.02,7337.15
2016-01-08,7410.82,7410.82,7328.82,7330.45
2016-01-11,7424.17,7426.18,7278.18,7280.2
2016-01-12,7230.92,7252.2,7199.18,7208.57
2016-01-13,7144.67,7152.28,7101.64,7106.99
2016-01-14,7199.59,7243.19,7186.57,7226.23
2016-01-15,7110.97,7184.8,7110.65,7170.55
2016-01-18,7185.58,7203.24,7171.46,7200.23
2016-01-19,7179.36,7223.55,7156.67,7184.44
2016-01-20,7186.67,7249.01,7180.52,7222.68
2016-01-21,7256.76,7305.56,7245.22,7250.9
2016-01-22,7264.15,7283.55,7235.93,7246.41
2016-01-25,7258.82,7311.17,7257.8,7307.31
2016-01-26,7328.1,7389.01,7327.19,7363.8
2016-01-27,7409.92,7422.57,7383.29,7400.45
2016-01-28,7429.11,7434.84,7388.4,7394.69
2016-01-29,7376.31,7403.99,7347.31,7367.51
2016-02-01,7381.76,7425.03,7379.38,7414.18
2016-02-02,7474.97,7475.3,7443.48,7456.39
2016-02-03,7466.7,7504.01,7462.01,7495.99
2016-02-04,7545.97,7586.92,7539.18,7572.53
2016-02-05,7577.74,7621.8,7576.81,7615.1
2016-02-15,8028.77,8029.7,7849.02,7864.63
2016-02-16,7855.1,7892.1,7762.19,7892.1
2016-02-17,7816.26,7914.09,7806.22,7845.58
2016-02-18,7886.28,7895.84,7862.79,7871.95
2016-02-19,8025.63,8042.95,7965.72,7970.41
2016-02-22,7985.79,8002.85,7867.61,7869.57
2016-02-23,7887.92,7991.21,7885.77,7963.56
2016-02-24,8040.52,8045.71,7988.27,8045.28
2016-02-25,8022.37,8128.51,8017.83,8092.01
2016-02-26,8076.42,8107.97,8033.48,8062.87
2016-02-29,8008.19,8085.22,7994.55,8077.97
2016-03-01,8131,8172.65,8100.04,8127.42
2016-03-02,8064.68,8070.67,8026.84,8069.11
2016-03-03,8112.07,8143.98,8098.91,8131.36
2016-03-04,8222.36,8309.33,8198.83,8285.61
2016-03-07,8223.12,8268.62,8181.04,8262.43
2016-03-08,8265.57,8308.75,8237.8,8296.6
2016-03-09,8228.21,8241.03,8157.71,8194.61
2016-03-10,8167.14,8176.46,8115.59,8144.21
2016-03-11,8268,8345.75,8205.5,8214.41
2016-03-14,8128.18,8190.57,8123.33,8184.61
2016-03-15,8035.55,8043.03,7968.94,8019.28
2016-03-16,8034.21,8055.77,8011.35,8042.33
2016-03-17,8168.88,8233.75,8145.03,8212.94
2016-03-18,8135.35,8193.05,8117.63,8126.82
2016-03-21,8107.03,8128.5,8043.76,8067.86
2016-03-22,8067.79,8177.22,8067.79,8130.45
2016-03-23,8110.4,8115.01,8004.8,8027.79
2016-03-24,7953.25,7961.4,7904.59,7942.4
2016-03-28,7924.29,7953.14,7890.1,7934.63
2016-03-29,7967.26,7968.76,7922.26,7940.31
2016-03-30,8051.88,8067.52,8016.49,8021.04
2016-03-31,7951.61,7996.25,7933.48,7984.59
2016-04-01,7965.54,7994.64,7958.37,7970.09
2016-04-05,7871.85,8003.81,7869.72,7982.69
2016-04-06,7981.13,7990.92,7943.27,7950.09
2016-04-07,7936.09,8038.21,7929.77,8019.69
2016-04-08,8037.24,8039.46,7993.65,7996
2016-04-11,8069.5,8124.92,8065.68,8096.58
2016-04-12,8138.95,8169.07,8115.96,8144.93
2016-04-13,8126.25,8138.65,8067.35,8072.86
2016-04-14,8054.64,8086.29,7991.43,8050.69
2016-04-15,7981.94,7995.87,7959.98,7973.86
2016-04-18,8028.73,8047.3,7986.34,8047.17
2016-04-19,7975.42,8072.69,7959.36,8047.66
2016-04-20,8093.99,8142.1,8067.86,8085.86
2016-04-21,8076.72,8177.38,8064.09,8169.85
2016-04-22,8104.12,8127.45,8072.65,8105.41
2016-04-25,8016.56,8058.42,8009.49,8018.6
2016-04-26,8052.26,8068.5,8022.74,8031.63
2016-04-27,8087.8,8114.91,8081.81,8106.66
2016-04-28,8106.85,8166.14,8065.41,8158.97
2016-04-29,8210.63,8304.15,8204.14,8284.13
2016-05-03,8357.52,8438.03,8357.33,8396.3
2016-05-04,8367.21,8374.2,8308.17,8314.3
2016-05-05,8361.08,8361.36,8304.29,8323.37
2016-05-06,8329.78,8350.56,8314.58,8343.45
2016-05-09,8378.38,8387.11,8317.75,8331.59
2016-05-10,8257.81,8293.61,8241.68,8285.47
2016-05-11,8270.57,8330.28,8269.92,8318.82
2016-05-12,8340.79,8346.64,8290.06,8297.97
2016-05-13,8299.04,8353.88,8289.2,8341.13
2016-05-16,8352.19,8408.6,8346.71,8395.02
2016-05-17,8347.22,8377.92,8304.46,8335.35
2016-05-18,8374.78,8387.91,8325.29,8336.44
2016-05-19,8289.28,8296.96,8224.2,8234.65
2016-05-20,8252.53,8259.28,8216.57,8250.22
2016-05-23,8215.93,8237.87,8199.12,8211.85
2016-05-24,8201.39,8217.4,8152.57,8158.95
2016-05-25,8051.37,8078.84,8016.12,8020.74
2016-05-26,8040.89,8096.97,8037.46,8057.92
2016-05-27,8018.44,8035.33,7954.75,8001.17
2016-05-30,7943.77,7949.96,7900.37,7948.49
2016-05-31,7976.87,8004.49,7973.82,7985.23
2016-06-01,8021.5,8040.62,8004.71,8011.72
2016-06-02,7992.15,8019.12,7976.79,8008.94
2016-06-03,7962.1,7997.88,7958.63,7993.11
2016-06-06,8178.7,8179.4,8141.43,8150.93
2016-06-07,8179.16,8193.84,8149.3,8158.29
2016-06-08,8181.41,8244.85,8172.29,8240.54
2016-06-13,8436,8480.14,8400.94,8474.79
2016-06-14,8463.4,8470.57,8424.33,8445.62
2016-06-15,8494.47,8503.3,8457.68,8464.08
2016-06-16,8533.4,8650.23,8530.25,8598.15
2016-06-17,8450.94,8487.37,8419.29,8480.95
2016-06-20,8508.93,8508.93,8434.09,8458.4
2016-06-21,8499.43,8524.31,8434.8,8440.06
2016-06-22,8370.59,8385.38,8320.77,8341.72
2016-06-23,8311.87,8381.06,8302.35,8344.44
2016-06-24,8366.3,9012.95,8340.5,8739.84
2016-06-27,8850.85,8871.95,8812,8853.48
2016-06-28,8855.51,8859.33,8746.76,8747.9
2016-06-29,8776.66,8830.08,8772.21,8786.07
2016-06-30,8758.19,8809.92,8747.17,8773.29
2016-07-01,8822.2,8926.5,8808.5,8892.84
2016-07-04,8952.09,9060.62,8948.89,9028.84
2016-07-05,9010.53,9034.47,8947.89,8997.27
2016-07-06,9122.81,9196.51,9116.65,9189.4
2016-07-07,9151.22,9181.09,9139.41,9140.41
2016-07-08,9118.12,9126.14,9072.44,9086.01
2016-07-11,9182.76,9191.58,9093.21,9109.58
2016-07-12,9086.22,9098.31,9043.43,9048.8
2016-07-13,8939.47,9001.44,8886.33,8962.3
2016-07-14,9008.16,9020.09,8871.97,8883.31
2016-07-15,8939.3,8941.25,8877.61,8917.27
2016-07-18,8938.09,8951.61,8879.19,8914.67
2016-07-19,8921.42,8949.78,8900.65,8933.87
2016-07-20,8946.84,8957.39,8852.72,8857.27
2016-07-21,8771.79,8838.49,8754.47,8826.6
2016-07-22,8894.5,8900.5,8827.05,8857.01
2016-07-25,8849.18,8851.92,8784.39,8807.25
2016-07-26,8806.17,8851.04,8785.07,8829.14
2016-07-27,8816.69,8821.94,8786.14,8815.66
2016-07-28,8932.55,8953.64,8910.3,8934.38
2016-07-29,8901.58,8949.02,8857.37,8884.52
2016-08-01,8947.83,8972.9,8930.28,8966.58
2016-08-02,8992.56,9043.6,8965.02,9034.52
2016-08-03,9051.7,9071.32,9037.54,9053.61
2016-08-04,9019.53,9024.09,8963.08,8979.08
2016-08-05,9044.55,9080.26,9035.37,9058.83
2016-08-08,8891.44,8925.57,8872.44,8882.25
2016-08-09,8913.43,8919.66,8876.96,8898.67
2016-08-10,8942.16,9017.7,8936.27,8983.08
2016-08-11,8949.81,8956.01,8910.87,8940.85
2016-08-12,8907.59,8921.48,8879.27,8894.31
2016-08-15,8903.63,8924.99,8890.42,8901.67
2016-08-16,8919.08,8968.64,8912.33,8959.45
2016-08-17,8933.73,8938.36,8900.67,8914.88
2016-08-18,8969.67,8987.41,8934.35,8957.83
2016-08-19,8957.1,8984,8929.59,8962.12
2016-08-22,8909.02,8916.3,8874.93,8891.67
2016-08-23,8908.72,8935.13,8888.85,8916.48
2016-08-24,8909.07,8930.1,8900.64,8912.81
2016-08-25,8847.73,8851.25,8819.52,8826.72
2016-08-26,8817.49,8864.47,8811.37,8863.8
2016-08-29,8845.94,8850.15,8796.91,8817.91
2016-08-30,8854.12,8862.11,8823.6,8824.63
2016-08-31,8782.4,8802.91,8772,8790.05
2016-09-01,8763.35,8771.3,8726.12,8736.6
2016-09-02,8787.9,8794.33,8762.4,8781.87
2016-09-05,8859.08,8887.78,8846.19,8885.26
2016-09-06,8880.3,8906.97,8865.5,8906.3
2016-09-07,9001.42,9029.65,8986.54,8991.39
2016-09-08,8969.72,9002.85,8955.37,8991.94
2016-09-09,8928.39,8955.62,8921.42,8934.14
2016-09-12,8900.86,8901.73,8863.63,8882.61
2016-09-13,8893.32,8908.81,8877.13,8881.56
2016-09-14,8837.6,8839.57,8794.68,8832.92
2016-09-19,8731.03,8789.71,8722.01,8765.98
2016-09-20,8760.44,8796.57,8757.65,8784.81
2016-09-21,8791.58,8831.81,8737.45,8825.61
2016-09-22,8892.27,8906.88,8887.67,8899.42
2016-09-23,8934.76,8938.22,8904.43,8923.02
2016-09-26,8941.22,8948.9,8902.65,8928.78
2016-09-27,8939.01,8952.08,8908.37,8935.4
2016-09-28,8865.68,8868.69,8836.01,8856.92
2016-09-29,8845.25,8862.29,8821.36,8829.81
2016-09-30,8824.49,8865.53,8820.99,8854.29
2016-10-10,8450.71,8487.05,8431.94,8470.15
2016-10-11,8454.14,8481.27,8438.95,8449.53
2016-10-12,8442.02,8454.15,8424.59,8440.65
2016-10-13,8434.83,8499.07,8432.87,8484.64
2016-10-14,8462.25,8476.38,8432.03,8434.33
2016-10-17,8443.02,8470.97,8431.58,8461.36
2016-10-18,8471.06,8519,8465.91,8511.43
2016-10-19,8519.98,8567.25,8499.76,8565
2016-10-20,8558.88,8586.03,8551.29,8566.21
2016-10-21,8541.98,8566.45,8531.99,8559.74
2016-10-24,8577.52,8585.77,8560.23,8583.12
2016-10-25,8572.31,8614.85,8564.92,8607.28
2016-10-26,8636.56,8651.65,8630.15,8642.54
2016-10-27,8588.39,8625.03,8584.93,8622.33
2016-10-28,8626.84,8633.58,8593.08,8604.26
2016-10-31,8678.79,8683.5,8631.97,8643.52
2016-11-01,8650.59,8700.8,8648.38,8700.42
2016-11-02,8721.69,8785.11,8717.55,8779.7
2016-11-03,8786.5,8843.09,8749.07,8756.94
2016-11-04,8816.35,8831.08,8765.66,8813.88
2016-11-07,8740.93,8782.1,8709.57,8719.17
2016-11-08,8709.55,8729.35,8693.31,8721.78
2016-11-09,8653.91,9051.71,8613.48,8833.75
2016-11-10,8708.94,8802.62,8698.58,8762.52
2016-11-11,8613.91,8646.57,8551.4,8556.95
2016-11-14,8390.2,8398.42,8287.07,8396.5
2016-11-15,8386.89,8445.81,8382.46,8411.94
2016-11-16,8436.51,8477.36,8430.53,8442.2
2016-11-17,8443.12,8461.93,8432.48,8444.8
2016-11-18,8391.87,8395.42,8314.31,8325.41
2016-11-21,8341.54,8404.75,8337.36,8399.06
2016-11-22,8392.73,8425.39,8390.44,8414.53
2016-11-23,8380.35,8405.63,8375.63,8400.79
2016-11-24,8270.86,8270.91,8211.96,8257.26
2016-11-25,8242.36,8278.39,8147.21,8267.89
2016-11-28,8245.51,8290.6,8243.12,8271.11
2016-11-29,8275.78,8277.66,8204.76,8214.43
2016-11-30,8213.96,8243.05,8175.82,8182.96
2016-12-01,8114.32,8122.21,8029.62,8065.93
2016-12-02,8069.67,8101.67,8065.1,8080.96
2016-12-05,8136.16,8136.85,7992.9,8020.76
2016-12-06,8031.83,8076.45,8026.8,8059.36
2016-12-07,8052.61,8093.44,8041.84,8088.87
2016-12-08,8102.4,8125.04,8091.53,8108.3
2016-12-09,8090.21,8117.75,8065.04,8113.85
2016-12-12,8033.76,8040.15,7988.68,8017.23
2016-12-13,8055.15,8065.55,8027.41,8030.84
2016-12-14,8021.69,8049.64,8017.76,8021.69
2016-12-15,7930.08,7941.23,7870.77,7874.26
2016-12-16,7822.6,7899.96,7815.45,7891.6
2016-12-19,7908.01,7930.82,7898.69,7910.47
2016-12-20,7889.66,7915.51,7867.99,7873.98
2016-12-21,7858.53,7892.24,7843.16,7873.31
2016-12-22,7846.01,7865.42,7830.95,7856.63
2016-12-23,7845.51,7870.26,7844.8,7864.57
2016-12-27,7881.58,8009.17,7869.75,7956.02
2016-12-28,7927.5,7959.11,7923.17,7950.85
2016-12-29,7969.05,8023.65,7968.28,8015.77
2016-12-30,8086.42,8101.08,8069.16,8090.8
2017-01-03,8033.71,8078.96,7995.96,7998.05
2017-01-04,8058.34,8083.26,8044.25,8064.52
2017-01-05,8037.91,8090.3,7993.75,8015.23
2017-01-06,8025.98,8073.55,8009.03,8059.62
2017-01-09,8041.49,8112.21,8040.19,8090.6
2017-01-10,8131.02,8172.85,8118.22,8160.96
2017-01-11,8193.81,8220.27,8185.24,8209.49
2017-01-12,8223.65,8275.26,8219.15,8264.87
2017-01-13,8211.04,8218.26,8161.45,8206.69
2017-01-16,8243.01,8282.57,8228.16,8250.07
2017-01-17,8255.18,8299.78,8254.01,8286.42
2017-01-18,8271.23,8294.66,8246.24,8276.42
2017-01-19,8226.79,8246.22,8190.91,8232.71
2017-01-20,8245.72,8271.01,8228.86,8235.4
2017-01-23,8295.01,8314.9,8274.82,8290.91
2017-01-24,8284.92,8306.63,8263.69,8267.28
2017-01-25,8248.97,8261.43,8210.93,8225.96
2017-01-26,8198.63,8204.82,8145.37,8152.28
2017-02-03,8274.02,8298.03,8257.41,8282.53
2017-02-06,8300.24,8342.6,8296.28,8326.75
2017-02-07,8382.46,8419.85,8380.44,8402.4
2017-02-08,8419.9,8478.02,8411.17,8464.67
2017-02-09,8487.15,8521.62,8481.13,8510.37
2017-02-10,8421.37,8425.19,8385.98,8414.69
2017-02-13,8447.69,8474.47,8438.26,8453.56
2017-02-14,8433.07,8445.28,8408.93,8423.06
2017-02-15,8423.07,8424.44,8386.62,8411.09
2017-02-16,8441.21,8483.7,8437.7,8471.98
2017-02-17,8480.66,8506.4,8474.54,8499.2
2017-02-20,8471.1,8486.38,8443.51,8482.37
2017-02-21,8486.12,8486.12,8447.14,8449.07
2017-02-22,8478,8497.36,8468.47,8489.87
2017-02-23,8486.76,8500.43,8478.66,8495.88
2017-02-24,8555.24,8612.84,8552.63,8604.29
2017-02-27,8609.93,8637.15,8602.16,8613.72
2017-02-28,8601.97,8603.24,8572.7,8576.25
2017-03-01,8549.8,8569.89,8526.34,8550.64
2017-03-02,8569.4,8579.1,8549.53,8555.79
2017-03-03,8507.22,8508.7,8451.81,8478.15
2017-03-06,8524.44,8529.43,8488.42,8499.23
2017-03-07,8460.26,8465.86,8429.86,8437.9
2017-03-08,8384.06,8410.59,8379.54,8391.7
2017-03-09,8363.01,8368.15,8304.27,8315.91
2017-03-10,8290.84,8294.41,8256.03,8262.79
2017-03-13,8306.48,8347.51,8299.69,8332.52
2017-03-14,8295.85,8319.75,8293.98,8308.75
2017-03-15,8280.61,8315.33,8274.18,8293.54
2017-03-16,8366.7,8434.92,8362.84,8417.09
2017-03-17,8429.44,8472.69,8413.37,8470.65
2017-03-20,8477.71,8514.57,8473.44,8501.11
2017-03-21,8508.4,8510.01,8460.53,8476.51
2017-03-22,8567.67,8578.81,8546.48,8558.37
2017-03-23,8559.98,8582.45,8550.98,8565.28
2017-03-24,8565.25,8567.35,8537.63,8556.37
2017-03-27,8603.55,8631.68,8596.78,8624.25
2017-03-28,8592.08,8616.92,8590.67,8609.74
2017-03-29,8599.61,8610.68,8577.17,8601.75
2017-03-30,8611.29,8613.35,8586.55,8595.9
2017-03-31,8563.22,8569.62,8540.3,8550.46
2017-04-05,8634.73,8650.23,8619.73,8622.64
2017-04-06,8662.97,8664.41,8632.09,8636.79
2017-04-07,8623.2,8756.22,8619.32,8718.11
2017-04-10,8658.66,8670.51,8642.96,8660.03
2017-04-11,8674.16,8693.09,8655.62,8681.36
2017-04-12,8805.95,8835.21,8778.45,8784.14
2017-04-13,8859.35,8866.17,8824.66,8865.26
2017-04-17,8904.04,8908.36,8856.53,8877.94
2017-04-18,8828.93,8864.16,8823.31,8858.92
2017-04-19,8863.41,8865.08,8818.69,8822.72
2017-04-20,8811.01,8823.76,8787.52,8801.65
2017-04-21,8819.93,8824.9,8798.95,8821.32
2017-04-24,8767.41,8791.77,8739.37,8756.17
2017-04-25,8794.73,8800.03,8742.99,8752.38
2017-04-26,8707.73,8735.08,8688.17,8717.85
2017-04-27,8744.04,8752.37,8716.22,8728.9
2017-04-28,8723.78,8744.73,8719.66,8738.67
2017-05-02,8667.63,8677.42,8645.06,8654.49
2017-05-03,8657.34,8660.75,8632.56,8640.96
2017-05-04,8540.3,8561.64,8502.74,8513.01
2017-05-05,8467.47,8531.95,8462.26,8525.92
2017-05-08,8520.14,8520.84,8487.57,8513.97
2017-05-09,8482.42,8493.64,8460.81,8470.49
2017-05-10,8458,8467.49,8438.71,8455.93
2017-05-11,8418.79,8448.84,8417.68,8437.71
2017-05-12,8459.25,8490.14,8454.32,8486.68
2017-05-15,8485.25,8507.16,8466.04,8493.89
2017-05-16,8482.89,8510.18,8478.44,8502.05
2017-05-17,8552.12,8576.07,8533.33,8575.36
2017-05-18,8664.6,8695.76,8631.6,8692.31
2017-05-19,8602.17,8625.69,8591.57,8619.3
2017-05-22,8641.69,8648.82,8611.49,8644.85
2017-05-23,8686.47,8692.04,8657.19,8674.15
2017-05-24,8612.27,8635.04,8591.16,8611.72
2017-05-25,8649.61,8654.94,8616.71,8618.81
2017-05-26,8600.25,8660.03,8584.08,8647.62
2017-05-31,8615.4,8626.38,8546.03,8558.73
2017-06-01,8579.51,8590.67,8527.64,8561.12
2017-06-02,8548.08,8580.89,8537.03,8578.69
2017-06-05,8677.01,8693.56,8671.83,8686.68
2017-06-06,8684.18,8734.14,8681.19,8723.57
2017-06-07,8742.22,8762.79,8735.35,8754.1
2017-06-08,8703.33,8727.86,8693.73,8708.95
2017-06-09,8688.04,8689.38,8629.26,8652.08
2017-06-12,8603.38,8632.54,8593.26,8629.73
2017-06-13,8601.01,8604.49,8567.39,8574.09
2017-06-14,8604.34,8625.09,8596.46,8613.02
2017-06-15,8576.51,8593.53,8550.16,8561.71
2017-06-16,8531.41,8567.57,8525.46,8566.85
2017-06-19,8548.19,8551.47,8520.56,8535.87
2017-06-20,8493.79,8530.06,8488.37,8512.21
2017-06-21,8490.82,8523.3,8488.87,8523.3
2017-06-22,8534.73,8570.84,8533.14,8554.64
2017-06-23,8557.67,8603.03,8545.15,8591.92
2017-06-26,8596.69,8599.3,8469.52,8508.38
2017-06-27,8522.61,8568.63,8510.14,8526.44
2017-06-28,8512.93,8536.58,8497.31,8518.29
2017-06-29,8492.11,8508.78,8439.66,8470.11
2017-06-30,8465.22,8465.22,8413.75,8435.44
2017-07-03,8413.91,8416.53,8375.22,8390.08
2017-07-04,8315.37,8338.77,8302.14,8332.98
2017-07-05,8349.23,8358.22,8297.66,8297.72
2017-07-06,8336.62,8348.47,8320.65,8329.83
2017-07-07,8315.54,8321.1,8290.33,8310.23
2017-07-10,8254.42,8255.23,8196.74,8219.43
2017-07-11,8261.02,8271.25,8233.89,8238.71
2017-07-12,8278.57,8289.36,8267.93,8280.21
2017-07-13,8272.57,8298.39,8265.2,8290.54
2017-07-14,8263.98,8274.46,8239.55,8272.35
2017-07-17,8327.73,8336.08,8321.85,8324.49
2017-07-18,8343.37,8374.81,8340.87,8347.16
2017-07-19,8385.77,8389.66,8352.02,8375.73
2017-07-20,8396.98,8400.16,8366.66,8382.19
2017-07-21,8407.11,8442.21,8401.62,8439.5
2017-07-24,8490.18,8493.25,8457.69,8476.94
2017-07-25,8462.64,8486.02,8441.33,8441.33
2017-07-26,8428.73,8441.37,8403.05,8418.05
2017-07-27,8500.01,8516.57,8489.58,8497.16
2017-07-28,8496.79,8502.49,8480.99,8489.66
2017-07-31,8555.45,8559.87,8516.03,8530.89
2017-08-01,8527.54,8543.46,8520.28,8523.98
2017-08-02,8530.78,8536.95,8511.81,8518.46
2017-08-03,8498.39,8514.67,8478.01,8499.61
2017-08-04,8535.75,8541.57,8520.95,8538.05
2017-08-07,8470.7,8478.53,8455.92,8462.25
2017-08-08,8465.29,8481.51,8444.96,8459.33
2017-08-09,8469.07,8510.51,8467.68,8486.94
2017-08-10,8533.55,8550.98,8513.18,8540.78
2017-08-11,8576.34,8612.43,8564.08,8604.24
2017-08-14,8600.14,8610.34,8561.56,8566.29
2017-08-15,8559.18,8563.13,8514.45,8525.22
2017-08-16,8520.4,8535.51,8509.88,8512.09
2017-08-17,8578.27,8615.84,8573.81,8592.84
2017-08-18,8617.7,8677.62,8596.73,8654.32
2017-08-21,8577.78,8613.48,8564.22,8606.44
2017-08-22,8612.83,8614.52,8547.81,8565.82
2017-08-23,8560.11,8584.85,8551.65,8581.35
2017-08-24,8592.14,8596.44,8555.49,8567.62
2017-08-25,8574.75,8581.94,8558.31,8574.46
2017-08-28,8580.81,8614.41,8579.39,8593.47
2017-08-29,8734.81,8751.48,8697.29,8712.9
2017-08-30,8656.39,8670.71,8611.37,8640.45
2017-08-31,8621.57,8637.24,8586.08,8621.93
2017-09-01,8714.11,8715.56,8664.47,8674.72
2017-09-04,8767.11,8770.84,8707.62,8722.58
2017-09-05,8706.47,8760.35,8702.58,8734.36
2017-09-06,8777.82,8782.25,8741.99,8760.86
2017-09-07,8722.03,8740.86,8698.36,8710.67
2017-09-08,8748.52,8770.31,8722.78,8755.95
2017-09-11,8709.43,8743.13,8700.92,8740.29
2017-09-12,8682.05,8687.37,8661,8679.91
2017-09-13,8699.99,8710.63,8679.1,8709.36
2017-09-14,8659.73,8685.6,8638.62,8677.34
2017-09-15,8731.1,8731.1,8656.9,8670.02
2017-09-18,8623.88,8645.1,8609.88,8639.73
2017-09-19,8604.88,8631.35,8593.92,8616.15
2017-09-20,8631.86,8648.5,8616.22,8640.4
2017-09-21,8556.56,8585.51,8524.42,8543.55
2017-09-22,8492.77,8547.76,8488.31,8531.77
2017-09-25,8505.9,8574.48,8503.18,8566.67
2017-09-26,8649.05,8683.87,8640.1,8647.93
2017-09-27,8575.27,8595.84,8549.26,8564.8
2017-09-28,8522.18,8570.45,8515.9,8561.37
2017-09-29,8568.51,8589.41,8551.59,8563.56
2017-10-09,8488.54,8530.27,8477.05,8491.43
2017-10-10,8483.1,8502.16,8458.51,8483.7
2017-10-11,8464.43,8502.56,8459.57,8499.27
2017-10-12,8499.71,8541.81,8497.66,8518.69
2017-10-13,8510.03,8536.15,8497.24,8516.47
2017-10-16,8564.49,8592.5,8547.08,8587.11
2017-10-17,8526.85,8541.76,8511.61,8518.73
2017-10-18,8500.61,8516.17,8473.09,8484.36
2017-10-19,8475.12,8519,8466.33,8513.97
2017-10-20,8527.05,8527.19,8468.92,8476.44
2017-10-23,8461.84,8480.24,8456.63,8470.75
2017-10-24,8508.6,8517.2,8474.33,8486.61
2017-10-25,8475.08,8479.74,8443.74,8462.95
2017-10-26,8492.08,8506.52,8470.58,8481.17
2017-10-27,8431.43,8448.06,8417.88,8432.11
2017-10-30,8460.95,8462.39,8435.1,8448.66
2017-10-31,8472.46,8477.2,8452.21,8457.92
2017-11-01,8424.36,8468.23,8411.43,8466.94
2017-11-02,8426.53,8452.62,8423.53,8433.7
2017-11-03,8443.66,8457.8,8439.22,8452.99
2017-11-06,8431.61,8436.52,8408.56,8432.15
2017-11-07,8477.29,8484.5,8461.94,8468.48
2017-11-08,8480.29,8495.65,8471.52,8491.88
2017-11-09,8502.97,8555.47,8490.66,8549.76
2017-11-10,8546.19,8556.43,8527.35,8540.37
2017-11-13,8496.37,8502.32,8488.94,8496.16
2017-11-14,8503.6,8504.29,8444.54,8464.05
2017-11-15,8496.55,8525.29,8493.35,8517.02
2017-11-16,8488.44,8490.92,8462.89,8476.93
2017-11-17,8488.34,8526.78,8483.64,8524.76
2017-11-20,8591.83,8600.85,8567.19,8577.63
2017-11-21,8503.37,8516,8495.59,8500.78
2017-11-22,8498.64,8505.07,8469.65,8484.94
2017-11-23,8517.53,8523.35,8476.84,8482.8
2017-11-24,8492.74,8529.92,8488.07,8512.34
2017-11-27,8486.79,8530.54,8485.85,8527.05
2017-11-28,8547.97,8562.49,8526.37,8535.27
2017-11-29,8550.71,8561.66,8541.45,8544.56
2017-11-30,8492.12,8503.29,8467.78,8492.37
2017-12-01,8436.13,8449.36,8426.35,8439.83
2017-12-04,8422.44,8443.24,8415.31,8435.63
2017-12-05,8447.27,8449.56,8427.17,8442.71
2017-12-06,8382.05,8399.49,8372.99,8394.8
2017-12-07,8365.53,8370.84,8313.82,8320.01
2017-12-08,8264.27,8278.19,8250.97,8259.06
2017-12-11,8271.72,8286.55,8259.89,8281.5
2017-12-12,8229.63,8254.27,8227.09,8242.68
2017-12-13,8240.67,8247.49,8217.04,8221.11
2017-12-14,8285.17,8319.7,8284.22,8302.14
2017-12-15,8286.44,8311.94,8283.68,8308
2017-12-18,8284.64,8321.23,8284.05,8317.1
2017-12-19,8338.63,8362.49,8333.91,8344.99
2017-12-20,8335.39,8350.05,8312.51,8317.7
2017-12-21,8313.43,8328,8303,8318.4
2017-12-22,8321.45,8338.29,8309.88,8330.94
2017-12-26,8340.96,8380.84,8339.27,8367.6
2017-12-27,8392,8433.09,8387.02,8431.86
2017-12-28,8441.35,8454.55,8436.15,8446.29
2017-12-29,8454.22,8463.12,8434.09,8446.88
2018-01-02,8512.36,8516.64,8486.98,8515.86
2018-01-03,8581.37,8588.81,8536.27,8542.2
2018-01-04,8521.81,8542.5,8496.65,8537.23
2018-01-05,8573.17,8585.95,8534.44,8536.39
2018-01-08,8545.74,8571.39,8540.55,8562.29
2018-01-09,8563.96,8596.08,8562.57,8589.46
2018-01-10,8565.1,8582.16,8546.8,8575.06
2018-01-11,8595.54,8610.89,8574.7,8590.03
2018-01-12,8588.82,8627.73,8587.64,8607.32
2018-01-15,8635.89,8659.81,8618.45,8640.35
2018-01-16,8631.7,8638.86,8582.88,8591.1
2018-01-17,8628,8634.1,8584.03,8599.53
2018-01-18,8557,8561.14,8525.53,8540.31
2018-01-19,8522.51,8565.31,8497.86,8547.46
2018-01-22,8540.99,8545.29,8518.85,8532.45
2018-01-23,8543.11,8570.5,8534.85,8564.77
2018-01-24,8586.82,8616.91,8566.8,8603
2018-01-25,8622.19,8645.72,8595.18,8599.24
2018-01-26,8541.63,8581.49,8529.36,8567.69
2018-01-29,8547.15,8553.58,8515.98,8532.33
2018-01-30,8502.37,8525.35,8462.22,8520.47
2018-01-31,8470.98,8497.29,8444.9,8459.65
2018-02-01,8470.51,8481.19,8436.66,8449.05
2018-02-02,8476.83,8488.17,8464.7,8476.21
2018-02-05,8412.74,8423.02,8387.72,8406.46
2018-02-06,8471.96,8497.1,8426.39,8443.01
2018-02-07,8326.57,8350.39,8309.23,8340.23
2018-02-08,8329.95,8364.14,8279.86,8312.72
2018-02-09,8411.57,8424.32,8293.25,8308.37
2018-02-12,8302.78,8387.05,8293.51,8369.36
2018-02-13,8363.7,8434.45,8362.66,8429.16
2018-02-14,8435.59,8465.97,8420.25,8421.36
2018-02-22,8411.52,8417.66,8381.92,8396.06
2018-02-23,8432.81,8436.49,8406.17,8410.03
2018-02-26,8401.36,8461.55,8393.91,8445.86
2018-02-27,8395.28,8417.91,8391.17,8414.25
2018-02-28,8332.1,8356.73,8324.4,8355.38
2018-03-01,8344.06,8348.07,8319.52,8324.8
2018-03-02,8356.5,8380.76,8347.49,8355.94
2018-03-05,8374.03,8418.37,8366.27,8405.6
2018-03-06,8363.57,8398.19,8363.16,8397.44
2018-03-07,8469.67,8476.12,8416.57,8422.59
2018-03-08,8373.33,8411.61,8367.27,8396.77
2018-03-09,8381.55,8382.31,8350.72,8354.86
2018-03-12,8368.92,8376.71,8329.7,8331.09
2018-03-13,8375.15,8375.28,8336.56,8344.83
2018-03-14,8386.08,8393.47,8356.76,8359.1
2018-03-15,8356.56,8377.11,8348.15,8353.95
2018-03-16,8329.88,8349.47,8319.19,8343.65
2018-03-19,8313.32,8313.58,8281.17,8302.43
2018-03-20,8329.94,8332.57,8304.95,8306.66
2018-03-21,8297.75,8338.8,8294.52,8328.61
2018-03-22,8397.3,8426.56,8385.99,8412.2
2018-03-23,8448.04,8497.68,8441.63,8485.81
2018-03-26,8514.91,8518.75,8441.49,8444.27
2018-03-27,8443.11,8479.88,8435.84,8455.11
2018-03-28,8432.2,8443.53,8399.19,8415.74
2018-03-29,8341.11,8361.44,8308.62,8313.31
2018-04-02,8310.28,8354.18,8297.98,8349.91
2018-04-03,8420.71,8426.28,8386.35,8393.44
2018-04-04,8368.23,8470.83,8358.62,8465.03
2018-04-09,8405.91,8406.67,8364.99,8380.83
2018-04-10,8425.95,8439.44,8377.31,8403.03
2018-04-11,8421.81,8456.42,8412.17,8455.31
2018-04-12,8488.17,8490.93,8452.15,8464.56
2018-04-13,8400.06,8434.41,8388.91,8412.97
2018-04-16,8432.99,8467.15,8426.98,8439.13
2018-04-17,8452.15,8460.75,8409.77,8423.82
2018-04-18,8455.68,8462.69,8437.04,8452.57
2018-04-19,8476.63,8485.92,8438.71,8454.31
2018-04-20,8439.65,8451.74,8418.22,8429.16
2018-04-23,8376.37,8399.94,8360.55,8372.17
2018-04-24,8364.03,8382.29,8348.24,8369.08
2018-04-25,8384.99,8385.55,8352.27,8367.15
2018-04-26,8363.51,8383.96,8356.88,8358.55
2018-04-27,8340.21,8360.37,8327.15,8348.61
2018-04-30,8363.58,8374.07,8317.31,8327.95
2018-05-01,8306.85,8306.97,8269.78,8288.14
2018-05-02,8277.98,8339.72,8276.86,8330.37
2018-05-03,8326.5,8349.27,8310.81,8330.95
2018-05-04,8334.26,8341,8319.77,8332.55
2018-05-07,8352.88,8383.1,8346.91,8363.88
2018-05-08,8368.46,8372.74,8334.82,8342.39
2018-05-09,8381.93,8383.2,8319.29,8327.09
2018-05-10,8360.26,8371.3,8339.06,8347.16
2018-05-11,8366.12,8383.67,8354.61,8377.23
2018-05-14,8357.9,8368.48,8352.76,8363.69
2018-05-15,8327.6,8334.71,8312.47,8318.06
2018-05-16,8233.47,8248,8207.4,8217.08
2018-05-17,8205.4,8216.62,8179.15,8182.24
2018-05-18,8196.83,8210.11,8186.99,8189.86
2018-05-21,8213.61,8223.78,8175.85,8191.18
2018-05-22,8216.61,8233.37,8193.52,8224.99
2018-05-23,8218.61,8280.28,8211.42,8277.74
2018-05-24,8253.25,8282.45,8250.88,8264.22
2018-05-25,8318.4,8331.2,8304.59,8321.62
2018-05-28,8294.26,8305.82,8268.82,8300.53
2018-05-29,8301.96,8385.4,8299.53,8369.57
2018-05-30,8369.18,8376.46,8321.65,8323.12
2018-05-31,8341.05,8362.84,8332.38,8362.11
2018-06-01,8324.73,8336.46,8312.06,8335.13
2018-06-04,8293.16,8304.27,8275.06,8280.98
2018-06-05,8274.76,8282.57,8260.45,8266.11
2018-06-06,8292.86,8298.67,8264.91,8270.56
2018-06-07,8281.65,8298.18,8265.67,8297.09
2018-06-08,8292.13,8327.23,8282,8322.66
2018-06-11,8315.72,8328.87,8287.3,8291.61
2018-06-12,8313.1,8324.19,8297.16,8305.69
2018-06-13,8300.86,8304.94,8276.58,8287.63
2018-06-14,8300.94,8339.01,8290.67,8336.38
2018-06-15,8367.98,8371.81,8326.68,8345.58
2018-06-18,8253.62,8275.96,8249.88,8263.95
2018-06-19,8280.39,8304.71,8269.58,8292.2
2018-06-20,8255.95,8275.02,8229.34,8243.09
2018-06-21,8225.2,8238.97,8208.81,8221.15
2018-06-22,8236.74,8264.41,8233.14,8249.78
2018-06-25,8292.78,8320.61,8280.06,8315.85
2018-06-26,8287.62,8302.6,8248.07,8271.19
2018-06-27,8288.86,8322.21,8255.01,8315.49
2018-06-28,8296.17,8308.58,8266.5,8306.67
2018-06-29,8285.04,8302.99,8274.1,8290.15
2018-07-02,8309.39,8340.03,8297.89,8337.19
2018-07-03,8300.63,8347.71,8289.42,8299.5
2018-07-04,8368.91,8395.36,8324.84,8339.13
2018-07-05,8339.8,8362.18,8322.3,8324.19
2018-07-06,8378.79,8386.61,8344.7,8350.46
2018-07-09,8365.19,8373,8341.2,8372.13
2018-07-10,8323.02,8333.23,8297.7,8305.07
2018-07-11,8326.91,8351.84,8281.94,8340.14
2018-07-12,8305.01,8333.61,8289.62,8295.7
2018-07-13,8302.29,8320.45,8285.84,8320.35
2018-07-16,8304.61,8328.89,8299.77,8299.77
2018-07-17,8296.67,8312,8276.03,8306.8
2018-07-18,8225.32,8243.11,8204.02,8218.14
2018-07-19,8244.87,8258.33,8227.97,8250.51
2018-07-20,8281.52,8308.66,8250.26,8307.54
2018-07-23,8344.08,8356.59,8318.16,8348.55
2018-07-24,8317.05,8348.33,8291.77,8343.28
2018-07-25,8322.64,8338.41,8309.47,8328
2018-07-26,8342.45,8357.33,8318.15,8323.37
2018-07-27,8308.61,8344.05,8294.68,8331.29
2018-07-30,8325.99,8351.81,8318.09,8337.16
2018-07-31,8327.42,8344.16,8313.85,8327.94
2018-08-01,8327.33,8336.17,8305.31,8314.98
2018-08-02,8299.09,8326.99,8295.64,8321.94
2018-08-03,8263.65,8308.49,8256.86,8297.07
2018-08-06,8297.04,8308.54,8278.76,8290.95
2018-08-07,8280.32,8303.31,8275.42,8297.01
2018-08-08,8277.73,8292.38,8253,8280.32
2018-08-09,8293.25,8303.65,8263.99,8279.2
2018-08-10,8266.43,8299.33,8264.05,8292.04
2018-08-13,8301.5,8318.25,8265.52,8271.71
2018-08-14,8214.88,8238.5,8214.51,8221.96
2018-08-15,8215,8219.82,8184.63,8190.52
2018-08-16,8140.36,8154.53,8044.48,8139.25
2018-08-17,8084.52,8115.63,8062.62,8092.07
2018-08-20,8137.45,8148.3,8112.56,8145.92
2018-08-21,8166.23,8188.17,8150.9,8170.46
2018-08-22,8185.53,8198.27,8161.3,8193.75
2018-08-23,8175.69,8192.29,8149.63,8170.3
2018-08-24,8144.45,8193,8134.86,8160.7
2018-08-27,8216.23,8229.1,8189.82,8219.82
2018-08-28,8252.38,8262.61,8232.97,8259.59
2018-08-29,8179.17,8223.32,8174.1,8220.19
2018-08-30,8229.85,8233.28,8207.29,8218.5
2018-08-31,8210.79,8256.31,8200.68,8248.87
2018-09-03,8192.19,8210.06,8167.39,8193.42
2018-09-04,8188.45,8194.46,8151.53,8164.79
2018-09-05,8158.77,8175.5,8149.78,8157.44
2018-09-06,8176.05,8235.79,8176.05,8220.66
2018-09-07,8206.34,8223.95,8193.51,8212.13
2018-09-10,8183.35,8203.69,8170.86,8191.44
2018-09-11,8192.79,8210.8,8186.35,8193.28
2018-09-12,8224.3,8232.85,8196.53,8216.14
2018-09-13,8271.75,8278.56,8242.34,8253.94
2018-09-14,8223.47,8276.73,8223.19,8263.74
2018-09-17,8195.18,8227.2,8192.52,8226
2018-09-18,8214.55,8240.72,8203.31,8231.51
2018-09-19,8227.52,8257.86,8220.76,8243.64
2018-09-20,8243.04,8264.18,8234.15,8243.94
2018-09-21,8264.36,8283.61,8256.69,8265.14
2018-09-25,8221.66,8256.74,8213.99,8247.29
2018-09-26,8243.68,8264,8231.45,8233.66
2018-09-27,8226.29,8236.89,8211.32,8228.01
2018-09-28,8151.1,8161.5,8130.42,8151.08
2018-10-08,8268.2,8272.42,8222.73,8263.06
2018-10-09,8250.14,8254.28,8213.09,8217.44
2018-10-10,8235.9,8246.5,8210.52,8216.2
2018-10-11,8263.79,8339.29,8252.88,8337
2018-10-12,8413.15,8456.6,8389.47,8456.6
2018-10-15,8437.04,8534.74,8436.97,8520.45
2018-10-16,8481.71,8511.02,8481.71,8500.95
2018-10-17,8465.18,8503.97,8449.78,8496.89
2018-10-18,8466.79,8495.05,8455.93,8484.36
2018-10-19,8504.87,8526.54,8482.74,8517.52
2018-10-22,8505.6,8520.06,8481.66,8486.64
2018-10-23,8490.03,8578.47,8486.38,8564.21
2018-10-24,8541.89,8558.73,8533.28,8540.2
2018-10-25,8576.43,8604.5,8549.01,8555.57
2018-10-26,8559.59,8603.12,8546.67,8590.45
2018-10-29,8557.91,8584.34,8540.9,8548.32
2018-10-30,8562.49,8566,8510.74,8510.74
2018-10-31,8518.72,8518.72,8467.94,8477.94
2018-11-01,8482.25,8522.79,8475.38,8504
2018-11-02,8533.37,8544.94,8488.78,8514.56
2018-11-05,8502.86,8550.27,8491.41,8533.13
2018-11-06,8525.42,8540.14,8504.55,8533.34
2018-11-07,8492.97,8537.72,8462,8529.86
2018-11-08,8480.37,8499.35,8464.96,8476.22
2018-11-09,8477.56,8488.47,8459.95,8476.07
2018-11-12,8421.67,8426.37,8382.8,8409.36
2018-11-13,8372.45,8391.1,8340.73,8347.3
2018-11-14,8367.5,8375.58,8330.71,8331.68
2018-11-15,8418.31,8436.6,8391.52,8399.65
2018-11-16,8423.3,8464.06,8422.31,8449.64
2018-11-19,8478.79,8487.73,8458.58,8473.43
2018-11-20,8495,8510.83,8477.38,8483.49
2018-11-21,8484.01,8502.65,8471.8,8497.87
2018-11-22,8490.13,8518.6,8482.77,8515
2018-11-23,8506.88,8524.92,8482.71,8490.77
2018-11-26,8506.59,8519.22,8488.81,8505.99
2018-11-27,8486.09,8502.35,8471.15,8492.5
2018-11-28,8440.57,8450.75,8431.25,8433.89
2018-11-29,8490.71,8521.74,8485.16,8516.76
2018-11-30,8500.76,8507.59,8489.31,8490.52
2018-12-03,8501.89,8512.69,8460.68,8480.46
2018-12-04,8469.55,8488.56,8450.31,8480.47
2018-12-05,8466.66,8488.89,8442.26,8478.05
2018-12-06,8485.04,8531.72,8481.85,8525.6
2018-12-07,8516.09,8541.92,8513.13,8535.08
2018-12-10,8584.73,8629.81,8576.23,8617.01
2018-12-11,8593.28,8621.02,8591.12,8619.87
2018-12-12,8573.82,8593.49,8552.61,8569.14
2018-12-13,8569.94,8570.01,8548.78,8555.84
2018-12-14,8547.55,8565.65,8533.56,8551.9
2018-12-17,8544.5,8548.54,8529.02,8542.35
2018-12-18,8592.42,8620.01,8587.62,8617.15
2018-12-19,8615.29,8631.54,8600.48,8602.14
2018-12-20,8572.8,8656.33,8565.2,8652.02
2018-12-21,8688.27,8714.13,8673.94,8682.02
2018-12-24,8699.35,8728.06,8699.28,8707.86
2018-12-26,8727.16,8773.35,8706.2,8764.21
2018-12-27,8736.45,8760.17,8716.16,8740.43
2018-12-28,8752.08,8785.98,8748.52,8768.84
2019-01-02,8810.02,8832.09,8780.56,8824.08
2019-01-03,8824.43,8886.89,8816.62,8852.33
2019-01-04,8901.71,8920.56,8854.35,8858.62
2019-01-07,8820.62,8851.6,8807.8,8849.57
2019-01-08,8829.42,8838.14,8788.86,8792.1
2019-01-09,8806.67,8819.14,8743.71,8750.08
2019-01-10,8810.09,8822.07,8763.02,8767.15
2019-01-11,8744.91,8752.47,8706.8,8711.11
2019-01-14,8707.38,8753.93,8699.43,8752.07
2019-01-15,8740.21,8748.62,8695.02,8708.31
2019-01-16,8717.09,8744.74,8710.36,8714.79
2019-01-17,8734.75,8768.12,8732.89,8759.54
2019-01-18,8754.56,8759.2,8698.64,8708.02
2019-01-21,8693.14,8714.06,8676.99,8688.64
2019-01-22,8693.49,8747.01,8682.53,8740.8
2019-01-23,8744.89,8747.33,8697.24,8715.94
2019-01-24,8718.26,8723.74,8678.71,8693.21
2019-01-25,8692.33,8698.78,8673.19,8680.88
2019-01-28,8769.43,8785.55,8753.31,8763.27
2019-01-29,8793.87,8815.79,8785.82,8805.01
2019-01-30,8822.83,8837.65,8811.16,8823.06
2019-01-31,8856.13,8866.95,8825.13,8862.72
2019-02-01,8846.17,8892.93,8832.52,8886.33
2019-02-11,8857.67,8896.45,8848.73,8876.63
2019-02-12,8880.82,8900.01,8869.86,8892.1
2019-02-13,8870.36,8882.22,8860.77,8874.96
2019-02-14,8840.14,8862.88,8835.47,8850.32
2019-02-15,8883.14,8919.47,8882.13,8914.09
2019-02-18,8944.57,8968.03,8937.19,8963.55
2019-02-19,8973.63,8996.1,8963.88,8992.27
2019-02-20,9050.07,9080.19,9017.42,9025.7
2019-02-21,9005.63,9012.76,8952.8,8960.52
2019-02-22,8909.67,8922.31,8890.94,8891.98
2019-02-25,8911.39,8931.04,8879.1,8891.37
2019-02-26,8873.29,8906.62,8863.04,8880.99
2019-02-27,8904.44,8908.01,8853.26,8861.81
2019-02-28,8828.16,8861.76,8800.16,8858.4
2019-03-01,8792.05,8806.3,8760.08,8771.88
2019-03-04,8684.23,8695.96,8616.22,8629.18
2019-03-05,8629.67,8640.11,8604.46,8610.04
2019-03-06,8638,8667.28,8622.16,8622.89
2019-03-07,8640.26,8644.45,8592.69,8627.03
2019-03-08,8634.46,8709.46,8628.53,8697.19
2019-03-11,8717.65,8731.52,8709.1,8715.05
2019-03-12,8689.56,8711.92,8685.51,8702.07
2019-03-13,8733.09,8778.46,8731.29,8777.26
2019-03-14,8781.91,8784.58,8708.61,8714.95
2019-03-15,8712.45,8760.86,8700.81,8744.68
2019-03-18,8732.65,8765.6,8715.35,8764.81
2019-03-19,8750.68,8783.19,8749.58,8768.07
2019-03-20,8763.99,8770.46,8717.5,8726.01
2019-03-21,8803.51,8823.7,8790.28,8816.43
2019-03-22,8760.8,8820.59,8750.13,8816.53
2019-03-25,8809.69,8846.14,8805.6,8842.63
2019-03-26,8864.74,8867.94,8826.99,8828.61
2019-03-27,8838.94,8861.04,8824.11,8856.49
2019-03-28,8806.67,8829.65,8792.21,8798.6
2019-03-29,8700.72,8710.88,8645.27,8670.22
2019-04-01,8669.07,8682.64,8642.93,8665.51
2019-04-02,8639.8,8664.13,8635.42,8658.7
2019-04-03,8683.45,8689.74,8657.5,8662.79
2019-04-04,8669.69,8685.65,8657.95,8675.28
2019-04-08,8679.34,8722.3,8678.68,8714.19
2019-04-09,8719.11,8738.86,8708.31,8732.45
2019-04-10,8755.39,8765.19,8740.58,8761.73
2019-04-11,8782.74,8786.47,8753.8,8763.87
2019-04-12,8681.84,8699.09,8671.53,8684.59
2019-04-15,8647,8651.16,8620.9,8623.33
2019-04-16,8640.71,8640.71,8605.7,8612.57
2019-04-17,8566.88,8571.27,8525.43,8531.7
2019-04-18,8523.11,8566.41,8505.3,8555.9
2019-04-22,8559.11,8589.56,8550,8585.22
2019-04-23,8553.55,8567.29,8541.82,8553.56
2019-04-24,8553.42,8556.49,8527.6,8554.07
2019-04-25,8566.7,8615.47,8558.49,8611.29
2019-04-26,8621.48,8643.39,8613.32,8622.22
2019-04-29,8652.67,8662.37,8625.16,8633.83
2019-04-30,8622.39,8655.49,8622.39,8652.08
2019-05-06,8652.56,8718.41,8631.05,8672
2019-05-07,8674.65,8700.15,8655.06,8668.5
2019-05-08,8709.35,8737.13,8696.46,8736.32
2019-05-09,8690.45,8768.47,8687.88,8760.44
2019-05-10,8761.08,8773.58,8726.68,8759.56
2019-05-13,8783.66,8830.78,8766.5,8823.03
2019-05-14,8952.94,8962.58,8914.52,8932.07
2019-05-15,8916.15,8934.92,8876.4,8927.67
2019-05-16,8915.7,8942.2,8899.98,8908.13
2019-05-17,8854.77,8902.33,8844.44,8885.13
2019-05-20,8840.21,8846.6,8806.26,8817.33
2019-05-21,8827.14,8827.61,8796.73,8812.82
2019-05-22,8798.37,8806.46,8784.19,8791.04
2019-05-23,8800.29,8829.03,8793.35,8828.1
2019-05-24,8868.61,8880.87,8846.54,8847.69
2019-05-27,8864.04,8881.79,8857.16,8871.75
2019-05-28,8870.27,8882.71,8851.71,8870.56
2019-05-29,8840.9,8888.27,8837.08,8865.65
2019-05-30,8849.67,8852.28,8804.32,8815.51
2019-05-31,8906.89,8966.23,8905.6,8966.02
2019-06-03,9038.93,9089.62,9032.99,9079.37
2019-06-04,9147.98,9188.46,9127.91,9155.25
2019-06-05,9156.65,9243.33,9156.65,9239.87
2019-06-06,9192.52,9249.07,9170.02,9241.23
2019-06-10,9221.36,9237.94,9178.71,9205.07
2019-06-11,9211.02,9216.06,9132.26,9139.97
2019-06-12,9176.65,9261.78,9164.37,9245.56
2019-06-13,9222.88,9267.52,9215.79,9256.02
2019-06-14,9306.51,9402.12,9288.02,9377.98
2019-06-17,9269.06,9290.14,9229.52,9233.02
2019-06-18,9280.28,9336.38,9270.87,9324.83
2019-06-19,9284.98,9304.09,9259.51,9266.83
2019-06-20,9373.37,9589.75,9372.33,9475.36
2019-06-21,9530.99,9648.89,9505.96,9550.35
2019-06-24,9661.3,9692.47,9632.23,9676.7
2019-06-25,9785.29,9899.46,9773.76,9832.09
2019-06-26,9759.37,9771.84,9658.64,9666.09
2019-06-27,9708.3,9713.28,9637.42,9660.06
2019-06-28,9705.48,9794.57,9670.12,9705.63
2019-07-01,9561.35,9591.2,9456.94,9510.91
2019-07-02,9494.52,9590.5,9479.22,9577.48
2019-07-03,9828.17,9879.76,9782.87,9803.89
2019-07-04,9761.74,9774.19,9690.45,9722.27
2019-07-05,9763.39,9765.4,9712.21,9723.79
2019-07-08,9620.62,9695.46,9620.3,9669.56
2019-07-09,9591.26,9609.43,9547.02,9556.35
2019-07-10,9602.89,9612.64,9566.16,9605.6
2019-07-11,9772.85,9804.66,9743.95,9762
2019-07-12,9644.85,9708.01,9644.85,9673.21
2019-07-15,9741.06,9750.05,9694.07,9734.84
2019-07-16,9738.69,9738.69,9704.96,9733.19
2019-07-17,9661.21,9682.65,9630.49,9637.5
2019-07-18,9796.58,9816.51,9759.58,9778.07
2019-07-19,9926.72,9936.52,9879.12,9906.14
2019-07-22,9806.38,9835.36,9783.92,9807.59
2019-07-23,9795.11,9800.57,9736.92,9756.94
2019-07-24,9748.05,9810.28,9744.65,9808.53
2019-07-25,9796.19,9816.27,9772.19,9805.21
2019-07-26,9721.72,9770.5,9715.32,9760
2019-07-29,9770.48,9797.54,9761.1,9779.18
2019-07-30,9820.89,9833.64,9797.3,9827.8
2019-07-31,9849.91,9867.02,9822.22,9848.5
2019-08-01,9719.63,9736.24,9667.42,9710.24
2019-08-02,9927.95,9991.37,9872.09,9974.13
2019-08-05,9985.29,10272,9983.55,10254
2019-08-06,10385,10392,10250,10290
2019-08-07,10369,10501,10361,10480
2019-08-08,10604,10636,10525,10538
2019-08-09,10598,10633,10565,10610
2019-08-12,10600,10621,10510,10614
2019-08-13,10672,10831,10655,10831
2019-08-14,10565,10587,10493,10535
2019-08-15,10654,10711,10599,10680
2019-08-16,10739,10745,10603,10626
2019-08-19,10632,10652,10556,10563
2019-08-20,10553,10629,10542,10624
2019-08-21,10634,10640,10565,10601
2019-08-22,10611,10641,10594,10620
2019-08-23,10607,10615,10583,10594
2019-08-26,10973,11041,10899,10939
2019-08-27,10929,10995,10911,10969
2019-08-28,11052,11061,10973,11043
2019-08-29,11019,11113,10983,11000
2019-08-30,10921,10962,10868,10905
2019-09-02,10940,10946,10891,10940
2019-09-03,10943,11006,10928,11000
2019-09-04,11119,11121,10988,11000
2019-09-05,11079,11081,10993,11012
2019-09-06,10853,10866,10698,10720
2019-09-09,10712,10777,10712,10756
2019-09-10,10659,10663,10581,10625
2019-09-11,10580,10638,10579,10619
2019-09-12,10621,10676,10576,10651
2019-09-16,10663,10699,10589,10626
2019-09-17,10588,10643,10579,10628
2019-09-18,10644,10656,10634,10653
2019-09-19,10564,10643,10550,10622
2019-09-20,10646,10677,10633,10655
2019-09-23,10738,10843,10720,10822
2019-09-24,10823,10834,10796,10805
2019-09-25,10896,10921,10866,10901
2019-09-26,10747,10766,10730,10754
2019-09-27,10743,10756,10642,10651
2019-09-30,10662,10663,10604,10619
2019-10-08,10667,10708,10603,10706
2019-10-09,10775,10796,10688,10691
2019-10-10,10781,10797,10696,10740
2019-10-11,10628,10673,10594,10597
2019-10-14,10532,10588,10479,10572
2019-10-15,10537,10582,10530,10573
2019-10-16,10493,10546,10487,10518
2019-10-17,10570,10591,10486,10507
2019-10-18,10565,10574,10530,10547
2019-10-21,10562,10566,10519,10550
2019-10-22,10501,10546,10478,10535
2019-10-23,10539,10579,10528,10563
2019-10-24,10541,10553,10514,10529
2019-10-25,10621,10656,10610,10641
2019-10-28,10628,10649,10612,10643
2019-10-29,10543,10558,10517,10551
2019-10-30,10510,10524,10499,10519
2019-10-31,10548,10612,10533,10606
2019-11-01,10642,10660,10622,10638
2019-11-04,10646,10650,10603,10616
2019-11-05,10592,10600,10513,10520
2019-11-06,10405,10424,10374,10419
2019-11-07,10428,10469,10353,10357
2019-11-08,10244,10288,10224,10253
2019-11-11,10217,10274,10215,10273
2019-11-12,10204,10213,10147,10201
2019-11-13,10217,10294,10211,10289
2019-11-14,10280,10326,10256,10318
2019-11-15,10315,10318,10250,10260
2019-11-18,10295,10298,10224,10224
2019-11-19,10339,10365,10294,10295
2019-11-20,10357,10405,10343,10387
2019-11-21,10370,10395,10339,10345
2019-11-22,10298,10364,10283,10361
2019-11-25,10283,10290,10241,10267
2019-11-26,10230,10274,10202,10262
2019-11-27,10272,10275,10243,10246
2019-11-28,10240,10254,10227,10245
2019-11-29,10244,10265,10217,10220
2019-12-02,10276,10276,10240,10253
2019-12-03,10297,10338,10281,10328
2019-12-04,10427,10496,10394,10401
2019-12-05,10401,10425,10373,10378
2019-12-06,10395,10406,10353,10369
2019-12-09,10273,10303,10261,10296
2019-12-10,10284,10312,10275,10306
2019-12-11,10296,10330,10293,10327
2019-12-12,10378,10387,10353,10365
2019-12-13,10227,10292,10221,10270
2019-12-16,10296,10357,10291,10351
2019-12-17,10319,10358,10311,10344
2019-12-18,10325,10354,10321,10348
2019-12-19,10330,10352,10322,10332
2019-12-20,10363,10380,10350,10362
2019-12-23,10362,10415,10359,10410
2019-12-24,10420,10461,10410,10449
2019-12-26,10481,10534,10468,10524
2019-12-27,10566,10598,10548,10572
2019-12-30,10588,10599,10564,10570
2019-12-31,10584,10633,10584,10606
2020-01-02,10576,10596,10566,10582
2020-01-03,10638,10807,10637,10778
2020-01-06,10929,11012,10919,10993
2020-01-07,10900,10909,10831,10859
2020-01-08,11076,11217,10963,10994
2020-01-09,10803,10814,10660,10721
2020-01-10,10751,10756,10709,10713
2020-01-13,10782,10788,10659,10667
2020-01-14,10624,10647,10556,10630
2020-01-15,10694,10717,10663,10709
2020-01-16,10726,10733,10687,10708
2020-01-17,10673,10700,10655,10677
2020-01-20,10696,10721,10677,10716
2020-01-21,10727,10818,10719,10741
2020-01-22,10752,10764,10696,10757
2020-01-23,10792,10812,10761,10772
2020-01-24,10812,10836,10786,10836
2020-01-27,11010,11065,10965,11055
2020-01-28,11041,11056,10987,11024
2020-01-29,10915,10949,10873,10940
2020-01-30,10992,11081,10986,11048
2020-01-31,11004,11042,10961,11038
2020-02-03,11116,11117,11038,11084
2020-02-04,11073,11084,10947,10970
2020-02-05,10865,10941,10794,10813
2020-02-06,10857,10909,10805,10902
2020-02-07,10926,10978,10905,10977
2020-02-10,11036,11038,10957,11000
2020-02-11,10971,10974,10929,10945
2020-02-12,10916,10933,10888,10917
2020-02-13,10966,11006,10952,11005
2020-02-14,11021,11028,10987,11014
2020-02-17,11057,11067,11024,11040
2020-02-18,11073,11140,11072,11136
2020-02-19,11205,11262,11201,11256
2020-02-20,11283,11335,11262,11313
2020-02-21,11434,11543,11404,11515
2020-02-24,11747,11888,11684,11842
2020-02-25,11632,11642,11464,11608
2020-02-26,11520,11639,11507,11599
2020-02-27,11545,11615,11521,11550
2020-02-28,11525,11551,11365,11370
2020-03-02,11070,11220,11047,11219
2020-03-03,11078,11163,11066,11153
2020-03-04,11436,11447,11326,11361
2020-03-05,11336,11410,11330,11403
2020-03-06,11615,11698,11590,11680
2020-03-09,11757,11795,11511,11554
2020-03-10,11576,11612,11443,11534
2020-03-11,11505,11594,11487,11552
2020-03-12,11454,11521,11381,11442
2020-03-13,11090,11156,10921,11073
2020-03-16,10918,10936,10615,10723
2020-03-17,10577,10653,10328,10349
2020-03-18,10801,10814,10483,10538
2020-03-19,10573,10616,10416,10558
2020-03-20,10547,10734,10519,10706
2020-03-23,10653,10720,10597,10654
2020-03-24,11136,11300,11078,11246
2020-03-25,11562,11579,11355,11537
2020-03-26,11492,11492,11372,11458
2020-03-27,11513,11557,11473,11537
2020-03-30,11520,11564,11464,11530
2020-03-31,11500,11515,11392,11420
2020-04-01,11196,11380,11185,11334
2020-04-02,11343,11387,11269,11318
2020-04-03,11441,11497,11416,11470
2020-04-06,11530,11639,11484,11621
2020-04-07,11821,11838,11630,11664
2020-04-08,11653,11706,11617,11691
2020-04-09,11644,11757,11636,11749
2020-04-13,11894,11945,11854,11927
2020-04-14,12119,12187,12058,12147
2020-04-15,12158,12201,12070,12126
2020-04-16,12143,12224,12124,12200
2020-04-17,12144,12158,11944,11975
2020-04-20,11870,11940,11842,11888
2020-04-21,11983,12052,11890,11926
2020-04-22,11987,12115,11924,12077
2020-04-23,12155,12251,12124,12235
2020-04-24,12262,12282,12213,12252
2020-04-27,12235,12239,12135,12167
2020-04-28,12118,12147,12007,12091
2020-04-29,12082,12133,12056,12086
2020-04-30,12114,12148,12077,12111
2020-05-01,11980,12051,11915,11929
2020-05-04,12163,12185,12103,12165
2020-05-05,12147,12171,12040,12092
2020-05-06,12133,12166,12082,12112
2020-05-07,12052,12080,11986,12047
2020-05-08,12156,12222,12136,12202
2020-05-11,12105,12136,12070,12082
2020-05-12,12069,12119,12045,12107
2020-05-13,12108,12124,12072,12093
2020-05-14,12226,12226,12166,12216
2020-05-15,12315,12374,12299,12346
2020-05-18,12536,12595,12503,12590
2020-05-19,12348,12394,12292,12361
2020-05-20,12430,12476,12413,12454
2020-05-21,12417,12424,12307,12327
2020-05-22,12313,12458,12300,12419
2020-05-25,12370,12380,12334,12367
2020-05-26,12345,12397,12294,12297
2020-05-27,12237,12275,12222,12232
2020-05-28,12292,12377,12269,12369
2020-05-29,12345,12370,12286,12359
2020-06-01,12417,12455,12355,12404
2020-06-02,12420,12428,12349,12364
2020-06-03,12271,12307,12202,12212
2020-06-04,12106,12174,12094,12169
2020-06-05,12176,12207,12094,12115
2020-06-08,11887,12006,11886,11986
2020-06-09,11982,12119,11970,12110
2020-06-10,12129,12169,12123,12139
2020-06-11,12257,12286,12209,12244
2020-06-12,12224,12282,12203,12244
2020-06-15,12290,12296,12144,12155
2020-06-16,12198,12263,12166,12228
2020-06-17,12227,12248,12138,12153
2020-06-18,12231,12288,12181,12209
2020-06-19,12201,12259,12200,12241
2020-06-22,12382,12445,12329,12369
2020-06-23,12388,12467,12353,12406
2020-06-24,12494,12563,12470,12561
2020-06-25,12475,12532,12455,12479
2020-06-26,12506,12515,12447,12492
2020-06-29,12550,12570,12503,12514
2020-06-30,12544,12545,12505,12532
2020-07-01,12604,12643,12577,12627
2020-07-02,12499,12538,12472,12537
2020-07-03,12556,12563,12526,12550
2020-07-06,12545,12554,12475,12478
2020-07-07,12531,12531,12462,12479
2020-07-08,12608,12657,12580,12651
2020-07-09,12658,12689,12628,12664
2020-07-10,12623,12669,12592,12656
2020-07-13,12623,12677,12614,12664
2020-07-14,12620,12654,12590,12626
2020-07-15,12671,12688,12639,12643
2020-07-16,12664,12675,12622,12630
2020-07-17,12578,12624,12568,12624
2020-07-20,12648,12665,12630,12657
2020-07-21,12703,12755,12679,12747
2020-07-22,12849,13012,12846,13002
2020-07-23,13132,13218,13062,13192
2020-07-24,13211,13334,13190,13294
2020-07-27,13428,13609,13409,13607
2020-07-28,13740,13849,13367,13516
2020-07-29,13705,13760,13645,13692
2020-07-30,13768,13787,13636,13703
2020-07-31,13698,13863,13687,13784
2020-08-03,13849,13853,13754,13769
2020-08-04,13789,13825,13767,13797
2020-08-05,14126,14180,13999,14161
2020-08-06,14128,14260,14123,14226
2020-08-07,14369,14426,14296,14321
2020-08-10,14124,14187,14119,14141
2020-08-11,14117,14117,13785,13806
2020-08-12,13276,13539,12961,13411
2020-08-13,13328,13464,13316,13408
2020-08-14,13596,13628,13459,13533
2020-08-17,13415,13577,13392,13527
2020-08-18,13756,13912,13733,13895
2020-08-19,13852,13856,13700,13724
2020-08-20,13331,13528,13326,13361
2020-08-21,13482,13503,13321,13371
2020-08-24,13373,13472,13351,13455
2020-08-25,13333,13383,13275,13285
2020-08-26,13316,13329,13194,13210
2020-08-27,13427,13440,13331,13367
2020-08-28,13270,13448,13244,13419
2020-08-31,13541,13548,13399,13458
2020-09-01,13478,13590,13474,13558
2020-09-02,13478,13482,13359,13451
2020-09-03,13281,13317,13183,13207
2020-09-04,13218,13290,13214,13267
2020-09-07,13227,13265,13168,13179
2020-09-08,13191,13226,13106,13123
2020-09-09,13238,13254,13183,13208
2020-09-10,13309,13339,13285,13334
2020-09-11,13300,13334,13248,13305
2020-09-14,13279,13324,13246,13253
2020-09-15,13328,13351,13284,13312
2020-09-16,13250,13306,13232,13273
2020-09-17,13230,13238,13116,13140
2020-09-18,13151,13216,13148,13200
2020-09-21,13185,13222,13074,13095
2020-09-22,13009,13035,12882,12921
2020-09-23,12922,12936,12731,12826
2020-09-24,12669,12740,12628,12670
2020-09-25,12740,12795,12690,12748
2020-09-28,12708,12730,12620,12638
2020-09-29,12829,12882,12805,12867
2020-09-30,12933,12940,12829,12845
2020-10-01,12806,12823,12749,12798
2020-10-02,12849,12970,12800,12899
2020-10-05,12848,12849,12741,12790
2020-10-06,12860,12889,12836,12860
2020-10-07,12679,12774,12641,12708
2020-10-08,12701,12756,12692,12745
2020-10-09,12775,12852,12773,12814
2020-10-12,12986,13004,12910,12980
2020-10-13,12976,13004,12893,12935
2020-10-14,12755,12795,12694,12777
2020-10-15,12755,12791,12699,12758
2020-10-16,12800,12827,12772,12772
2020-10-19,12726,12805,12694,12770
2020-10-20,12710,12727,12658,12717
2020-10-21,12724,12777,12711,12733
2020-10-22,12770,12801,12721,12794
2020-10-23,12705,12736,12688,12707
2020-10-26,12652,12740,12650,12738
2020-10-27,12748,12796,12735,12759
2020-10-28,12798,12823,12758,12760
2020-10-29,12637,12643,12592,12597
2020-10-30,12526,12559,12486,12536
2020-11-02,12572,12644,12551,12620
2020-11-03,12675,12700,12634,12685
2020-11-04,12756,12820,12638,12718
2020-11-05,12621,12732,12619,12697
2020-11-06,12871,12909,12815,12876
2020-11-09,12891,12894,12808,12851
2020-11-10,12381,12489,12342,12391
2020-11-11,12400,12446,12368,12442
2020-11-12,12343,12412,12318,12384
2020-11-13,12408,12459,12398,12431
2020-11-16,12457,12499,12402,12455
2020-11-17,12416,12427,12365,12384
2020-11-18,12327,12341,12271,12306
2020-11-19,12297,12301,12201,12260
2020-11-20,12264,12283,12230,12271
2020-11-23,12271,12311,12250,12262
2020-11-24,12065,12074,11980,12001
2020-11-25,11893,11932,11844,11917
2020-11-26,11882,11945,11856,11914
2020-11-27,11884,11913,11866,11889
2020-11-30,11740,11748,11605,11656
2020-12-01,11704,11789,11688,11789
2020-12-02,11868,11981,11837,11968
2020-12-03,11976,12073,11952,12031
2020-12-04,12029,12060,11985,12005
2020-12-07,11959,12019,11902,11961
2020-12-08,12156,12205,12130,12153
2020-12-09,12194,12197,12070,12122
2020-12-10,11981,12028,11953,11970
2020-12-11,12010,12019,11956,12015
2020-12-14,12000,12000,11910,11925
2020-12-15,11934,12071,11916,12057
2020-12-16,12073,12138,12066,12136
2020-12-17,12138,12256,12119,12222
2020-12-18,12277,12316,12237,12263
2020-12-21,12290,12467,12290,12338
2020-12-22,12274,12318,12214,12242
2020-12-23,12188,12221,12165,12196
2020-12-24,12235,12265,12220,12251
2020-12-28,12310,12383,12243,12311
2020-12-29,12259,12292,12226,12264
2020-12-30,12248,12279,12227,12231
2020-12-31,12329,12358,12264,12335
2021-01-04,12416,12471,12386,12455
2021-01-05,12524,12554,12450,12539
2021-01-06,12554,12612,12504,12611
2021-01-07,12405,12412,12339,12374
2021-01-08,12392,12395,12155,12223
2021-01-11,11951,12007,11771,11970
2021-01-12,11959,12030,11920,12023
2021-01-13,11975,12013,11946,11987
2021-01-14,11949,11969,11842,11895
2021-01-15,11952,12022,11939,12014
2021-01-18,11749,11950,11749,11923
2021-01-19,11934,11982,11921,11954
2021-01-20,11922,12022,11913,12004
2021-01-21,12091,12114,12062,12099
2021-01-22,12091,12095,12036,12052
2021-01-25,12058,12074,11997,12048
2021-01-26,12034,12064,12004,12014
2021-01-27,11982,12000,11930,11956
2021-01-28,11967,11985,11922,11948
2021-01-29,11936,11984,11912,11954
2021-02-01,11981,12100,11925,12046
2021-02-02,12020,12054,11926,11952
2021-02-03,11869,11921,11849,11873
2021-02-04,11844,11851,11712,11729
2021-02-05,11623,11737,11600,11708
2021-02-08,11742,11746,11667,11708
2021-02-09,11799,11877,11798,11861
2021-02-10,11789,11862,11781,11827
2021-02-11,11841,11855,11798,11831
2021-02-12,11734,11741,11667,11692
2021-02-15,11693,11726,11638,11643
2021-02-16,11647,11707,11647,11701
2021-02-17,11504,11561,11492,11502
2021-02-18,11444,11548,11432,11536
2021-02-19,11435,11485,11368,11411
2021-02-22,11501,11642,11499,11625
2021-02-23,11704,11728,11661,11664
2021-02-24,11663,11712,11620,11627
2021-02-25,11628,11635,11523,11572
2021-02-26,11509,11523,11375,11412
2021-03-01,11256,11376,11241,11306
2021-03-02,11150,11184,11064,11173
2021-03-03,11242,11246,11162,11177
2021-03-04,11079,11143,11048,11105
2021-03-05,10994,11025,10949,11006
2021-03-08,11114,11160,11059,11069
2021-03-09,11039,11117,11011,11103
2021-03-10,11192,11212,11145,11166
2021-03-11,11225,11299,11206,11248
2021-03-12,11171,11196,11068,11080
2021-03-15,11216,11267,11211,11240
2021-03-16,11248,11283,11217,11253
2021-03-17,11261,11300,11251,11290
2021-03-18,11346,11393,11273,11291
2021-03-19,11291,11359,11259,11311
2021-03-22,11323,11347,11246,11270
2021-03-23,11322,11325,11268,11321
2021-03-24,11269,11317,11245,11310
2021-03-25,11324,11361,11308,11328
2021-03-26,11313,11327,11275,11317
2021-03-29,11324,11341,11298,11325
2021-03-30,11258,11279,11142,11142
2021-03-31,11080,11097,11029,11067
2021-04-01,11205,11317,11190,11294
2021-04-05,11359,11375,11328,11350
2021-04-06,11345,11396,11325,11355
2021-04-07,11406,11408,11361,11376
2021-04-08,11378,11460,11359,11437
2021-04-09,11503,11516,11454,11460
2021-04-12,11423,11443,11385,11406
2021-04-13,11340,11374,11299,11317
2021-04-14,11430,11446,11386,11392
2021-04-15,11346,11423,11337,11406
2021-04-16,11523,11557,11493,11554
2021-04-19,11601,11649,11583,11639
2021-04-20,11534,11539,11458,11493
2021-04-21,11554,11614,11550,11563
2021-04-22,11646,11661,11590,11603
2021-04-23,11587,11618,11565,11594
2021-04-26,11523,11564,11514,11544
2021-04-27,11530,11554,11497,11551
2021-04-28,11508,11509,11427,11446
2021-04-29,11551,11574,11473,11477
2021-04-30,11455,11469,11411,11423
2021-05-03,11448,11542,11441,11517
2021-05-04,11602,11605,11555,11563
2021-05-05,11533,11558,11512,11534
2021-05-06,11581,11630,11559,11610
2021-05-07,11737,11769,11713,11740
2021-05-10,11773,11820,11754,11768
2021-05-11,11789,11810,11769,11801
2021-05-12,11802,11819,11750,11814
2021-05-13,11728,11764,11693,11698
2021-05-14,11771,11827,11738,11809
2021-05-17,11892,11952,11877,11918
2021-05-18,12036,12058,11995,12001
2021-05-19,12012,12045,11959,11969
2021-05-20,12020,12098,12005,12026
2021-05-21,12059,12090,12035,12078
2021-05-24,12116,12147,12058,12092
2021-05-25,12043,12073,11991,12051
2021-05-26,12166,12209,12141,12177
2021-05-27,12105,12138,12069,12084
2021-05-28,12108,12112,12026,12046
2021-05-31,12124,12156,12104,12132
2021-06-01,12155,12211,12137,12158
2021-06-02,12118,12142,12097,12112
2021-06-03,12180,12188,12087,12108
2021-06-04,11975,12012,11886,11993
2021-06-07,12075,12094,12031,12047
2021-06-08,12130,12158,12080,12103
2021-06-09,12118,12132,12059,12074
2021-06-10,12062,12070,11985,12008
2021-06-11,12118,12153,12069,12089
2021-06-14,11981,11982,11903,11916
2021-06-15,11964,11970,11903,11934
2021-06-16,11899,11916,11872,11901
2021-06-17,11706,11728,11604,11629
2021-06-18,11464,11579,11459,11563
2021-06-21,11419,11564,11419,11550
2021-06-22,11534,11577,11510,11541
2021-06-23,11511,11579,11506,11554
2021-06-24,11515,11541,11495,11528
2021-06-25,11491,11526,11474,11509
2021-06-28,11506,11543,11449,11476
2021-06-29,11488,11496,11422,11453
2021-06-30,11388,11405,11335,11360
2021-07-01,11438,11513,11421,11488
2021-07-02,11494,11573,11492,11560
2021-07-05,11556,11593,11541,11583
2021-07-06,11578,11697,11577,11694
2021-07-07,11633,11692,11625,11678
2021-07-08,11678,11773,11645,11753
2021-07-09,11707,11737,11664,11721
2021-07-12,11706,11734,11651,11674
2021-07-13,11706,11726,11683,11704
2021-07-14,11704,11758,11698,11744
2021-07-15,11804,11847,11791,11830
2021-07-16,11826,11843,11780,11802
2021-07-19,11759,11774,11695,11705
2021-07-20,11767,11808,11747,11778
2021-07-21,11733,11753,11674,11684
2021-07-22,11654,11661,11594,11620
2021-07-23,11703,11730,11663,11675
2021-07-26,11661,11750,11657,11731
2021-07-27,11653,11740,11628,11693
2021-07-28,11740,11778,11699,11710
2021-07-29,11741,11796,11735,11771
2021-07-30,11821,11839,11793,11812
2021-08-02,11729,11746,11676,11700
2021-08-03,11718,11725,11685,11701
2021-08-04,11709,11725,11694,11717
2021-08-05,11709,11724,11680,11691
2021-08-06,11653,11655,11623,11633
2021-08-09,11131,11348,11071,11291
2021-08-10,11229,11267,11213,11219
2021-08-11,11204,11259,11190,11254
2021-08-12,11349,11390,11330,11357
2021-08-13,11361,11411,11351,11401
2021-08-16,11532,11546,11479,11498
2021-08-17,11576,11648,11561,11632
2021-08-18,11597,11630,11582,11596
2021-08-19,11588,11632,11532,11616
2021-08-20,11565,11637,11563,11593
2021-08-23,11568,11617,11541,11600
2021-08-24,11692,11701,11665,11686
2021-08-25,11660,11663,11599,11615
2021-08-26,11588,11602,11560,11570
2021-08-27,11627,11702,11624,11636
2021-08-30,11759,11784,11723,11741
2021-08-31,11705,11751,11702,11720
2021-09-01,11711,11732,11687,11718
2021-09-02,11701,11732,11693,11725
2021-09-03,11671,11714,11664,11688
2021-09-06,11766,11787,11758,11771
2021-09-07,11761,11789,11694,11697
2021-09-08,11603,11639,11594,11603
2021-09-09,11559,11589,11543,11582
2021-09-10,11583,11616,11558,11559
2021-09-13,11512,11568,11499,11544
2021-09-14,11554,11558,11512,11514
2021-09-15,11615,11624,11572,11582
2021-09-16,11542,11551,11444,11452
2021-09-17,11325,11406,11318,11400
2021-09-20,11352,11414,11298,11408
2021-09-21,11440,11447,11387,11444
2021-09-22,11509,11525,11481,11490
2021-09-23,11439,11450,11387,11435
2021-09-24,11288,11362,11281,11342
2021-09-27,11304,11376,11301,11303
2021-09-28,11313,11331,11215,11231
2021-09-29,11227,11281,11219,11277
2021-09-30,11204,11228,11174,11183
2021-10-01,11306,11347,11262,11299
2021-10-04,11361,11384,11287,11294
2021-10-05,11405,11409,11316,11335
2021-10-06,11343,11347,11282,11303
2021-10-07,11387,11397,11336,11361
2021-10-08,11320,11360,11315,11351
2021-10-11,11308,11339,11286,11314
2021-10-12,11322,11382,11311,11362
2021-10-13,11362,11407,11352,11395
2021-10-14,11521,11569,11498,11566
2021-10-15,11556,11562,11450,11466
2021-10-18,11390,11400,11326,11336
2021-10-19,11340,11405,11336,11355
2021-10-20,11276,11372,11269,11369
2021-10-21,11392,11433,11381,11430
2021-10-22,11412,11468,11404,11449
2021-10-25,11458,11505,11436,11492
2021-10-26,11538,11538,11488,11502
2021-10-27,11443,11444,11392,11428
2021-10-28,11490,11542,11479,11499
2021-10-29,11499,11502,11448,11493
2021-11-01,11420,11445,11398,11426
2021-11-02,11463,11490,11441,11482
2021-11-03,11441,11446,11378,11396
2021-11-04,11365,11378,11323,11374
2021-11-05,11456,11522,11452,11491
2021-11-08,11617,11650,11587,11617
2021-11-09,11661,11681,11633,11662
2021-11-10,11693,11698,11655,11662
2021-11-11,11828,11933,11805,11914
2021-11-12,11904,11904,11791,11810
2021-11-15,11904,11904,11840,11879
2021-11-16,11885,11961,11874,11955
2021-11-17,11823,11880,11822,11865
2021-11-18,11902,11928,11880,11901
2021-11-19,11866,11920,11824,11917
2021-11-22,11794,11820,11748,11781
2021-11-23,11559,11572,11455,11489
2021-11-24,11451,11481,11436,11455
2021-11-25,11446,11470,11446,11452
2021-11-26,11451,11571,11439,11569
2021-11-29,11485,11488,11434,11485
2021-11-30,11410,11463,11381,11457
2021-12-01,11291,11419,11291,11366
2021-12-02,11348,11356,11281,11302
2021-12-03,11276,11317,11257,11275
2021-12-06,11370,11388,11338,11354
2021-12-07,11356,11365,11322,11341
2021-12-08,11359,11387,11344,11361
2021-12-09,11317,11339,11305,11318
2021-12-10,11328,11358,11280,11289
2021-12-13,11369,11386,11355,11371
2021-12-14,11384,11402,11351,11361
2021-12-15,11295,11308,11256,11280
2021-12-16,11351,11392,11324,11387
2021-12-17,11478,11552,11464,11538
2021-12-20,11493,11523,11481,11495
2021-12-21,11438,11470,11409,11470
2021-12-22,11421,11425,11392,11409
2021-12-23,11505,11530,11497,11521
2021-12-27,11520,11546,11506,11515
2021-12-28,11553,11575,11529,11570
2021-12-29,11513,11522,11479,11484
2021-12-30,11496,11501,11442,11473
2021-12-31,11581,11602,11548,11548
2022-01-03,11630,11642,11583,11628
2022-01-04,11494,11529,11486,11518
2022-01-05,11565,11599,11554,11587
2022-01-06,11540,11548,11453,11461
2022-01-07,11452,11459,11407,11449
2022-01-10,11457,11475,11427,11467
2022-01-11,11496,11548,11495,11530
2022-01-12,11613,11619,11562,11574
2022-01-13,11617,11638,11581,11598
2022-01-14,11585,11628,11571,11587
2022-01-17,11544,11582,11537,11570
2022-01-18,11554,11566,11501,11504
2022-01-19,11538,11545,11509,11544
2022-01-20,11681,11707,11661,11669
2022-01-21,11674,11693,11603,11634
2022-01-24,11629,11681,11617,11650
2022-01-25,11676,11679,11636,11645
2022-01-26,11709,11710,11665,11679
2022-01-27,11543,11568,11501,11559
2022-01-28,11441,11456,11399,11408
2022-01-31,11393,11443,11373,11417
2022-02-01,11455,11508,11440,11503
2022-02-02,11470,11476,11434,11465
2022-02-03,11494,11511,11479,11479
2022-02-04,11469,11523,11467,11519
2022-02-07,11519,11543,11508,11530
2022-02-08,11591,11603,11572,11593
2022-02-09,11625,11643,11624,11638
2022-02-10,11660,11681,11646,11654
2022-02-11,11626,11631,11595,11620
2022-02-14,11835,11844,11783,11820
2022-02-15,11894,11946,11766,11799
2022-02-16,11747,11782,11731,11781
2022-02-17,11846,11994,11825,11969
2022-02-18,12035,12052,11948,11977
2022-02-21,12055,12073,11945,12001
2022-02-22,12092,12132,12007,12026
2022-02-23,12004,12024,11925,11951
2022-02-24,12065,12479,12061,12479
2022-02-25,12050,12144,12041,12070
2022-02-28,12075,12132,11954,11989
2022-03-01,12033,12116,12005,12099
2022-03-02,12275,12303,12198,12205
2022-03-03,12196,12237,12154,12210
2022-03-04,12238,12341,12207,12301
2022-03-07,12591,12666,12496,12632
2022-03-08,12648,12775,12523,12678
2022-03-09,12932,13020,12733,12745
2022-03-10,12584,12586,12463,12567
2022-03-11,12621,12642,12541,12626
2022-03-14,12553,12606,12498,12531
2022-03-15,12469,12476,12309,12371
2022-03-16,12245,12292,12152,12241
2022-03-17,12259,12375,12248,12375
2022-03-18,12371,12375,12284,12319
2022-03-21,12232,12300,12230,12260
2022-03-22,12329,12360,12254,12281
2022-03-23,12240,12326,12214,12324
2022-03-24,12436,12449,12373,12394
2022-03-25,12507,12529,12457,12468
2022-03-28,12502,12522,12290,12343
2022-03-29,12280,12311,12189,12208
2022-03-30,12220,12274,12192,12214
2022-03-31,12298,12299,12202,12228
2022-04-01,12299,12332,12269,12307
2022-04-04,12262,12318,12209,12277
2022-04-05,12311,12317,12254,12292
2022-04-06,12252,12311,12211,12284
2022-04-07,12242,12278,12229,12271
2022-04-08,12302,12320,12272,12304
2022-04-11,12390,12498,12375,12489
2022-04-12,12474,12506,12438,12462
2022-04-13,12541,12623,12525,12611
2022-04-14,12604,12626,12560,12566
2022-04-18,12685,12719,12655,12704
2022-04-19,12604,12661,12592,12657
2022-04-20,12509,12551,12456,12543
2022-04-21,12619,12642,12567,12586
2022-04-22,12651,12704,12630,12686
2022-04-25,12616,12659,12580,12640
2022-04-26,12483,12528,12462,12508
2022-04-27,12557,12558,12427,12476
2022-04-28,12418,12570,12402,12552
2022-04-29,12626,12723,12621,12678
2022-05-05,12540,12622,12539,12617
2022-05-06,12533,12653,12508,12637
2022-05-09,12650,12682,12608,12619
2022-05-10,12527,12574,12510,12538
2022-05-11,12378,12498,12370,12494
2022-05-12,12547,12637,12530,12593
2022-05-13,12433,12472,12383,12420
2022-05-16,12316,12348,12187,12261
2022-05-17,12423,12429,12325,12365
2022-05-18,12226,12293,12226,12283
2022-05-19,12328,12407,12282,12397
2022-05-20,12405,12414,12303.2,12333.6
2022-05-23,12368.6,12425.8,12343.8,12410.9
2022-05-24,12349.4,12433.3,12340.9,12404.3
2022-05-25,12440.7,12444.9,12395.2,12405.9
2022-05-26,12444.5,12501.1,12416.4,12460.4
2022-05-27,12544.8,12560.5,12506.8,12517.6
2022-05-30,12416.4,12447.3,12385.8,12399.8
2022-05-31,12355.6,12390.5,12332.6,12348.2
2022-06-01,12260.9,12311.7,12241.9,12257.7
2022-06-02,12376.9,12402.1,12355.9,12382.5
2022-06-03,12454.4,12458.2,12361.3,12363.6
2022-06-06,12307.9,12369.7,12303.3,12318.1
2022-06-07,12248.6,12342.3,12243.8,12318.4
2022-06-08,12371.1,12387,12325.2,12378
2022-06-09,12411.2,12427.1,12328.5,12328.5
2022-06-10,12376.4,12378.1,12335.9,12343.9
2022-06-13,12672.1,12677.1,12506.7,12522
2022-06-14,12347.7,12372.1,12296,12300.9
2022-06-15,12221.8,12283.1,12205.4,12271.6
2022-06-16,12245.9,12335.2,12242.1,12304.3
2022-06-17,12381.6,12417.7,12352.7,12399.7
2022-06-20,12323.7,12358.1,12291,12309.7
2022-06-21,12299.5,12313.1,12260.7,12293.8
2022-06-22,12249.9,12304.4,12234.9,12287.1
2022-06-23,12335.6,12337.3,12277.7,12277.7
2022-06-24,12225.1,12258.8,12192.6,12235.7
2022-06-27,12238.4,12303.2,12222.4,12293.1
2022-06-28,12198.5,12232.5,12192.8,12204.7
2022-06-29,12193.4,12220.1,12150.8,12167.6
2022-06-30,12196.4,12212,12134.4,12148.1
2022-07-01,12100.6,12120.4,12020.9,12036.7
2022-07-04,12117.1,12157.3,12076.2,12076.4
2022-07-05,12105.2,12127.5,12074.1,12097.2
2022-07-06,11877.4,11899.1,11836.7,11837.8
2022-07-07,11682.5,11713.4,11665.3,11692.6
2022-07-08,11659.2,11696.2,11631.6,11645.8
2022-07-11,11652.6,11689.3,11634.5,11638.2
2022-07-12,11655.1,11748.7,11603.1,11686
2022-07-13,11623.8,11641.9,11592.1,11628.8
2022-07-14,11659,11660.9,11562.9,11585.8
2022-07-15,11564.1,11598.8,11522.2,11526
2022-07-18,11562.4,11619.9,11545.5,11602.7
2022-07-19,11548.6,11567.7,11526.5,11555.3
2022-07-20,11533.8,11576.8,11526.7,11574
2022-07-21,11482.4,11486.3,11402.4,11418.1
2022-07-22,11628.1,11689.6,11606.2,11677.3
2022-07-25,11658.9,11712.5,11637.5,11701.3
2022-07-26,11610.1,11672.8,11607.7,11632.9
2022-07-27,11632.5,11662.6,11600.4,11638.7
2022-07-28,11727.4,11795.6,11698.1,11750.5
2022-07-29,11840.4,11929.9,11828.1,11861.6
2022-08-01,11899.6,11995.4,11890.2,11993.6
2022-08-02,12026.8,12092.5,11984.6,12024.4
2022-08-03,11911.5,11967.8,11889.5,11946.2
2022-08-04,11926.7,12046.1,11922.9,12045.5
2022-08-05,12110.4,12121.9,12061.5,12072.9
2022-08-08,11995.3,12036.6,11984.9,12036.6
2022-08-09,12094.3,12120,12059,12101.7
2022-08-10,12118.9,12133.4,12086.7,12127.8
2022-08-11,12054.6,12066.9,12018.3,12066.4
2022-08-12,12063.6,12082.7,12030.3,12050.7
2022-08-15,12122.2,12154.9,12061.5,12071.2
2022-08-16,12117.4,12134.1,12074.8,12084.8
2022-08-17,12064.5,12084.6,12029.7,12043.3
2022-08-18,11981.8,12036.4,11978.4,12035.1
2022-08-19,11964.4,11989.6,11949.2,11960.9
2022-08-22,11935.7,11963.1,11878,11912.5
2022-08-23,11917.5,11966.8,11913.3,11943.3
2022-08-24,11972.1,12054.1,11970.8,12028.4
2022-08-25,12039.9,12103.2,12025,12091.4
2022-08-26,12037.2,12078.7,12015.6,12023.7
2022-08-29,12002.4,12007.7,11916.7,11938.2
2022-08-30,12030.1,12033.5,11967,11978.4
2022-08-31,11930.2,11934.6,11817.5,11820.1
2022-09-01,11814.1,11817.3,11736.4,11771.7
2022-09-02,11737.1,11804.5,11722.8,11802.8
2022-09-05,11826.5,11914.3,11825.2,11898.6
2022-09-06,11895.5,11969.5,11893.3,11928.8
2022-09-07,11879.8,11932.2,11818.7,11928
2022-09-08,11950.5,11994.7,11945.4,11982.9
2022-09-09,11903.1,11978.3,11897.9,11965.1
2022-09-12,11907.7,11956.7,11889.6,11945.3
2022-09-13,11932.2,11990.3,11913.8,11977.5
2022-09-14,11881.8,11890.2,11846.2,11882.2
2022-09-15,11833.9,11839.3,11761.5,11810.7
2022-09-16,11663.5,11701.5,11633.5,11665.7
2022-09-19,11745.8,11746.7,11655.9,11688.5
2022-09-20,11745.1,11761.9,11702.7,11712.4
2022-09-21,11712.5,11827.4,11699,11795.8
2022-09-22,11799.2,11886,11748.2,11808.6
2022-09-23,11845.8,11890.4,11782.5,11801.9
2022-09-26,11735.5,11794.7,11652.7,11772.9
2022-09-27,11671.4,11736.1,11665.8,11713.2
2022-09-28,11698.5,11785,11675.1,11713.3
2022-09-29,11888.8,11908.9,11776.7,11778.4
2022-09-30,11814.1,11887.2,11799.7,11867.1
2022-10-03,11873.5,11913.3,11864.7,11877.6
2022-10-04,12073.2,12093.6,12012.2,12077.2
2022-10-05,12135.3,12151.7,12042.1,12044.3
2022-10-06,12137.4,12149.7,12091.2,12103.9
2022-10-07,12131.2,12193,12129.9,12152.2
2022-10-10,12112.6,12119.8,12001.5,12020.8
2022-10-11,11951,11997.3,11932.3,11941.1
2022-10-12,11943.2,12001.5,11937.2,11985.3
2022-10-13,12010.3,12065.1,11982.1,12050.7
2022-10-14,11935.2,11996.9,11910.9,11931.4
2022-10-17,11882.3,11965.1,11875.9,11961.7
2022-10-18,11897.7,11953.2,11881.8,11919.6
2022-10-19,11941.8,11942.2,11861.2,11897.6
2022-10-20,11832,11857.6,11789.4,11847.6
2022-10-21,11806.4,11819.2,11757.7,11818.9
2022-10-24,12041.3,12071.2,12000.2,12050.1
2022-10-25,12105.9,12158.3,12066.5,12074.7
2022-10-26,12098.1,12135.3,12025.5,12055.1
2022-10-27,11954.2,12070.5,11945.1,12062.9
2022-10-28,12055.2,12075.5,11980.1,11993.9
2022-10-31,11966,11999.4,11943.1,11993.5
2022-11-01,11969.2,12033,11947.1,12015.4
2022-11-02,12038.3,12080.8,12018.1,12074
2022-11-03,11996.5,12020,11906.9,11918.9
2022-11-04,11944.8,12006.1,11921.6,11964.4
2022-11-07,12113,12153.8,12054,12149.5
2022-11-08,12104.1,12150.9,12091.5,12142.5
2022-11-09,12380,12432.9,12362.7,12390.6
2022-11-10,12406.6,12433.5,12376.5,12385.1
2022-11-11,12543.5,12570.8,12448.7,12562.1
2022-11-14,12515.7,12526.5,12372.2,12405.5
2022-11-15,12460.3,12538.2,12451.4,12503.6
2022-11-16,12549.1,12632.4,12527,12625
2022-11-17,12605,12626.7,12570.6,12622.3
2022-11-18,12588.3,12627.7,12556.8,12571.6
2022-11-21,12498.5,12523,12455.2,12476
2022-11-22,12474.6,12497.5,12450.9,12472
2022-11-23,12431.3,12482.9,12415.6,12459.8
2022-11-24,12529.7,12566.9,12517.5,12545.9
2022-11-25,12581.8,12609.4,12539.3,12564.7
2022-11-28,12702.9,12717.3,12613.2,12698.1
2022-11-29,12616.3,12622.9,12558,12594.1
2022-11-30,12508.4,12557.9,12492.1,12502.9
2022-12-01,12483.3,12610,12465.2,12604.3
2022-12-02,12684.1,12698,12629.1,12638.3
2022-12-05,12572.1,12624.1,12468.8,12478.5
2022-12-06,12322.7,12395.9,12318.8,12386
2022-12-07,12363.3,12394.4,12350.3,12376.9
2022-12-08,12450.9,12455,12417.3,12428.3
2022-12-09,12459.8,12502.8,12432.3,12463.8
2022-12-12,12506.4,12519.1,12466.5,12504.3
2022-12-13,12453.5,12489.6,12443.6,12484.5
2022-12-14,12611.8,12626.8,12550,12572.2
2022-12-15,12562.1,12564.1,12378.5,12400.5
2022-12-16,12423.7,12448.4,12383.2,12421.3
2022-12-19,12516.2,12549,12500.9,12525.7
2022-12-20,12490.8,12592,12468.7,12589.8
2022-12-21,12654.3,12676.6,12642.5,12659.7
2022-12-22,12681.7,12710.7,12664,12686.2
2022-12-23,12575.7,12592.5,12539.5,12589.3
2022-12-27,12566.7,12612.9,12549.6,12595.9
2022-12-28,12629,12649.3,12556.5,12564.8
2022-12-29,12628.8,12644.2,12595.3,12612.5
2022-12-30,12658.9,12695.3,12599.4,12601.1
2023-01-03,12675.6,12746.7,12649.4,12709.6
2023-01-04,12711.9,12838.9,12708.5,12811.2
2023-01-05,12799.1,12809,12690.1,12723.4
2023-01-06,12624.9,12653.4,12594.7,12606.8
2023-01-09,12754.7,12772.3,12701,12725
2023-01-10,12689.2,12739.9,12668.7,12737.4
2023-01-11,12740,12791.7,12717.7,12779.5
2023-01-12,12691.8,12754.1,12684.6,12727.9
2023-01-13,12769.3,12830.5,12757.4,12813.7
2023-01-16,12862.7,12928.6,12856,12916.3
2023-01-17,12931.7,12951.8,12904.9,12939.2
2023-01-18,12927.3,12956.4,12851.6,12928.7
2023-01-19,12904.6,12989.2,12877.1,12964
2023-01-20,13080.7,13114.2,13055.2,13096
2023-01-23,13070.6,13095.7,12997.9,13042.9
2023-01-24,13093.8,13159.7,13081.2,13144.6
2023-01-25,13147.6,13151.5,13048.8,13073.6
2023-01-26,13191.1,13191.1,13042.6,13061.6
2023-01-27,12998.1,13025.5,12974.4,13004.9
2023-01-30,13009.3,13052.3,12965.9,13000.3
2023-01-31,12989.7,13016,12864.3,12867.4
2023-02-01,13023.3,13030.4,12978.2,12985.3
2023-02-02,13119.7,13177.2,13095.6,13161.5
2023-02-03,12908.7,12944.3,12895.5,12906.9
2023-02-06,12741.4,12774.9,12692.4,12723.4
2023-02-07,12706.1,12761.9,12694.6,12734.2
2023-02-08,12689.9,12806.5,12688.7,12799.3
2023-02-09,12741.5,12792.8,12733.9,12768.3
2023-02-10,12644.3,12748.7,12624.1,12701
2023-02-13,12711.8,12759.4,12683.3,12686.3
2023-02-14,12650.2,12724.4,12649.6,12705.3
2023-02-15,12677.2,12715,12560.5,12565.7
2023-02-16,12607.2,12658.3,12588.8,12606.1
2023-02-17,12600.9,12612.2,12539.8,12589
2023-02-20,12652.2,12680.1,12639.5,12659.7
2023-02-21,12633.1,12664.6,12601.7,12629.5
2023-02-22,12646.9,12702.7,12644.6,12659.4
2023-02-23,12600.5,12642.2,12585,12610.7
2023-02-24,12613.7,12698.3,12610.2,12659.7
2023-02-27,12653.3,12663.3,12621.5,12622.7
2023-02-28,12649.5,12656.4,12569.9,12594.6
2023-03-01,12693.3,12704.4,12599.1,12616
2023-03-02,12627.4,12678.3,12624.1,12641.4
2023-03-03,12733.3,12765.5,12684,12757.9
2023-03-06,12801.4,12866.6,12794.6,12839.9
2023-03-07,12833.9,12844.4,12794.1,12802.4
2023-03-08,12688,12689,12642.1,12658.1
2023-03-09,12645.4,12691.9,12639.4,12670.6
2023-03-10,12781.4,12811.8,12754.2,12760.1
2023-03-13,12971.7,13060.7,12918.2,13015.1
2023-03-14,13104.5,13149.9,13069.1,13089.9
2023-03-15,13092.7,13118.1,13012.4,13104
2023-03-16,13238.7,13269,13142,13258.6
2023-03-17,13247.8,13316.8,13232,13315.2
2023-03-20,13605.5,13849.3,13543.5,13656.9
2023-03-21,13593.3,13659.4,13490.5,13527.4
2023-03-22,13366.5,13406.7,13336.2,13390.7
2023-03-23,13512.3,13531,13474,13506
2023-03-24,13612.9,13730.1,13595.2,13730.1
2023-03-27,13569.9,13602.7,13459.4,13464.6
2023-03-28,13475.8,13500.4,13425,13453.6
2023-03-29,13571.3,13572.4,13499.3,13551.8
2023-03-30,13532.4,13560.9,13496.9,13551.5
2023-03-31,13602.6,13628.9,13567.9,13607
2023-04-03,13470.3,13560.8,13450.3,13551.1
2023-04-04,13651.3,13655.3,13613.4,13649.4
2023-04-05,13905.2,13953,13882.9,13928.1
2023-04-06,13906.1,13912.6,13823.1,13889.6
2023-04-10,13787.8,13787.8,13682.8,13763.1
2023-04-11,13729.5,13829.7,13711.2,13815.6
2023-04-12,13817,13931.9,13814.4,13849.9
2023-04-13,13886.4,13961.7,13867,13944.8
2023-04-14,14018.2,14038.4,13919.9,13972
2023-04-17,13765.1,13843,13734.8,13816.1
2023-04-18,13723.1,13794.4,13716.9,13770.1
2023-04-19,13801.7,13810.1,13632.9,13641
2023-04-20,13744.1,13784.1,13728.6,13771.7
2023-04-21,13800.2,13803.5,13680.2,13704.1
2023-04-24,13682.7,13707.3,13657.2,13689.8
2023-04-25,13760,13825.3,13751.1,13777.1
2023-04-26,13879.4,13894.4,13820.8,13870.9
2023-04-27,13823.1,13890.9,13812.7,13851
2023-04-28,13769.5,13784.3,13733.7,13750.6
2023-05-01,13779.6,13795.6,13740.8,13794.7
2023-05-02,13797.7,13809.8,13756.1,13777.4
2023-05-03,13974.4,14000.8,13938,13962.4
2023-05-04,14209.7,14229.1,14053.9,14114
2023-05-05,14175.9,14191,14086.9,14086.9
2023-05-08,13957.9,14014.1,13951.6,14003.8
2023-05-09,13992,14053.5,13984.9,14047.8
2023-05-10,14104.1,14112.5,14038.2,14065.7
2023-05-11,14090,14125.6,14042.6,14080
2023-05-12,14034,14038.9,13934.1,13946.5
2023-05-15,14010.3,14066.4,14005.8,14038.3
2023-05-16,14023.8,14062.1,13972.4,14027.2
2023-05-17,13920.5,13967.3,13911.1,13915
2023-05-18,13904.6,13947.9,13898,13941
2023-05-19,13808.9,13868.9,13797.4,13799.9
2023-05-22,13916.3,13953.9,13870.8,13942.4
2023-05-23,13886.6,13887.1,13812.2,13834.9
2023-05-24,13956.7,13977.1,13911.7,13942.7
2023-05-25,13844.8,13918.2,13838.6,13893.2
2023-05-26,13770.5,13827.2,13749.3,13817.9
2023-05-29,13760.3,13792.6,13737.2,13792.6
2023-05-30,13759.6,13847.9,13731.3,13846.1
2023-05-31,13892,13972.7,13883.5,13955.9
2023-06-01,13996.1,14011.5,13937.6,13961.7
2023-06-02,14045.3,14065.2,13985.4,14004.1
2023-06-05,13869.3,13872.3,13820.7,13870.9
2023-06-06,13970.5,14000.2,13935,13996.4
2023-06-07,13984.2,14009.1,13956.3,14007.8
2023-06-08,13897.3,13926.4,13883.5,13900.3
2023-06-09,13996.1,14022.3,13977.3,14015.9
2023-06-12,13999.1,14057.2,13981,14056.6
2023-06-13,14025.3,14087,14014.3,14064.4
2023-06-14,13949.3,13993.8,13938.9,13983.5
2023-06-15,13948.2,13949.2,13818.8,13867.5
2023-06-16,13950.6,13987.3,13946.9,13971.5
2023-06-19,13961.5,14027.2,13960.8,13970
2023-06-20,13984,14041.9,13966.8,14024.6
2023-06-21,13913.2,13954.1,13902.9,13905.8
2023-06-22,13882.6,13886.7,13827.1,13850.6
2023-06-23,13775.8,13859.6,13775,13845.3
2023-06-26,13888.2,13989.2,13879.8,13982
2023-06-27,13931.5,13948.9,13881.8,13895.9
2023-06-28,13842.3,13865.5,13817.6,13840.7
2023-06-29,13831.5,13853.5,13802.3,13825.5
2023-06-30,13877.1,13880.5,13832.8,13869.1
2023-07-03,13945.6,13947.6,13870.9,13889.1
2023-07-04,13940.6,13952.3,13911.1,13949.1
2023-07-05,13930.6,13992.7,13913.5,13992.6
2023-07-06,13916.9,13948.1,13909.2,13909.8
2023-07-07,13868.3,13903.6,13851.5,13884.4
2023-07-10,13918.1,13944.9,13902.5,13933.7
2023-07-11,13916.8,13967.6,13887,13963.3
2023-07-12,13943.7,13957.2,13909.7,13919.3
2023-07-13,14027.7,14076.4,14020.9,14046.2
2023-07-14,14018.8,14035.6,13952.9,13979.3
2023-07-17,13978.9,14064,13970.1,14058.2
2023-07-18,14046.2,14098.1,14028,14089
2023-07-19,14227.7,14305.9,14220.3,14287.4
2023-07-20,14301.9,14302.5,14207.7,14212.6
2023-07-21,14146.7,14162.8,14088.8,14106.9
2023-07-24,14101.8,14165,14078.7,14155.7
2023-07-25,14048.2,14062.5,13989.6,14021.7
2023-07-26,14033.8,14111.4,14033.8,14107
2023-07-27,14103,14144.6,14084.2,14120.3
2023-07-28,13956.9,14003.5,13944.8,13973.1
2023-07-31,13996.6,14003.5,13957.8,14003.5
2023-08-01,14044,14075.8,14017.4,14037.4
2023-08-02,14004.9,14035.5,13984.7,14016.6
2023-08-03,13941.4,13957.5,13902.5,13910.6
2023-08-04,13894.1,13921.7,13860,13904.5
2023-08-07,13972.1,13984.6,13919.1,13921.6
2023-08-08,13952.7,13992.5,13942.1,13992.1
2023-08-09,13938.5,13951.4,13903.1,13904.7
2023-08-10,13847.8,13877.5,13836.5,13868.5
2023-08-11,13848.2,13919.1,13844.9,13917.4
2023-08-14,13898.5,13936.5,13885.7,13935.7
2023-08-15,13882.8,13945.3,13869.8,13925.9
2023-08-16,13929.8,13955.8,13912.6,13955.8
2023-08-17,13892.4,13919.1,13877.2,13880.7
2023-08-18,13805.8,13848.2,13794.5,13848.1
2023-08-21,13813.6,13875.4,13798.5,13809.6
2023-08-22,13808.5,13903.2,13791.6,13898
2023-08-23,13870.3,13908.4,13852.5,13889.2
2023-08-24,13974.7,14002.4,13964,13984.5
2023-08-25,13955.9,13988.9,13944.4,13979
2023-08-28,13941.4,13993.6,13934.3,13979.8
2023-08-29,14007.8,14046.7,14007.6,14044.7
2023-08-30,14102.1,14151.7,14101.7,14142.9
2023-08-31,14193,14203.8,14182.7,14193.5
2023-09-01,14108.1,14130.5,14071.5,14127.5
2023-09-04,14106.3,14150.2,14101.3,14114.8
2023-09-05,14105.5,14146.9,14100.6,14112.5
2023-09-06,14071,14103.8,14058.8,14078.9
2023-09-07,14034.7,14086.3,14028.7,14085.4
2023-09-08,14094.1,14175.5,14094.1,14149.5
2023-09-11,14120,14133,14045.4,14082.7
2023-09-12,14033.7,14054.4,14015.4,14023.1
2023-09-13,13967.8,13974.2,13912,13919.2
2023-09-14,13888.9,13914.6,13870.2,13883.4
2023-09-15,13932.8,13973.4,13906.1,13967.8
2023-09-18,13993.4,14070.9,13990,14060.9
2023-09-19,14103.5,14129.2,14093.9,14120.5
2023-09-20,14105.2,14128.8,14082.5,14111.2
2023-09-21,14109.2,14112.9,14052.7,14072
2023-09-22,14057.3,14082.1,14035.6,14065.9
2023-09-25,14044,14089.5,14036.1,14061.3
2023-09-26,14018.1,14019.4,13962.4,13991.4
2023-09-27,13904.4,13909.4,13858.1,13870.1
2023-09-28,13751.5,13752.3,13698.7,13710.2
2023-09-29,13618.9,13661.2,13588.2,13655.7
2023-10-02,13495.4,13498.9,13371.9,13396.7
2023-10-03,13361.9,13384.5,13302.7,13371.2
2023-10-04,13351.5,13364.2,13310.5,13326
2023-10-05,13343.2,13377.5,13321.3,13338.4
2023-10-06,13309.6,13337.8,13290.4,13301.3
2023-10-09,13512.5,13544,13481.7,13501.3
2023-10-10,13572.3,13593.1,13533,13563
2023-10-11,13548.9,13666.5,13548.3,13658.3
2023-10-12,13688.9,13735.1,13679.7,13729.4
2023-10-13,13675.2,13801.8,13669,13801.8
2023-10-16,14072.1,14074.4,13956.3,14017.7
2023-10-17,14032.7,14083.8,13990.3,14077.6
2023-10-18,14098.2,14248.8,14092,14240.1
2023-10-19,14296,14326.1,14254.1,14313.6
2023-10-20,14505.7,14566.5,14465.9,14542.1
2023-10-23,14452.5,14520,14403,14489.6
2023-10-24,14426.9,14470.1,14384.9,14397.7
2023-10-25,14423.4,14459.5,14410,14429
2023-10-26,14537.7,14609.1,14532.2,14587.3
2023-10-27,14528.7,14566.9,14519.2,14550
2023-10-30,14693.7,14708.2,14596.1,14629.4
2023-10-31,14614.1,14660.1,14592.9,14642.2
2023-11-01,14563.1,14566,14492.3,14551.4
2023-11-02,14552.2,14587.3,14531.5,14569.9
2023-11-03,14547.5,14577.3,14532.9,14564.9
2023-11-06,14486.8,14527.5,14439.9,14456.3
2023-11-07,14394.4,14403.1,14316.4,14329.6
2023-11-08,14335.3,14339.1,14304.2,14319.2
2023-11-09,14215,14237.5,14187.7,14202
2023-11-10,14300.2,14314.2,14258.6,14258.7
2023-11-13,14175.9,14186.4,14131.9,14145.2
2023-11-14,14193.9,14220.7,14189.3,14213.5
2023-11-15,14238.3,14313.7,14235.5,14305.2
2023-11-16,14225,14285.4,14212.3,14263.6
2023-11-17,14364.5,14427.6,14364,14412.4
2023-11-20,14252.9,14304.1,14177,14177.7
2023-11-21,14198.7,14230.9,14170,14186.6
2023-11-22,14279.5,14346.9,14245.6,14334.3
2023-11-23,14265.9,14281.9,14231.2,14244
2023-11-24,14264.4,14281,14237.2,14279.7
2023-11-27,14316.6,14436.8,14311.9,14426.6
2023-11-28,14428.2,14439.4,14405.1,14433
2023-11-29,14576.7,14610.9,14516.6,14537.5
2023-11-30,14605,14612.9,14564,14578.6
2023-12-01,14579,14643.2,14568.2,14619.8
2023-12-04,15086.8,15089,14701.1,14785.3
2023-12-05,14541,14587,14502.1,14515
2023-12-06,14477.8,14581.5,14470.8,14485
2023-12-07,14542.4,14563.4,14522.2,14550.9
2023-12-08,14527.3,14567.1,14514.8,14551.1
2023-12-11,14420.5,14424.2,14328.1,14338.7
2023-12-12,14264.9,14300.3,14246.3,14282.3
2023-12-13,14249.5,14270.1,14204.6,14270.1
2023-12-14,14513.1,14564.5,14490.4,14547
2023-12-15,14507.3,14523.7,14464.3,14523.7
2023-12-18,14389.8,14462.6,14381.6,14452.7
2023-12-19,14486.3,14501.9,14450.5,14484.3
2023-12-20,14536.5,14587.6,14526.2,14567.6
2023-12-21,14528,14570.8,14528,14566.7
2023-12-22,14667,14680.5,14622.9,14653.4
2023-12-26,14686.3,14763.1,14675.5,14739.1
2023-12-27,14758.7,14796.2,14746.3,14796.2
2023-12-28,14859.3,14887.1,14753.7,14771.3
2023-12-29,14717.1,14749.8,14666.3,14722.5
2024-01-02,14681,14841.9,14680.6,14834
2024-01-03,14727,14777.1,14701.1,14716.4
2024-01-04,14627.4,14676.1,14613.1,14650.5
2024-01-05,14666.6,14696.3,14608.9,14610.8
2024-01-08,14648,14654.6,14535.9,14548.6
2024-01-09,14550.2,14607.8,14550,14599.9
2024-01-10,14587.4,14625.5,14545.5,14622.1
2024-01-11,14559.4,14592.5,14547.9,14568.6
2024-01-12,14588.6,14637.3,14559.4,14632.2
2024-01-15,14714.1,14793.9,14712.3,14774.2
2024-01-16,14766.5,14767.4,14692.7,14724.6
2024-01-17,14632.1,14653.2,14565.8,14607.4
2024-01-18,14511.6,14528.4,14481.1,14497.4
2024-01-19,14601.3,14625.6,14573.2,14618.9
2024-01-22,14605.4,14629.5,14550.1,14558.8
2024-01-23,14550.1,14606.3,14518.4,14545.7
2024-01-24,14538.1,14575.2,14518.8,14544
2024-01-25,14442.3,14482.6,14424.4,14482.6
2024-01-26,14511.2,14544.7,14500.1,14514.6
2024-01-29,14529,14623.1,14517.1,14589.8
2024-01-30,14599.5,14662.1,14588.3,14628.5
2024-01-31,14639.3,14665.4,14615.8,14651.4
2024-02-01,14658.4,14726.7,14657.6,14682.5
2024-02-02,14770.5,14788.8,14753,14760.1
2024-02-05,14713.2,14720.2,14587.6,14603.3
2024-02-06,14622.4,14636.1,14572.1,14576.1
2024-02-07,14656.3,14667.3,14631.5,14660.6
2024-02-08,14674.9,14689.2,14632.9,14679.4
2024-02-09,14680.1,14681.8,14652.8,14655.8
2024-02-12,14623.1,14633.2,14583.4,14585.3
2024-02-13,14572.4,14625,14565.2,14623.6
2024-02-14,14400.6,14410.9,14361.8,14390.9
2024-02-15,14404.2,14422.1,14381.1,14420.2
2024-02-16,14461.4,14486.2,14458.5,14477.5
2024-02-19,14521.2,14588.5,14521.2,14572.8
2024-02-20,14543.7,14594.8,14538.3,14586.7
2024-02-21,14579.7,14603.4,14573.2,14598.8
2024-02-22,14583.6,14644,14578.5,14613.9
2024-02-23,14583.4,14605.7,14543.3,14549.1
2024-02-26,14654.8,14683.9,14632.6,14654.2
2024-02-27,14650.2,14705.8,14641.7,14689
2024-02-28,14640.4,14668.2,14616.5,14619.4
2024-02-29,14677.5,14691.6,14663.8,14668
2024-03-01,14732.4,14773.2,14708.2,14756
2024-03-04,15021.2,15057.7,14995.2,15038.2
2024-03-05,15250,15328.5,15216.9,15325.3
2024-03-06,15344,15371.6,15315.9,15356.3
2024-03-07,15483.7,15578.4,15456.6,15558
2024-03-08,15559.3,15625.7,15515.9,15613.8
2024-03-11,15702.9,15753.2,15645.7,15677.9
2024-03-12,15679,15682.1,15609.1,15625.3
2024-03-13,15506.8,15558.3,15501.6,15537
2024-03-14,15649.6,15658.3,15602.3,15604
2024-03-15,15570.1,15649.6,15567.1,15644.1
2024-03-18,15539.5,15547.6,15458.3,15527
2024-03-19,15585,15589.9,15487,15530
2024-03-20,15561,15581.3,15538,15545
2024-03-21,15869.6,15937.5,15804.5,15907.4
2024-03-22,15756.3,15797.9,15719,15753.2
2024-03-25,15781.6,15786.3,15684.4,15727.2
2024-03-26,15759.8,15898.1,15710.2,15882.3
2024-03-27,15796.5,15903.9,15774,15883.7
2024-03-28,15898.1,15966.1,15877.9,15963.3
2024-04-01,16274.4,16423,16270.9,16330.5
2024-04-02,16329.7,16457,16313.5,16415
2024-04-03,16551.6,16592.5,16461.5,16495.6
2024-04-04,16663.3,16701.5,16604.9,16622.6
2024-04-05,16599.5,16608,16440.3,16592.6
2024-04-08,16751,17057.1,16694.5,16934.2
2024-04-09,16944.1,17130.3,16935.5,17121.1
2024-04-10,17046.5,17087.6,16976.5,16998.3
2024-04-11,16955.9,17022.9,16879.1,16917.3
2024-04-12,17238.3,17432.1,17232.4,17414.2
2024-04-15,17165.4,17175.5,17020.4,17052.2
2024-04-16,17285.7,17374.3,17185.1,17242.3
2024-04-17,17306.3,17362.9,17222.7,17342
2024-04-18,17160.6,17264.1,17136.7,17255.6
2024-04-19,17249.9,17550.1,17217.8,17262.4
2024-04-22,17294.4,17298,17053.2,17121.3
2024-04-23,16920.2,16930.5,16643.2,16675.8
2024-04-24,16863.6,16925.4,16799.1,16827.3
2024-04-25,16843,16920.2,16755,16890.4
2024-04-26,16915.8,17077.4,16887.3,17060
2024-04-29,16968.2,17000.4,16867,16991.4
2024-04-30,16897.6,16929.6,16758.6,16775.9
2024-05-01,16628.1,16631.8,16542.3,16599.8
2024-05-02,16814.3,16847.6,16627.9,16651.1
2024-05-03,16600.2,16621.8,16539,16561.5
2024-05-06,16514.9,16781.1,16500,16733.7
2024-05-07,16792.2,16815.6,16696.2,16714
2024-05-08,16735.5,16784.9,16660.9,16711
2024-05-09,16688.9,16769,16683.8,16689.2
2024-05-10,16944.1,17166.8,16940.4,17150.3
2024-05-13,17079.9,17110.1,16939.6,16942.1
2024-05-14,16927.4,17010.1,16908.5,16991.2
2024-05-15,17063,17143.2,17016.1,17112.6
2024-05-16,17246.1,17283.6,17215.9,17221.6
2024-05-17,17182.5,17260.4,17167.5,17229.5
2024-05-20,17495,17732.4,17481.5,17684.3
2024-05-21,17575.5,17635,17428.5,17508.7
2024-05-22,17553.9,17582.8,17473.7,17521.3
2024-05-23,17276.7,17289,17090.1,17146.9
2024-05-24,16927,17009.5,16880.4,16965.9
2024-05-27,16964.7,17037.7,16948.8,17004.7
2024-05-28,17074.3,17102.7,16999.6,17025.3
2024-05-29,17147,17161.2,17019.7,17047.1
2024-05-30,16997.7,17012.1,16880.6,16922.3
2024-05-31,16991.6,17038.8,16957.9,17007.4
2024-06-03,16887.6,16928.7,16804.3,16897.1
2024-06-04,17045,17063.2,16876.7,16900.9
2024-06-05,16883.2,16985.6,16861.3,16923.9
2024-06-06,17094.5,17231.6,17086.9,17146.5
2024-06-07,17253.9,17327.5,16953.4,16962.3
2024-06-10,16699.2,16716.7,16627.2,16683.6
2024-06-11,16787.8,16804,16698.3,16765.7
2024-06-12,16839.8,16848.6,16796.7,16820.9
2024-06-13,16849.7,16871.4,16762.8,16828.1
2024-06-14,16749,16898,16734.2,16896.3
2024-06-17,16920,16931.1,16837.9,16864.9
2024-06-18,16880.8,16911.1,16812.5,16817.2
2024-06-19,16940.8,16989.7,16919.2,16939.8
2024-06-20,16955.9,17082.1,16949.6,17012.3
2024-06-21,17215.6,17260.1,17164.9,17229.8
2024-06-24,16917.6,17005.3,16902,16936.9
2024-06-25,16975.9,17004.1,16909.7,17000.8
2024-06-26,16909,16929.8,16843.7,16901.3
2024-06-27,16778,16884.2,16763.3,16878.7
2024-06-28,17000.5,17020.1,16932.6,16994.5
2024-07-01,16960.8,17001,16931.8,16989.7
2024-07-02,17046,17050.4,16980.9,16987.7
2024-07-03,17035.2,17157.7,17011,17147.9
2024-07-04,17220.8,17246.9,17163.6,17198
2024-07-05,17185.4,17254.1,17184.2,17207.9
2024-07-08,17387.2,17432.3,17261,17274.3
2024-07-09,17214.6,17267.2,17188.6,17242.8
2024-07-10,17243.5,17317.6,17230,17298.8
2024-07-11,17297.9,17371.4,17289.4,17352.3
2024-07-12,17530.4,17546.4,17469.6,17490.6
2024-07-15,17545.3,17559.8,17475,17545.3
2024-07-16,17618.5,17797.8,17605.5,17797.8
2024-07-17,17987.8,18085.2,17937.4,17979.8
2024-07-18,17886.1,17980.2,17858.1,17926.4
2024-07-19,17754.8,17756.5,17567.7,17593.5
2024-07-22,17546.4,17583.5,17497.3,17537
2024-07-23,17484.1,17551,17413.3,17540.8
2024-07-24,17563.4,17621.7,17527.6,17598.9
2024-07-25,17434.6,17446.1,17115.1,17132.3
2024-07-26,17118.2,17259.6,17078.1,17232.4
2024-07-29,17422.2,17449.5,17344.4,17386.7
2024-07-30,17311.1,17387.8,17285.2,17358.2
2024-07-31,17450.3,17554.7,17378.9,17491.7
2024-08-01,17662.2,17738.7,17622.2,17644.1
2024-08-02,17723.9,17789.5,17651.4,17753.8
2024-08-05,17428.3,17513.4,17210.5,17241
2024-08-06,17199.5,17276.7,17113.2,17249.7
2024-08-07,17072.1,17233,17051.2,17215.3
2024-08-08,17080.1,17193.9,17067.5,17192.4
2024-08-09,17426,17429.4,17323,17385.5
2024-08-12,17426.9,17563.8,17394.8,17542.4
2024-08-13,17780.7,17783.1,17634.7,17645.3
2024-08-14,17621.5,17714.4,17550.7,17660.7
2024-08-15,17513.8,17597.5,17502.3,17597.5
2024-08-16,17653.3,17686.3,17589.1,17663.3
2024-08-19,17952.4,17957,17825.1,17857.3
2024-08-20,17856.5,18025.5,17826.2,18009.3
2024-08-21,17876.9,17969.2,17863.1,17866.4
2024-08-22,17916.5,17922.4,17818.6,17890.7
2024-08-23,17774.6,17857,17763.9,17835
2024-08-26,17894.1,17977.4,17862,17976.5
2024-08-27,17926.7,17939.1,17856,17887.1
2024-08-28,17986.2,17994.6,17863.9,17894
2024-08-29,17886.3,17930.3,17851.7,17893.2
2024-08-30,17858.4,17898.9,17791.5,17882.7
2024-09-02,17765.9,17826.6,17696.2,17770.8
2024-09-03,17774.1,17844.6,17732.8,17819
2024-09-04,17752.4,17762.3,17599.2,17672.5
2024-09-05,17736.9,17869.7,17709.4,17854.6
2024-09-06,17845.8,17858.7,17814.9,17841.8
2024-09-09,17734.8,17788.5,17673.5,17779.3
2024-09-10,17853.4,17870.7,17811.9,17868.5
2024-09-11,17968.3,17997,17922.7,17961.9
2024-09-12,17901,17965.2,17894.8,17961.3
2024-09-13,18202,18272,18183,18218.6
2024-09-16,18315.2,18389.3,18294.2,18345.7
2024-09-17,18340.4,18365.6,18246.6,18257.9
2024-09-18,18300.4,18301.7,18204.9,18231.1
2024-09-19,18164,18328.8,18129.2,18302.5
2024-09-20,18292.9,18424,18253.7,18386.8
2024-09-23,18458.1,18548.9,18430,18509.1
2024-09-24,18534.8,18583.4,18459.4,18498.9
2024-09-25,18603.1,18727.5,18592.3,18652.2
2024-09-26,18681.9,18721.4,18638.7,18705.1
2024-09-27,18650.6,18713.8,18581.7,18608.5
2024-09-30,18585.6,18613.1,18503.2,18522.1
2024-10-01,18475.6,18610.2,18459.6,18605.4
2024-10-02,18706.2,18706.3,18575.1,18655
2024-10-03,18722.6,18736.8,18602.8,18636.9
2024-10-04,18720.1,18831.9,18719.1,18773.2
2024-10-07,18813.7,18814.4,18710.9,18781.7
2024-10-08,18677.8,18707.3,18542.9,18637.5
2024-10-09,18547.6,18552.3,18443.1,18508.2
2024-10-10,18493.8,18558.6,18464.6,18545.3
2024-10-11,18659.9,18750,18641.6,18654.9
2024-10-14,18771.8,18890.7,18729.1,18846.6
2024-10-15,18791.5,18926.9,18777.6,18903.5
2024-10-16,18987.7,19112.5,18971.2,19087.1
2024-10-17,19078.4,19170.7,19075.8,19132.6
2024-10-18,19224.9,19340.2,19209.9,19307.5
2024-10-21,19377.2,19500.9,19370.6,19493.2
2024-10-22,19421.9,19533.2,19421.7,19490.6
2024-10-23,19599.3,19692.8,19549.3,19643.3
2024-10-24,19404,19510,19379.2,19494.5
2024-10-25,19478.6,19503.5,19385.8,19420.2
2024-10-28,19541.7,19603.2,19466.9,19488.3
2024-10-29,19602.4,19729.8,19602.1,19694.8
2024-10-30,19817.6,19922.7,19817.6,19866.5
2024-10-31,19850.2,19896.5,19781.3,19794.9
2024-11-01,19556.9,19667.1,19549.7,19612.9
2024-11-04,19476.2,19500.8,19405.2,19475.8
2024-11-05,19452.4,19523,19366,19477.3
2024-11-06,19475.8,19697,19423.9,19552.7
2024-11-07,19180.8,19187.6,19048,19090.2
2024-11-08,19378.1,19393,19216.1,19282.3
2024-11-11,19327.9,19331.2,19197,19237.9
2024-11-12,18955.8,19002,18784.1,18794.2
2024-11-13,18825.7,18904,18821,18826.9
2024-11-14,18630.3,18649.1,18415.1,18460.4
2024-11-15,18614.4,18641.4,18508.9,18553.4
2024-11-18,18615.2,18817.1,18598,18813.6
2024-11-19,18884,19082.8,18876.5,19052.5
2024-11-20,19057.8,19127.3,18971.5,19010.9
2024-11-21,19229.9,19345.8,19207.2,19343.3
2024-11-22,19365.7,19653.4,19364.7,19632.7
2024-11-25,19684,19696.9,19267.6,19387.5
2024-11-26,18981.2,19113.5,18959.2,19081.8
2024-11-27,19104.9,19255.6,19066.5,19212.9
2024-11-28,19109.2,19212.5,18994.4,19208.7
2024-11-29,19124.8,19314.5,19087.1,19312.2
2024-12-02,19206.9,19220.5,19041.9,19197.4
2024-12-03,19255.2,19340.7,19245.5,19292.8
2024-12-04,19287.5,19314,19195.9,19233.6
2024-12-05,19279,19323,19216.1,19236.2
2024-12-06,19122,19229.3,18999.8,19199.1
2024-12-09,19182.2,19326.8,19127.5,19319.7
2024-12-10,19337.2,19388.5,19302.6,19353.1
2024-12-11,19560,19633,19414.1,19613.4
2024-12-12,19774.9,19830.6,19632.5,19728.2
2024-12-13,19495.1,19605.6,19439,19450.9
2024-12-16,19281.7,19399.4,19247.1,19385.3
2024-12-17,19334.1,19391.2,19238.5,19253.7
2024-12-18,19291.6,19331.2,19270.5,19307.4
2024-12-19,18958.3,19170.1,18955.5,19148.1
2024-12-20,18967,19051.8,18934.7,19031.2
2024-12-23,19130,19242.8,19089.5,19195.9
2024-12-24,19115,19149.6,19083.2,19089.4
2024-12-26,19127.2,19217.7,19127,19202.2
2024-12-27,19225.2,19270.7,19171.5,19175.7
2024-12-30,19158.7,19200.8,19081.9,19119.5
2024-12-31,19062.4,19211.2,19042.8,19211.2
2025-01-02,19235.2,19339.2,19235.2,19311.9
2025-01-03,19515.9,19544.9,19462.6,19508.8
2025-01-06,19442.2,19462.2,19311.9,19335
2025-01-07,19359.1,19415.1,19343.9,19378.1
2025-01-08,19451.3,19512.9,19433.6,19511.9
2025-01-09,19586.5,19619.9,19514.2,19608
2025-01-10,19641.7,19714.4,19616,19695.7
2025-01-13,19807,19828.5,19705.1,19752.3
2025-01-14,19574.3,19659.4,19572.6,19595.3
2025-01-15,19654.8,19748.6,19615.1,19727.4
2025-01-16,19800.9,19892,19773.3,19885.4
2025-01-17,19946,19952.9,19875.1,19878
2025-01-20,19770.7,19879.4,19715.6,19818.2
2025-01-21,19681.9,19892,19651.5,19833.5
2025-01-22,19988.7,20099.7,19947.1,20070.5
2025-01-23,20056.8,20092.5,19987.6,20026.5
2025-01-24,20066.2,20158.4,20057.3,20076.6
2025-01-27,20095.8,20109.1,19981.8,20078.4
2025-01-28,19949,19991.5,19920.7,19968.8
2025-01-29,20103.7,20128.2,20027.1,20103.3
2025-01-30,20055.1,20165.7,20039.2,20159.1
2025-01-31,20370,20434.6,20367.3,20392.1
2025-02-03,20558.7,20571.6,20381.6,20534.3
2025-02-04,20566,20664.6,20520.6,20559.3
2025-02-05,20713.9,20889.1,20696.5,20885.9
2025-02-06,20888.8,20931.8,20778.8,20865.1
2025-02-07,20829.2,20927.5,20827.5,20914.2
2025-02-10,20966.8,21220.6,20945.8,21218.4
2025-02-11,21332.6,21519.1,21207.8,21214.4
2025-02-12,21182,21186.1,21086.1,21120
2025-02-13,21238.5,21299.2,21212.8,21261.9
2025-02-14,21332.6,21371.1,21292.8,21315.4
2025-02-17,20904.3,21097.1,20904.3,21082.1
2025-02-18,21063.1,21228.2,21035,21210
2025-02-19,21348.8,21482.2,21300.5,21478.1
2025-02-20,21395.5,21484.6,21350.9,21444.2
2025-02-21,21298.1,21375.6,21160.9,21262.8
2025-02-24,21303.5,21359.6,21174,21345.7
2025-02-25,21416.7,21429.9,21289.1,21356.4
2025-02-26,21169.8,21246.7,21107.2,21154.9
2025-02-27,21207.8,21207.9,20931.3,21002.8
2025-02-28,20999.2,21046.3,20784.3,20861.6
2025-03-03,20917.8,20972,20867.4,20927.7
2025-03-04,21116.5,21255,21024.9,21217.8
2025-03-05,21149.1,21212.2,21090.1,21177.2
2025-03-06,21116.3,21193.8,20953.3,20984.5
2025-03-07,21089.4,21151.3,20993,21124.9
2025-03-10,21111.3,21180.5,21053.1,21133.8
2025-03-11,20943,21068.2,20906.8,21064.2
2025-03-12,21074,21187.8,21044.9,21121.8
2025-03-13,21266.6,21366.3,21245.7,21354.5
2025-03-14,21647.2,21710.9,21567.7,21704.5
2025-03-17,21615.4,21691.2,21592.7,21684
2025-03-18,21690.1,21880.4,21681.8,21824.8
2025-03-19,21916.7,22044.2,21885.4,21928
2025-03-20,22053.4,22127.6,22008.2,22032.3
2025-03-21,22102.5,22102.5,21932.2,21992.9
2025-03-24,21927.7,22005.6,21886.8,21957.9
2025-03-25,21863.1,21972.7,21862,21972.7
2025-03-26,21955.2,22050.2,21920,21955.1
2025-03-27,22002.1,22123.4,21987.4,22121
2025-03-28,22205.1,22441.9,22205.1,22348.6
2025-03-31,22453.8,22707.9,22340.9,22620.6
2025-04-01,22680.6,22919.6,22678.3,22795.6
2025-04-02,22674.9,22825.9,22638.4,22784.9
2025-04-03,23174.6,23174.6,22790.9,22829.2
2025-04-04,22650.2,22672.1,22332,22440.2
2025-04-07,21941.7,22369.9,21730.9,22165.9
2025-04-08,21900.9,22145.3,21887.3,22128.3
2025-04-09,22026.6,22522.9,21997.1,22474.6
2025-04-10,22717.6,23040.3,22691,22905.6
2025-04-11,23289.4,23639.6,23261.3,23587.9
2025-04-14,23487.9,23711.7,23447.2,23575.9
2025-04-15,23484.6,23653.3,23479.6,23599.5
2025-04-16,23839.9,24311.4,23821.8,24151.3
2025-04-17,24460,24528.6,24184,24255.4
2025-04-21,24447.4,24763.2,24442.2,24741.2
2025-04-22,25037.6,25592.6,24893.4,25296.9
2025-04-23,24354.1,24745.6,24016.2,24210.6
2025-04-24,24180.1,24563.6,24161.4,24323.8
2025-04-25,24433.5,24529.7,23961.4,24009.7
2025-04-28,24100.1,24179.4,23853.7,23896.2
2025-04-29,24304.1,24339.9,24039,24075.3
2025-04-30,24107.4,24184.7,23792.5,23792.9
2025-05-01,23787.8,23823.7,23398.8,23411.4
2025-05-02,23564.6,23639,23463.4,23606.5
2025-05-05,23412.8,23826.5,23387.6,23823.7
2025-05-06,24012.3,24487.3,23970.9,24402.4
2025-05-07,24454.4,24550.8,24205.9,24336.8
2025-05-08,24388.1,24692.5,24040.8,24112.6
2025-05-09,24018.6,24138.6,23744.4,24071.6
2025-05-12,23772.6,23775.5,23174.9,23190.5
2025-05-13,23299.1,23466.8,23098.5,23407.8
2025-05-14,23408.5,23420.5,23238.3,23264.1
2025-05-15,22956.3,23014.3,22503.6,22817.4
2025-05-16,23342,23372.5,23023.8,23118.3
2025-05-19,23327,23424.2,23145.2,23373.3
2025-05-20,23260,23388.6,23155.1,23366.4
2025-05-21,23727.2,23921.3,23720.9,23877.1
2025-05-22,23918.2,24094.4,23812,23830.2
2025-05-23,23769.4,23986.9,23673.9,23888.2
2025-05-26,24000.2,24054,23874.8,23898.3
2025-05-27,23999.3,24043.3,23680.5,23723.1
2025-05-28,23797,23904.3,23692.1,23891.7
2025-05-29,23463.6,23643.6,23389.9,23602.7
2025-05-30,23833.4,23860.2,23655,23728.8
2025-06-02,23860.7,24203.2,23802.3,24144.9
2025-06-03,24408.8,24408.8,24115.8,24130.7
2025-06-04,24151.3,24236.6,24075.7,24177.5
2025-06-05,24228.3,24341.1,24131.6,24333.5
2025-06-06,24129.2,24235.7,24084.1,24123.3
2025-06-09,23840.3,23909.2,23662,23838.3
2025-06-10,23884.5,23969.7,23720.6,23929.1
2025-06-11,23910.8,24066.2,23899.4,23961.6
2025-06-12,24211.5,24290.4,23997.5,24170.1
2025-06-13,24334.3,24731.3,24334.3,24618.4
2025-06-16,24739.5,24808.8,24489.3,24506.9
2025-06-17,24427.3,24452.7,24233.3,24331.6
2025-06-18,24353.6,24436.6,24234.2,24290.3
2025-06-19,24287.9,24377.7,24087.6,24226.9
2025-06-20,24204.2,24212.3,23997.2,24101
2025-06-23,24218.5,24229.9,24061.2,24213.8
2025-06-24,23987,24095.5,23793.6,23813.1
2025-06-25,23828.3,23928.5,23816.5,23855.4
2025-06-26,23924,24001.7,23862.6,23947.5
2025-06-27,23783.6,23815.3,23522.9,23546.4
2025-06-30,23403,23611.9,23370.9,23553.1
2025-07-01,23695.8,23960.9,23689,23945.6
2025-07-02,23897,23961.4,23838.8,23961.4
2025-07-03,23978,24087.3,23928.3,23944.3
2025-07-04,23872.4,23960.2,23831.4,23888.6
2025-07-07,23840.2,23846.7,23682.1,23747.1
2025-07-08,23928.5,23948.7,23831.4,23843.9
2025-07-09,23737.8,23765.9,23590.1,23637
2025-07-10,23829.3,23909.9,23807.6,23876.5
2025-07-11,23868.4,23979.9,23867.5,23947.7
2025-07-14,24148.6,24195.1,24052,24168.7
2025-07-15,23999.1,24149.6,23989.8,24129.9
2025-07-16,23925.4,24007.4,23889.5,23985.8
2025-07-17,24029.5,24029.8,23883.7,23901.3
2025-07-18,23993.8,24092.8,23941,24069.9
2025-07-21,24039,24198.6,24037.8,24168.8
2025-07-22,24342.1,24368.2,24278.4,24304.9
2025-07-23,24588.5,24657.9,24473.5,24561
2025-07-24,24245.9,24264,24052.8,24065.1
2025-07-25,24099.9,24131.5,23970.5,23984.8
2025-07-28,23895,23981.5,23849.2,23955
2025-07-29,23790.5,23905.1,23762.2,23867.6
2025-07-30,23893.8,23957.1,23837.9,23937.9
2025-07-31,23684.8,23866.3,23654.2,23829.1
2025-08-01,23716.1,23816.3,23690.6,23797.9
2025-08-04,24161.7,24161.7,24061.7,24108.8
2025-08-05,24250.8,24287.9,24154.1,24157.7
2025-08-06,24322.6,24337.3,24157.5,24168.2
2025-08-07,24194.6,24392.7,24175.9,24244.8
2025-08-08,24417.5,24456.8,24296.5,24445.7
2025-08-11,24375.4,24383.4,24105,24105.9
2025-08-12,24090,24163.7,24049.9,24073.5
2025-08-13,24073.7,24164.5,24017.1,24153.2
2025-08-14,24159.1,24227.1,23979.7,24076.5
2025-08-15,23955.3,24068.2,23933.2,24011.5
2025-08-18,23927.7,24120,23916.4,24047.2
2025-08-19,23923.1,24014.6,23908,23994.2
2025-08-20,23829.7,23906,23812.4,23881.3
2025-08-21,24031.1,24031.7,23939.3,23995.8
2025-08-22,23977.8,23995.4,23890.6,23920.9
2025-08-25,24162.6,24162.6,24060.2,24114.3
2025-08-26,24007,24212.1,23992,24157.5
2025-08-27,24257.1,24278.3,24142.4,24199.9
2025-08-28,24278.8,24293,24204.2,24226.2
2025-08-29,24314.9,24341,24275.8,24293.8
2025-09-01,24544.5,24864.7,24494.5,24734.8
2025-09-02,24810.5,25037.7,24808,24838
2025-09-03,25198.4,25323.6,25189.9,25256
2025-09-04,25405.2,25443.9,25084.3,25271.9
2025-09-05,25365.9,25398.3,25295.3,25350.3
2025-09-08,25583.8,25781.3,25534.6,25759.3
2025-09-09,25896.4,26048.9,25877.4,26001.2
2025-09-10,25881.7,26023.4,25805.4,26022.7
2025-09-11,25948.9,25965.4,25749.6,25794.3
2025-09-12,25839.4,26026.4,25828.2,25973.8
2025-09-15,25918.1,25973.1,25832.1,25934.5
2025-09-16,26186,26301.8,26156.6,26301.8
2025-09-17,26237.2,26245.6,26018,26042.3
2025-09-18,26040.4,26092.1,25834.7,26076
2025-09-19,25883.4,26031,25848.2,26025.4
2025-09-22,26247.1,26519.7,26222.7,26497
2025-09-23,26672.2,26962.6,26600.5,26917.8
2025-09-24,26762.9,26921.6,26700.1,26859.5
2025-09-25,26704.9,26823.9,26602.9,26793.8
2025-09-26,26769,26819.6,26675.1,26804
2025-09-29,26883.8,27206.5,26866.1,27131.1
2025-09-30,27307.1,27606.9,27034.6,27079.3
2025-10-01,27544.9,27754.4,27484.6,27718.7
2025-10-02,27521.8,27656.2,27472.6,27651.7
2025-10-03,27543.7,27577.3,27399.5,27567.4
2025-10-06,27909.1,28235,27851.7,28164.4
2025-10-07,28337,28411.4,28146.7,28274.7
2025-10-08,28557.3,28965,28482.5,28954.5
2025-10-09,28670.8,28834.2,28571.7,28795.9
2025-10-10,28464.7,28560.1,28144.8,28484.1
2025-10-13,28819,29131.3,28732.9,29095.2
2025-10-14,29465.4,29855,29221.6,29492.5
2025-10-15,29703.4,30067.1,29667.7,29897.4
2025-10-16,30012,30236.3,29973.9,30236.3
2025-10-17,31095.5,31193.5,30486.7,30944.1
2025-10-20,30207.3,30430.4,30067.7,30350
2025-10-21,31044.7,31137.1,30247.1,30373.6
2025-10-22,29100.9,29650.8,28539.6,29001.9
2025-10-23,29107.4,29485.3,28988.6,29384.2
2025-10-24,29349,29525.5,28848.8,28925.4
2025-10-27,28947.4,29141.3,28614.6,28690.2
2025-10-28,28418.4,28565.4,27593.9,27714.5
2025-10-29,28125.5,28604.4,28007.7,28570
2025-10-30,28066,28518.1,27779.2,28426.6
2025-10-31,28689.4,28713.6,28367,28527.4
2025-11-03,28362.4,28684.3,28223.7,28526.6
2025-11-04,28478,28507.6,28283.1,28421.9
2025-11-05,28075.1,28426,28043.4,28320.7
2025-11-06,28318.1,28620.2,28262.9,28569.8
2025-11-07,28401.8,28604.4,28381.5,28556
2025-11-10,28595.3,29106.4,28577.5,29050
2025-11-11,29328.4,29558.7,29315.4,29500.6
2025-11-12,29486,29521.7,29193.5,29364.3
2025-11-13,29794.7,30085.6,29740,30050.8
2025-11-14,29698,29880.3,29534.8,29591.4
2025-11-17,29073,29133.7,28777.5,29024.9
2025-11-18,28681.3,28786,28453.1,28739.9
2025-11-19,28966.8,29274.5,28854.1,29262.4
2025-11-20,29233.5,29248,28756.3,28927.9
2025-11-21,29018.1,29045,28629.1,28814.8
2025-11-24,28947.7,28957.5,28716.4,28954.6
2025-11-25,29413.5,29483.6,29154.5,29263.7
2025-11-26,29291.4,29521.5,29284.7,29470.8
2025-11-27,29432.4,29499.8,29316.5,29447
2025-11-28,29456.8,29681.8,29351.7,29471.6
2025-12-01,29858.5,30091.3,29820,30040.9
2025-12-02,29887.3,29918,29554.5,29621.7
2025-12-03,29736.3,29860.4,29631.3,29660
2025-12-04,29681.3,29785.2,29500.1,29676.8
2025-12-05,29738.6,29891.5,29657.6,29862.4
2025-12-08,29704.5,29814.6,29665.8,29742.7
2025-12-09,29658.4,29755.5,29485.2,29686.7
2025-12-10,29744.9,29793.7,29613.9,29617.4
2025-12-11,29875.6,29982.6,29691.4,29764.1
2025-12-12,30159.7,30473.4,30071.3,30448.4
2025-12-15,30353.3,30642.4,30335.3,30583.6
2025-12-16,30316.9,30401,30072.9,30128.2
2025-12-17,30312.9,30565.2,30311.9,30397
2025-12-18,30547.8,30568.2,30393.5,30413.9
2025-12-19,30488.6,30496.2,30317.5,30466.5
2025-12-22,30671.3,31093.7,30646,31029.7
2025-12-23,31352.3,31596.2,31346.8,31513.8
2025-12-24,31598.5,31751.2,31371.6,31480.9
2025-12-26,31476.5,31736,31456.1,31614.5
2025-12-29,31690.2,31696.3,31153.1,31307.2
2025-12-30,30389.1,30622.9,30272.5,30536.2
2025-12-31,30356.2,30555.4,29858.4,30218.5
2026-01-02,30324.2,30655.2,30280.7,30560.4
2026-01-05,30510,30974.3,30483.2,30960.2
2026-01-06,30994.7,31229.6,30921.9,31051.4
2026-01-07,31372.5,31381.3,31028.2,31187
2026-01-08,31210.6,31223,30831.2,30948
2026-01-09,31246,31257.6,31065.9,31225.3
2026-01-12,31653,32065.2,31652.5,31996.6
2026-01-13,32058.7,32080.7,31896.9,31977.4
2026-01-14,32070.7,32365.9,32069.2,32262.2
2026-01-15,32157.8,32191.3,31924.2,32113.6
2026-01-16,32095.6,32151.3,31974.2,32057.1
2026-01-19,32505,32579.8,32389.8,32477.8
2026-01-20,32460,32940.6,32418,32903.4
2026-01-21,33199.3,34030.8,33185.2,33839.6
2026-01-22,33310.7,33678.3,33213.3,33599.3
2026-01-23,34532,34595,34109,34254.5
2026-01-26,34999.9,35535.9,34947.3,35330.6
2026-01-27,35051,35467.4,34861.5,35428
2026-01-28,35853.8,36861.8,35793.3,36645.4
2026-01-29,38090.8,38846.9,37828.4,38238.6
2026-01-30,37731.9,37863.7,34372.1,34971.8
2026-02-02,33141.3,33981.5,30614.6,32753.2
2026-02-03,33185.6,34286.2,32921,34126.1
2026-02-04,34339.5,35307.3,34307.1,35125.1
2026-02-05,34788.5,34834.6,33283.4,33763.8
2026-02-06,32628.9,34008.9,32320.3,33778.4
2026-02-09,34851.8,34960.5,34452.4,34654.1
2026-02-10,34874.2,34980.4,34624.8,34893.5
2026-02-11,34859.7,35040.1,34769.8,34988.8
2026-02-12,34938.4,35040.9,34827.7,34973.8
2026-02-13,33924.3,34491.9,33920.6,34315.5
2026-02-16,34636.1,34728.4,34223.2,34532.5
2026-02-17,34354.5,34360.2,33530.3,33889
2026-02-18,33494.8,34017.3,33460,33858.6
2026-02-19,34241.9,34646.2,34184.6,34449.4
2026-02-20,34418.4,34800.7,34390,34704.4
2026-02-23,35451.1,35650.7,35264.3,35459.7
2026-02-24,36049.2,36079,35490.2,35561.6
2026-02-25,35427.1,35781.5,35341.7,35670.1
2026-02-26,35376.2,35631.7,35325.5,35459.5
2026-02-27,35456.1,35634.1,35421.8,35493.1
2026-03-02,37022.3,37292.7,36432.5,37084.7
2026-03-03,36812.2,37035.6,36092.7,36414.6
2026-03-04,35428,35944.9,35332.5,35803.1
2026-03-05,35587.9,35784.3,35357.2,35553.1
2026-03-06,35126.6,35528,35032.8,35168.2
2026-03-09,35130.1,35564.3,34738.1,35365.6
2026-03-10,35363.8,35714.5,35333.1,35634.8
2026-03-11,35745.8,35881.7,35569.2,35657.1
2026-03-12,35298.1,35681.1,35287.8,35656.3
2026-03-13,35107.5,35302.6,34960,35104.1
2026-03-16,34576.6,34752.9,34308.5,34315.1
2026-03-17,34547.9,34728.9,34407.2,34519.3
2026-03-18,34439.7,34526.2,34233.5,34306.1
2026-03-19,33387.8,33562.3,32370.8,32443.9
2026-03-20,31980.2,32662.6,31938.8,32147.5
2026-03-23,30844.8,30844.8,28346.7,29413.4
2026-03-24,30565.7,30574.7,29720.5,30510.6
2026-03-25,31304.7,31717.8,31269.1,31443.1
2026-03-26,31124.7,31373.8,30504.2,30573.2
2026-03-27,30498.3,30952.5,30283.3,30628.1
2026-03-30,30719,31446.6,30600.6,31349.2
2026-03-31,31234.7,31907.1,31024.2,31518
2026-04-01,32356.7,32644.9,32157,32477.4
2026-04-02,32875.9,32998.9,31393.7,31867.2
2026-04-03,32194.3,32200.3,32166.9,32194.1
2026-04-06,31761.4,32357.7,31695,32287.4
2026-04-07,31991.2,32190.6,31777.7,32032.4
2026-04-08,33041.4,33189.4,32621,32669.9
2026-04-09,32192.5,32370.1,32126.2,32347
2026-04-10,32489.5,32634.3,32333.5,32443.7
2026-04-13,31920.9,32388.7,31912.4,32204.5
2026-04-14,32408.9,32664.2,32398.7,32571.2
2026-04-15,32923.8,33174.3,32655.9,32718.6
2026-04-16,32917.8,32973.4,32776.7,32840.3
2026-04-17,32676.9,32803.6,32532.8,32684.3
2026-04-20,32415.1,32824.3,32395.7,32665.1
2026-04-21,32883.3,32920.1,32524.6,32612
2026-04-22,32369.8,32557.6,32327.1,32468.3
2026-04-23,32252.1,32450.3,32076,32124.3
2026-04-24,32115.4,32194.7,31852.9,32029.7
2026-04-27,31990.5,32295.7,31947.7,32089.5
2026-04-28,32044.6,32083,31485.3,31519.6
2026-04-29,31453.3,31513.3,31123.3,31160
2026-04-30,31228.5,31645.2,31081.7,31609.1
2026-05-01,31603.8,31660.1,31174.9,31187.1
2026-05-04,31490.6,31527.4,31199.9,31207.6
2026-05-05,30874.2,31157,30849.5,31132.1
2026-05-06,31356.3,32064.3,31311.6,32022.6
2026-05-07,32005.2,32316.9,31920.3,32137.7
2026-05-08,32029.1,32198.3,31955.8,32053.2
2026-05-11,31818.6,31964.7,31581.7,31653.5
2026-05-12,32349.7,32423,31858.9,31931
2026-05-13,32042.3,32092.2,31816,31904.6
2026-05-14,31886.2,32016.6,31678.8,31883.6
2026-05-15,31555.1,31618.6,30881.5,30968.2
2026-05-18,30921.4,31030.4,30553.1,30912.2
2026-05-19,31190.5,31200.6,30835.9,30922.3
2026-05-20,30576,30722,30356.8,30534.9
2026-05-21,30932.5,31064.1,30714.3,30814.4
2026-05-22,30811.5,30878.7,30657.7,30806.8
2026-05-25,31032.5,31078.1,30868.3,30999.4
2026-05-26,30913.5,30921.9,30623.1,30694.2
2026-05-27,30675.8,30697.5,30360.9,30442
2026-05-28,30165,30219.2,29637.2,29791
2026-05-29,30446.2,30717.3,30426.6,30650.3
2026-06-01,30699.5,30743.7,30371.4,30424.9
2026-06-02,30331.9,30695.2,30197.3,30636.3
2026-06-03,30295.7,30410.1,30069.3,30080.7
2026-06-04,30235.7,30385.2,30116.3,30282
2026-06-05,30230.1,30294,30010.4,30207.6
2026-06-08,29490.5,29549.2,28982.5,29132.7
2026-06-09,29288.5,29479.9,29268.7,29339.3
2026-06-10,28625.7,28651.8,28213.8,28271.1
2026-06-11,27504.2,27917.5,27374.4,27746.2
2026-06-12,28521.1,28612.4,28209.1,28534.8
2026-06-15,29023.2,29367.9,28973.6,29310.9
2026-06-16,29180.9,29382.1,29114.4,29359.4
2026-06-17,29251.5,29377.5,29174.6,29255.3
2026-06-18,28993.7,29306.6,28841.5,28904.8
2026-06-19,28417.4,28445.8,28020,28261.5
2026-06-22,28129.4,28593.4,28095.5,28523.1
2026-06-23,28390.7,28445.5,27779.9,28025.5
2026-06-24,27848.3,27931.2,27541.6,27690.5
